dossier,fichier_xml,ancien_id,nouveau_id,statut,message
Peinture,Agucchi_TrattatoPittura.xml,PalaisFarneseRome,MichelAngePalaisFarneseRome,remplacé,
Peinture,Agucchi_TrattatoPittura.xml,PalaisFarneseRome,MichelAngePalaisFarneseRome,remplacé,
Peinture,Agucchi_TrattatoPittura.xml,PalaisFarneseRome,MichelAngePalaisFarneseRome,remplacé,
Peinture,Agucchi_TrattatoPittura.xml,PalaisFarneseRome,MichelAngePalaisFarneseRome,remplacé,
Peinture,Alberti_DellaPittura.xml,PortiquePompeeRome,PortiqueDePompeeRome,remplacé,
Peinture,Bartoli_RagionamentiAccademiciATIR.xml,PalaisRicasoliFlorence,PalaisScaliRicasoliFlorence,remplacé,
Peinture,Bartoli_RagionamentiAccademiciATIR.xml,PalaisRicasoliFlorence,PalaisScaliRicasoliFlorence,remplacé,
Peinture,Bartoli_RagionamentiAccademiciATIR.xml,PalaisRicasoliFlorence,PalaisScaliRicasoliFlorence,remplacé,
Peinture,Bartoli_RagionamentiAccademiciATIR.xml,MonastereSantAgataFlorence,AlessandroAlloriMonastereSantAgataFlorence,remplacé,
Peinture,Bartoli_RagionamentiAccademiciATIR.xml,PalaisRicasoliFlorence,PalaisScaliRicasoliFlorence,remplacé,
Peinture,Bartoli_RagionamentiAccademiciATIR.xml,PalaisRicasoliFlorence,PalaisScaliRicasoliFlorence,remplacé,
Peinture,Bartoli_RagionamentiAccademiciATIR.xml,MursdeFlorence,AntonioDaSangalloIlGiovaneBernardoBuontalentiArnolfoDiCambioMursDeFlorence,remplacé,
Peinture,Bartoli_RagionamentiAccademiciATIR.xml,PalaisRicasoliFlorence,PalaisScaliRicasoliFlorence,remplacé,
Peinture,Bartoli_RagionamentiAccademiciATIR.xml,PalaisRicasoliFlorence,PalaisScaliRicasoliFlorence,remplacé,
Peinture,Bartoli_RagionamentiAccademiciATIR.xml,PalaisRicasoliFlorence,PalaisScaliRicasoliFlorence,remplacé,
Peinture,Bartoli_RagionamentiAccademiciATIR.xml,PalaisRicasoliFlorence,PalaisScaliRicasoliFlorence,remplacé,
Peinture,Bartoli_RagionamentiAccademiciATIR.xml,PalaisRicasoliFlorence,PalaisScaliRicasoliFlorence,remplacé,
Peinture,Bartoli_RagionamentiAccademiciATIR.xml,PalaisRicasoliFlorence,PalaisScaliRicasoliFlorence,remplacé,
Peinture,Bartoli_RagionamentiAccademiciATIR.xml,PalaisRicasoliFlorence,PalaisScaliRicasoliFlorence,remplacé,
Peinture,Bartoli_RagionamentiAccademiciATIR.xml,MursdeFlorence,AntonioDaSangalloIlGiovaneBernardoBuontalentiArnolfoDiCambioMursDeFlorence,remplacé,
Peinture,Bartoli_RagionamentiAccademiciATIR.xml,PalaisRicasoliFlorence,PalaisScaliRicasoliFlorence,remplacé,
Peinture,Bartoli_RagionamentiAccademiciATIR.xml,PalaisMediciFlorence,MichelozzoPalaisMedicisFlorence,remplacé,
Peinture,Bartoli_RagionamentiAccademiciATIR.xml,PalaisMediciFlorence,MichelozzoPalaisMedicisFlorence,remplacé,
Peinture,Bartoli_RagionamentiAccademiciATIR.xml,PalaisRicasoliFlorence,PalaisScaliRicasoliFlorence,remplacé,
Peinture,Bartoli_RagionamentiAccademiciATIR.xml,PalaisRicasoliFlorence,PalaisScaliRicasoliFlorence,remplacé,
Peinture,Bartoli_RagionamentiAccademiciATIR.xml,PalaisRicasoliFlorence,PalaisScaliRicasoliFlorence,remplacé,
Peinture,Bartoli_RagionamentiAccademiciATIR.xml,HopitalInnocentiFlorence,BrunelleschiHopitalInnocentiFlorence,remplacé,
Peinture,Bartoli_RagionamentiAccademiciATIR.xml,PalaisRicasoliFlorence,PalaisScaliRicasoliFlorence,remplacé,
Peinture,Bartoli_RagionamentiAccademiciATIR.xml,PalaisRicasoliFlorence,PalaisScaliRicasoliFlorence,remplacé,
Peinture,Bartoli_RagionamentiAccademiciATIR.xml,PalaisRicasoliFlorence,PalaisScaliRicasoliFlorence,remplacé,
Peinture,Bartoli_RagionamentiAccademiciATIR.xml,MursdeFlorence,AntonioDaSangalloIlGiovaneBernardoBuontalentiArnolfoDiCambioMursDeFlorence,remplacé,
Peinture,Bartoli_RagionamentiAccademiciATIR.xml,FontaineNeptuneFlorence,BartolomeoAmmannatiFontaineNeptuneFlorence,remplacé,
Peinture,Bartoli_RagionamentiAccademiciATIR.xml,BasiliqueSantissimaAnnunziataFlorence,LeonBattistaAlbertiMichelozzoBasiliqueSantissimaAnnunziataFlorence,remplacé,
Peinture,Bartoli_RagionamentiAccademiciATIR.xml,TombeauMarioNari,BartolomeoAmmannatiTombeauMarioNariBargello,remplacé,
Peinture,Bartoli_RagionamentiAccademiciATIR.xml,EgliseSanPietroinMontorio,BaccioPontelliEgliseSanPietroInMontorio,remplacé,
Peinture,Bartoli_RagionamentiAccademiciATIR.xml,TombeauDelMonte,BartolomeoAmmannatiTombeauDelMonteSanPietroInMontorioRome,remplacé,
Peinture,Bartoli_RagionamentiAccademiciATIR.xml,SculptureVenusRicasoli,SantiGucciSculptureVenusJardinsRicasoli,remplacé,
Peinture,Bartoli_RagionamentiAccademiciATIR.xml,HopitalInnocentiFlorence,BrunelleschiHopitalInnocentiFlorence,remplacé,
Peinture,Bartoli_RagionamentiAccademiciATIR.xml,MursdeFlorence,AntonioDaSangalloIlGiovaneBernardoBuontalentiArnolfoDiCambioMursDeFlorence,remplacé,
Peinture,Bartoli_RagionamentiAccademiciATIR.xml,MursdeFlorence,AntonioDaSangalloIlGiovaneBernardoBuontalentiArnolfoDiCambioMursDeFlorence,remplacé,
Peinture,Bartoli_RagionamentiAccademiciATIR.xml,PalaisRicasoliCarraia,PalaisRicasoliPonteAllaCarraiaFlorence,remplacé,
Peinture,Bartoli_RagionamentiAccademiciATIR.xml,FontaineNeptuneFlorence,BartolomeoAmmannatiFontaineNeptuneFlorence,remplacé,
Peinture,Bartoli_RagionamentiAccademiciATIR.xml,TriompheDuBonheurBartoli,CosimoBartoliTriompheDuBonheur,remplacé,
Peinture,Bartoli_RagionamentiAccademiciATIR.xml,TempleSante,TempleSanteRome,remplacé,
Peinture,Bartoli_RagionamentiAccademiciATIR.xml,TempleArtemisEphese,MetagenesTheodoreDeSamosChersiphronTempleArtemisEphese,remplacé,
Peinture,Bartoli_RagionamentiAccademiciATIR.xml,TriompheDuBonheurBartoli,CosimoBartoliTriompheDuBonheur,remplacé,
Peinture,Bartoli_RagionamentiAccademiciATIR.xml,TriompheDuBonheurBartoli,CosimoBartoliTriompheDuBonheur,remplacé,
Peinture,Daret_VieRaphael.xml,RaphaelPalaOddi,RaphaelPalaOddiVatican,remplacé,
Peinture,Daret_VieRaphael.xml,RaphaelPalaOddi,RaphaelPalaOddiVatican,remplacé,
Peinture,Daret_VieRaphael.xml,RaphaelAnnonciationOddi,RaphaelAnnonciationPalaOddiVatican,remplacé,
Peinture,Daret_VieRaphael.xml,RaphaelAdorationMagesOddi,RaphaelAdorationMagesPalaOddiVatican,remplacé,
Peinture,Daret_VieRaphael.xml,RaphaelPresentationTempleOddi,RaphaelPresentationTemplePredellePalaOddiVatican,remplacé,
Peinture,Daret_VieRaphael.xml,RaphaelPalaGavari,RaphaelPalaGavariNGLondres,remplacé,
Peinture,Daret_VieRaphael.xml,LibreriaPiccolomini,LorenzoDiMarianoLibreriaPiccolominiSienne,remplacé,
Peinture,Daret_VieRaphael.xml,LeonardAnghiari,LeonardoDaVinciBatailleDAnghiari,remplacé,
Peinture,Daret_VieRaphael.xml,MichelAngeCascina,MichelAngeBatailleCascina,remplacé,
Peinture,Daret_VieRaphael.xml,RaphaelMadonnaPrato,RaphaelMadonnaPratoGemaldegalerieKunsthistorischesMuseumVienne,remplacé,
Peinture,Daret_VieRaphael.xml,RaphaelSainteFamillePalmier,RaphaelSainteFamillePalmierNGScotlandEdimbourg,remplacé,
Peinture,Daret_VieRaphael.xml,RaphaelMadonnaCardellino,RaphaelMadonnaCardellinoOfficesFlorence,remplacé,
Peinture,Daret_VieRaphael.xml,RaphaelMadonnaOrleans,RaphaelMadonnaOrleansMuseeCondeChantilly,remplacé,
Peinture,Daret_VieRaphael.xml,RaphaelPalaAnsidei,RaphaelPalaAnsideiNGLondres,remplacé,
Peinture,Daret_VieRaphael.xml,PerugiaSanSevero,GiovanFrancescoDiSangroAlessandroDiSangroChapelleSanSeveroPerouse,remplacé,
Peinture,Daret_VieRaphael.xml,PeruginRaphaelTrinita,PeruginRaphaelTriniteSanSeveroPerouse,remplacé,
Peinture,Daret_VieRaphael.xml,RaphaelViergeEnfantSaintsPalaColonna,RaphaelViergeEnfantSaintsPalaColonnaMET,remplacé,
Peinture,Daret_VieRaphael.xml,RaphaelLunetteDieuPalaColonna,RaphaelLunetteDieuPalaColonnaMET,remplacé,
Peinture,Daret_VieRaphael.xml,RaphaelChristJardinOliviersPalaColonna,RaphaelChristJardinOliviersPalaColonnaMET,remplacé,
Peinture,Daret_VieRaphael.xml,RaphaelCalvairePalaColonna,RaphaelCalvairePalaColonnaNGLondres,remplacé,
Peinture,Daret_VieRaphael.xml,RaphaelPietaPalaColonna,RaphaelPietaPredellePalaColonnaIsabellaStewartGardnerMuseumBoston,remplacé,
Peinture,Daret_VieRaphael.xml,RaphaelDepositionBorghese,RaphaelDepositionBorgheseRetableBaglioni,remplacé,
Peinture,Daret_VieRaphael.xml,RaphaelAgnoloDoni,RaphaelPortraitAgnoloDoniOfficesFlorence,remplacé,
Peinture,Daret_VieRaphael.xml,RaphaelMaddalenaDoni,RaphaelMaddalenaDoniGalleriaPalatinaRome,remplacé,
Peinture,Daret_VieRaphael.xml,RaphaelSainteFamilleCanigiani,RaphaelSainteFamilleCanigianiAltePinakothekMunich,remplacé,
Peinture,Daret_VieRaphael.xml,RaphaelDepositionBorghese,RaphaelDepositionBorgheseRetableBaglioni,remplacé,
Peinture,Daret_VieRaphael.xml,RaphaelMadoneBaldaquin,RaphaelMadoneBaldaquinOfficesFlorence,remplacé,
Peinture,Daret_VieRaphael.xml,RaphaelBelleJardiniere,RaphaelBelleJardiniereLouvre,remplacé,
Peinture,Daret_VieRaphael.xml,RaphaelChambreSignature,RaphaelChambreSignatureVatican,remplacé,
Peinture,Daret_VieRaphael.xml,RaphaelEcoleAthenes,RaphaelEcoleAthenesVatican,remplacé,
Peinture,Daret_VieRaphael.xml,RaphaelParnasse,RaphaelParnasseLouvre,remplacé,
Peinture,Daret_VieRaphael.xml,RaphaelDisputeSacrement,RaphaelDisputeSaintSacrementVatican,remplacé,
Peinture,Daret_VieRaphael.xml,RaphaelJulesII,RaphaelPortraitJulesIINGLondres,remplacé,
Peinture,Daret_VieRaphael.xml,BasiliqueSantaMariaDelPopolo,AndreaBregnoGiovanninoDeDolciBasiliqueSantaMariaDelPopoloRome,remplacé,
Peinture,Daret_VieRaphael.xml,RaphaelViergeLorette,RaphaelViergeLoretteMuseeCondeChantilly,remplacé,
Peinture,Daret_VieRaphael.xml,ChapelleSixtine,ChapelleSixtineVatican,remplacé,
Peinture,Daret_VieRaphael.xml,BasiliqueSaintAugustinRome,BaccioPontelliBasiliqueSaintAugustinRome,remplacé,
Peinture,Daret_VieRaphael.xml,ChapelleSixtine,ChapelleSixtineVatican,remplacé,
Peinture,Daret_VieRaphael.xml,RaphaelGalatee,RaphaelGalateeFarnesina,remplacé,
Peinture,Daret_VieRaphael.xml,RaphaelSibyllesProphetesChigi,RaphaelSibyllesProphetesChigiSantaMariaDellaPaceRome,remplacé,
Peinture,Daret_VieRaphael.xml,EgliseSainteMariePaixRome,BramantePierreDeCortoneEgliseSainteMariePaixRome,remplacé,
Peinture,Daret_VieRaphael.xml,RaphaelSibyllesProphetesChigi,RaphaelSibyllesProphetesChigiSantaMariaDellaPaceRome,remplacé,
Peinture,Daret_VieRaphael.xml,ChapelleSixtine,ChapelleSixtineVatican,remplacé,
Peinture,Daret_VieRaphael.xml,ChapelleSixtine,ChapelleSixtineVatican,remplacé,
Peinture,Daret_VieRaphael.xml,RaphaelViergeFoligno,RaphaelViergeFolignoVatican,remplacé,
Peinture,Daret_VieRaphael.xml,RaphaelMesseBolsena,RaphaelMesseBolsenaVatican,remplacé,
Peinture,Daret_VieRaphael.xml,RaphaelHeliodore,RaphaelHeliodoreVatican,remplacé,
Peinture,Daret_VieRaphael.xml,RaphaelHeliodore,RaphaelHeliodoreVatican,remplacé,
Peinture,Daret_VieRaphael.xml,RaphaelChambreHeliodore,RaphaelChambreHeliodoreVatican,remplacé,
Peinture,Daret_VieRaphael.xml,RaphaelLeonAttila,RaphaelLeonIerAttilaVatican,remplacé,
Peinture,Daret_VieRaphael.xml,RaphaelMadonnaPesce,RaphaelMadonnaPescePrado,remplacé,
Peinture,Daret_VieRaphael.xml,SanDomenicoMaggioreNaples,PierreDAngicourtPierreDeChaulEgliseSanDomenicoMaggioreNaples,remplacé,
Peinture,Daret_VieRaphael.xml,RaphaelMadoneAmourDivin,RaphaelGiovanniFrancescoPenniMadoneAmourDivinCapodimonte,remplacé,
Peinture,Daret_VieRaphael.xml,RaphaelSainteCecile,RaphaelSainteCecilePinacothequeBologne,remplacé,
Peinture,Daret_VieRaphael.xml,RaphaelEzechiel,RaphaelEzechielGalleriaPalatinaFlorence,remplacé,
Peinture,Daret_VieRaphael.xml,RaphaelLaPerla,RaphaelLaPerlaPrado,remplacé,
Peinture,Daret_VieRaphael.xml,RaphaelBindoAltoviti,RaphaelPortraitBindoAltovitiNGWashington,remplacé,
Peinture,Daret_VieRaphael.xml,RaphaelViergeImpannata,RaphaelViergeImpannataGalleriaPalatinaFlorence,remplacé,
Peinture,Daret_VieRaphael.xml,RaphaelLeonX,RaphaelPortraitLeonXOfficesFlorence,remplacé,
Peinture,Daret_VieRaphael.xml,RaphaelLorenzoMedici,RaphaelPortraitLorenzoMedici,remplacé,
Peinture,Daret_VieRaphael.xml,RaphaelJGiulianoMedici,RaphaelPortraitGiulianoMediciMET,remplacé,
Peinture,Daret_VieRaphael.xml,RaphaelEtudeOstie,RaphaelEtudeOstieAlbertinaVienne,remplacé,
Peinture,Daret_VieRaphael.xml,RaimondiLucrece,MarcantonioRaimondiLucrece,remplacé,
Peinture,Daret_VieRaphael.xml,RaimondiMassacreInnocents,MarcantonioRaimondiRaphaelMassacreInnocents,remplacé,
Peinture,Daret_VieRaphael.xml,RaimondiCene,MarcantonioRaimondiCene,remplacé,
Peinture,Daret_VieRaphael.xml,RaimondiNeptune,MarcantonioRaimondiRaphaelNeptune,remplacé,
Peinture,Daret_VieRaphael.xml,RaphaelVelata,RaphaelVelataGalleriaPalatinaFlorence,remplacé,
Peinture,Daret_VieRaphael.xml,RaphaelPortementCroix,RaphaelPortementCroixPrado,remplacé,
Peinture,Daret_VieRaphael.xml,RaphaelChambreIncendieBorgo,RaphaelChambreIncendieBorgoVatican,remplacé,
Peinture,Daret_VieRaphael.xml,RaphaelIncendieBorgo,RaphaelIncendieBorgoVatican,remplacé,
Peinture,Daret_VieRaphael.xml,RaphaelBatailleOstie,RaphaelBatailleOstieVatican,remplacé,
Peinture,Daret_VieRaphael.xml,RaphaelSermentLeonIII,RaphaelSermentLeonIIIVatican,remplacé,
Peinture,Daret_VieRaphael.xml,PalazzoBranconioAquilaRome,RaphaelPalaisBranconioAquilaRome,remplacé,
Peinture,Daret_VieRaphael.xml,PalazzoPandolfiniFlorence,RaphaelPalaisPandolfiniFlorence,remplacé,
Peinture,Daret_VieRaphael.xml,RaphaelMadonneSixtine,RaphaelMadonneSixtineGemaldegalerieAlteMeisterDresde,remplacé,
Peinture,Daret_VieRaphael.xml,RaphaelMadonneSixtine,RaphaelMadonneSixtineGemaldegalerieAlteMeisterDresde,remplacé,
Peinture,Daret_VieRaphael.xml,RaphaelSaintMichel,RaphaelSaintMichelLouvre,remplacé,
Peinture,Daret_VieRaphael.xml,VillaFarnesineRome,BaldassarrePeruzziVillaFarnesineRome,remplacé,
Peinture,Daret_VieRaphael.xml,RaphaelMercureFarnesine,RaphaelMercureFarnesina,remplacé,
Peinture,Daret_VieRaphael.xml,RaphaelJupiterAmourFarnesina,RaphaelGiulioRomanoJupiterAmourFarnesina,remplacé,
Peinture,Daret_VieRaphael.xml,RaphaelVenusCharFarnesina,RaphaelGiulioRomanoVenusCharFarnesina,remplacé,
Peinture,Daret_VieRaphael.xml,RaphaelGracesFarnesina,RaphaelGiulioRomanoGracesFarnesina,remplacé,
Peinture,Daret_VieRaphael.xml,RaphaelCartonsTapisseriesApotres,RaphaelCartonsTapisseriesApotresVictoriaAlbertMuseum,remplacé,
Peinture,Daret_VieRaphael.xml,RaphaelTapisseriesSixtine,RaphaelTapisseriesSixtineVatican,remplacé,
Peinture,Daret_VieRaphael.xml,RaphaelSaintJeanBaptisteFlorence,RaphaelSaintJeanBaptisteOfficesFlorence,remplacé,
Peinture,Daret_VieRaphael.xml,RaphaelTransfiguration,RaphaelTransfigurationVatican,remplacé,
Peinture,Daret_VieRaphael.xml,RaphaelTransfiguration,RaphaelTransfigurationVatican,remplacé,
Peinture,Daret_VieRaphael.xml,RaphaelSibyllesProphetesChigi,RaphaelSibyllesProphetesChigiSantaMariaDellaPaceRome,remplacé,
Peinture,Daret_VieRaphael.xml,EgliseSainteMariePaixRome,BramantePierreDeCortoneEgliseSainteMariePaixRome,remplacé,
Peinture,Daret_VieRaphael.xml,ChapelleSixtine,ChapelleSixtineVatican,remplacé,
Peinture,Daret_VieRaphael.xml,RaphaelIncendieBorgo,RaphaelIncendieBorgoVatican,remplacé,
Peinture,Daret_VieRaphael.xml,VillaFarnesineRome,BaldassarrePeruzziVillaFarnesineRome,remplacé,
Peinture,Daret_VieRaphael.xml,RaphaelTransfiguration,RaphaelTransfigurationVatican,remplacé,
Peinture,Daret_VieRaphael.xml,RaphaelChambreIncendieBorgo,RaphaelChambreIncendieBorgoVatican,remplacé,
Peinture,Daret_VieRaphael.xml,VillaFarnesineRome,BaldassarrePeruzziVillaFarnesineRome,remplacé,
Peinture,Daret_VieRaphael.xml,RaphaelSainteFamilleFrancoisIer,RaphaelSainteFamilleFrancoisIerLouvre,remplacé,
Peinture,Daret_VieRaphael.xml,RaphaelRomanoIsabelleRequesens,RaphaelGiulioRomanoPortraitIsabelleRequesensLouvre,remplacé,
Peinture,Daret_VieRaphael.xml,RaphaelBaptemeConstantinVatican,GiovanniFrancescoPenniGiulioRomanoRaphaelBaptemeConstantinVatican,remplacé,
Peinture,Daret_VieRaphael.xml,RaphaelDonationConstantinVatican,GiovanniFrancescoPenniGiulioRomanoRaphaelDonationConstantinVatican,remplacé,
Peinture,Daret_VieRaphael.xml,RaphaelTapisseriesSixtine,RaphaelTapisseriesSixtineVatican,remplacé,
Peinture,Daret_VieRaphael.xml,MantegnaBacchanales,AndreaMantegnaBacchanales,remplacé,
Peinture,Daret_VieRaphael.xml,DapMantegnaTriomphesBurin,GianMarcoCavalliGiovanniAntonioDaBresciaGiulioCampagnolaAndreaMantegnaTriompheCesarBurin,remplacé,
Peinture,Daret_VieRaphael.xml,MantegnaCombatDieuxMarins,AndreaMantegnaCombatDieuxMarins,remplacé,
Peinture,Daret_VieRaphael.xml,MantegnaDapDescenteCroix,AndreaMantegnaDapDescenteCroix,remplacé,
Peinture,Daret_VieRaphael.xml,MantegnaChristAndreLongin,AndreaMantegnaChristSaintAndreSaintLongin,remplacé,
Peinture,Daret_VieRaphael.xml,RaimondiLucrece,MarcantonioRaimondiLucrece,remplacé,
Peinture,Daret_VieRaphael.xml,RaimondiJugementParis,MarcantonioRaimondiRaphaelJugementParis,remplacé,
Peinture,Daret_VieRaphael.xml,RaimondiMassacreInnocents,MarcantonioRaimondiRaphaelMassacreInnocents,remplacé,
Peinture,Daret_VieRaphael.xml,RaimondiNeptune,MarcantonioRaimondiRaphaelNeptune,remplacé,
Peinture,Daret_VieRaphael.xml,RaimondiEnlevementHelene,MarcantonioRaimondiEnlevementHelene,remplacé,
Peinture,Daret_VieRaphael.xml,RaimondiMartyreCecile,MarcantonioRaimondiMartyreSainteCecile,remplacé,
Peinture,Daret_VieRaphael.xml,RaimondiVenusAmourNiche,MarcantonioRaimondiRaphaelVenusAmourNiche,remplacé,
Peinture,Daret_VieRaphael.xml,RaimondiNoe,MarcantonioRaimondiNoe,remplacé,
Peinture,Daret_VieRaphael.xml,RaimondiPoesieSignature,MarcantonioRaimondiRaphaelPoesieSignature,remplacé,
Peinture,Daret_VieRaphael.xml,VenezianoProvidence,AgostinoVenezianoRaphaelProvidence,remplacé,
Peinture,Daret_VieRaphael.xml,VenezianoTemperence,AgostinoVenezianoRaphaelTemperence,remplacé,
Peinture,Daret_VieRaphael.xml,RaimondiParnasse,MarcantonioRaimondiParnasse,remplacé,
Peinture,Daret_VieRaphael.xml,RaimondiGalatee,MarcantonioRaimondiGalatee,remplacé,
Peinture,Daret_VieRaphael.xml,RaimondiApollonSassi,MarcantonioRaimondiApollonCitharedeCasaSassi,remplacé,
Peinture,Daret_VieRaphael.xml,RaimondiAllegoriePaix,MarcantonioRaimondiAllegoriePaix,remplacé,
Peinture,Daret_VieRaphael.xml,RaimondiVertus,MarcantonioRaimondiVertusTheologalesCardinales,remplacé,
Peinture,Daret_VieRaphael.xml,RaimondiVertus,MarcantonioRaimondiVertusTheologalesCardinales,remplacé,
Peinture,Daret_VieRaphael.xml,RaimondiChristApotres,MarcantonioRaimondiChristApotres,remplacé,
Peinture,Daret_VieRaphael.xml,RaimondiViergeFoligno,MarcantonioRaimondiRaphaelViergeFoligno,remplacé,
Peinture,Daret_VieRaphael.xml,RaimondiRavennaMadonnaPesce,MarcantonioRaimondiRaphaelRavennaMadonnaPesce,remplacé,
Peinture,Daret_VieRaphael.xml,RaimondiViergeLisantChaise,MarcantonioRaimondiViergeLisantChaise,remplacé,
Peinture,Daret_VieRaphael.xml,RaimondiJeanBaptisteAssisDesert,MarcantonioRaimondiJeanBaptisteAssisDesert,remplacé,
Peinture,Daret_VieRaphael.xml,RaimondiSainteCecile,MarcantonioRaimondiRaphaelSainteCecile,remplacé,
Peinture,Daret_VieRaphael.xml,RaimondiPredicationSaintPaul,MarcantonioRaimondiPredicationSaintPaul,remplacé,
Peinture,Daret_VieRaphael.xml,VenezianoElymas,AgostinoVenezianoRaphaelAveuglementElymas,remplacé,
Peinture,Daret_VieRaphael.xml,VenezianoAnanias,AgostinoVenezianoRaphaelMortDAnanias,remplacé,
Peinture,Daret_VieRaphael.xml,RaimondiDavidGoliath,MarcantonioRaimondiDavidGoliath,remplacé,
Peinture,Daret_VieRaphael.xml,RaimondiDescenteCroix,MarcantonioRaimondiRaphaelDescenteCroix,remplacé,
Peinture,Daret_VieRaphael.xml,VenezianoPortementCroix,AgostinoVenezianoPortementCroix,remplacé,
Peinture,Daret_VieRaphael.xml,RaimondiChristPaulCatherine,MarcantonioRaimondiChristViergeSaintJeanPaulCatherine,remplacé,
Peinture,Daret_VieRaphael.xml,RaimondiClementVII,MarcantonioRaimondiPortraitClementVII,remplacé,
Peinture,Daret_VieRaphael.xml,VenezianoCharlesQuint,AgostinoVenezianoPortraitCharlesQuintEnArmure,remplacé,
Peinture,Daret_VieRaphael.xml,VenezianoCharlesQuintVieux,AgostinoVenezianoPortraitCharlesQuintVieux,remplacé,
Peinture,Daret_VieRaphael.xml,VenezianoFerdinand,AgostinoVenezianoPortraitFerdinandIer,remplacé,
Peinture,Daret_VieRaphael.xml,RaimondiAretin,MarcantonioRaimondiTitienPortraitAretin,remplacé,
Peinture,Daret_VieRaphael.xml,RaimondiDouzeCesars,MarcantonioRaimondiDouzeCesars,remplacé,
Peinture,Daret_VieRaphael.xml,RaimondiHommeDrapeau,MarcantonioRaimondiHommeAuDrapeau,remplacé,
Peinture,Daret_VieRaphael.xml,RaimondiHommeBaseColonne,MarcantonioRaimondiHommeBaseColonne,remplacé,
Peinture,Daret_VieRaphael.xml,RaimondiSaintJerome,MarcantonioRaimondiSaintJerome,remplacé,
Peinture,Daret_VieRaphael.xml,RaimondiAurore,MarcantonioRaimondiAurore,remplacé,
Peinture,Daret_VieRaphael.xml,RaimondiTroisGraces,MarcantonioRaimondiTroisGraces,remplacé,
Peinture,Daret_VieRaphael.xml,RaimondiMadeleineMarie,MarcantonioRaimondiRaphaelNotreDameEscalier,remplacé,
Peinture,Daret_VieRaphael.xml,RaimondiBataille,MarcantonioRaimondiRaphaelGiulioRomanoBataille,remplacé,
Peinture,Daret_VieRaphael.xml,RavennaBatailleCoutelas,MarcoDenteGiulioRomanoRavennaBatailleAuCoutelas,remplacé,
Peinture,Daret_VieRaphael.xml,RaimondiRomanoIModi,MarcantonioRaimondiGiulioRomanoIModi,remplacé,
Peinture,Daret_VieRaphael.xml,VenezianoEvangelistesRomano,AgostinoVenezianoEvangelistesRomano,remplacé,
Peinture,Daret_VieRaphael.xml,TriniteMontsRome,EgliseTriniteMontsRome,remplacé,
Peinture,Daret_VieRaphael.xml,RaimondiRomanoIModi,MarcantonioRaimondiGiulioRomanoIModi,remplacé,
Peinture,Daret_VieRaphael.xml,RaimondiMartyreSaintLaurent,MarcantonioRaimondiMartyreSaintLaurent,remplacé,
Peinture,Daret_VieRaphael.xml,RaimondiMariesPleurantChristMort,MarcantonioRaimondiMariesPleurantChristMort,remplacé,
Peinture,Daret_VieRaphael.xml,VenezianoLycaonJupiter,AgostinoVenezianoRaphaelLycaonJupiter,remplacé,
Peinture,Daret_VieRaphael.xml,VenezianoPsyche,AgostinoVenezianoHistoireDePsyche,remplacé,
Peinture,Daret_VieRaphael.xml,VenezianoManne,AgostinoVenezianoManne,remplacé,
Peinture,Daret_VieRaphael.xml,RaimondiReineSaba,MarcantonioRaimondiReineSaba,remplacé,
Peinture,Daret_VieRaphael.xml,VenezianoChristTroisAnges,AgostinoVenezianoChristTroisAnges,remplacé,
Peinture,Daret_VieRaphael.xml,ParmesanEauforteNativite,ParmigianinoNativite,remplacé,
Peinture,Daret_VieRaphael.xml,ParmesanEauforteTombeau,ParmigianinoTombeau,remplacé,
Peinture,Daret_VieRaphael.xml,ParmesanPierreJeanMalades,ParmigianinoPierreJeanMalades,remplacé,
Peinture,Daret_VieRaphael.xml,VicoFillesPierus,EneaVicoFillesPierus,remplacé,
Peinture,Daret_VieRaphael.xml,VicoCentauresLapithes,EneaVicoRossoFiorentinoCentauresLapithes,remplacé,
Peinture,Daret_VieRaphael.xml,VicoVulcainFleches,EneaVicoVulcainCyclopesForgentFleches,remplacé,
Peinture,Daret_VieRaphael.xml,FrancoPierreJeanGuersisonParalytique,BattistaFrancoPierreJeanGuersisonParalytique,remplacé,
Peinture,Daret_VieRaphael.xml,SalaClementinaVatican,DomenicoFontanaSalaClementinaVatican,remplacé,
Peinture,Daret_VieRaphael.xml,PavementDuomoSienne,DomenicoBeccafumiPavementDuomoSantaMariaAssuntaSienne,remplacé,
Peinture,Doni_DisegnoATIR.xml,AgnoloGaddiGiottoCampanile,AgnoloGaddiGiottoCampanileSantaMariaDelFioreFlorence,remplacé,
Peinture,Doni_DisegnoATIR.xml,MoiseMichelAnge,MichelAngeMoiseSanPietroInVincoliRome,remplacé,
Peinture,Doni_DisegnoATIR.xml,MichelAngeAurore,MichelAngeAuroreSanLorenzoFlorence,remplacé,
Peinture,Doni_DisegnoATIR.xml,SagrestiaNuovaFlorence,MichelAngeSagrestiaNuovaFlorence,remplacé,
Peinture,Doni_DisegnoATIR.xml,StatueEquestreMarcAurele,StatueEquestreMarcAureleMuseeCapitolinRome,remplacé,
Peinture,Doni_DisegnoATIR.xml,ColosseumRome,ColiseeRome,remplacé,
Peinture,Doni_DisegnoATIR.xml,ColosseumRome,ColiseeRome,remplacé,
Peinture,Doni_DisegnoATIR.xml,TempleArtemisEphese,MetagenesTheodoreDeSamosChersiphronTempleArtemisEphese,remplacé,
Peinture,Doni_DisegnoATIR.xml,Laocoon,PolydoreAthenodoreAgesandrosLaocoonVatican,remplacé,
Peinture,Doni_DisegnoATIR.xml,MartyreSaintLaurentBandinelli,MarcantonioRaimondiBaccioBandinelliMartyreSaintLaurent,remplacé,
Peinture,Doni_DisegnoATIR.xml,MassacreInnocentsBandinelli,MarcoDaRavennaBaccioBandinelliMassacreInnocents,remplacé,
Peinture,Doni_DisegnoATIR.xml,CathedraleSantaMariaDelFioreFlorence,GiottoBrunelleschiAndreaPisanoCathedraleSantaMariaDelFioreFlorence,remplacé,
Peinture,Doni_DisegnoATIR.xml,BasiliqueSantoSpiritoFlorence,BrunelleschiAntonioManettiBasiliqueSantoSpiritoFlorence,remplacé,
Peinture,Doni_DisegnoATIR.xml,PalazzoPittiFlorence,LucaFancelliPalaisPittiFlorence,remplacé,
Peinture,Doni_DisegnoATIR.xml,PalazzoStrozziFlorence,BenedettoDaMaianoPalaisStrozziFlorence,remplacé,
Peinture,Doni_DisegnoATIR.xml,PalaisMediciFlorence,MichelozzoPalaisMedicisFlorence,remplacé,
Peinture,Doni_DisegnoATIR.xml,PalazzoPazziFlorence,GiulianoDaMaianoPalaisPazziFlorence,remplacé,
Peinture,Doni_DisegnoATIR.xml,PalazzoBartoliniSalimbeniFlorence,BaccioDAgnoloPalaisBartoliniSalimbeniFlorence,remplacé,
Peinture,Doni_DisegnoATIR.xml,BasiliqueSanMiniatoFlorence,BasiliqueSanMiniatoAlMonteFlorence,remplacé,
Peinture,Doni_DisegnoATIR.xml,CathedraleSantaMariaDelFioreFlorence,GiottoBrunelleschiAndreaPisanoCathedraleSantaMariaDelFioreFlorence,remplacé,
Peinture,Doni_DisegnoATIR.xml,NiccoloDaTolentinoCastagno,AndreaDelCastagnoMonumentEquestreNiccoloDaTolentinoSantaMariaDelFiore,remplacé,
Peinture,Doni_DisegnoATIR.xml,AgnoloGaddiGiottoCampanile,AgnoloGaddiGiottoCampanileSantaMariaDelFioreFlorence,remplacé,
Peinture,Doni_DisegnoATIR.xml,TombeauCossa,DonatelloMichelozzoTombeauBaldassareCossaBaptistereFlorence,remplacé,
Peinture,Doni_DisegnoATIR.xml,MarieMadeleineDonatello,DonatelloMarieMadeleineMuseoDellOperaDelDuomo,remplacé,
Peinture,Doni_DisegnoATIR.xml,DonatelloJudithEtHolopherne,DonatelloJudithEtHolophernePalazzoVecchioFlorence,remplacé,
Peinture,Doni_DisegnoATIR.xml,Salle500Florence,LeonardoDaVinciGiorgioVasariMichelAngeSalleDesCinqCentsPalazzoVecchioFlorence,remplacé,
Peinture,Doni_DisegnoATIR.xml,LeonardAnghiari,LeonardoDaVinciBatailleDAnghiari,remplacé,
Peinture,Doni_DisegnoATIR.xml,SalleUdienzaFlorence,FrancescoSalviatiSalleUdienzaPalazzoVecchioFlorence,remplacé,
Peinture,Doni_DisegnoATIR.xml,TourArnolfo,ArnolfoDiCambioTourArnolfo,remplacé,
Peinture,Doni_DisegnoATIR.xml,EgliseOrsanMicheleFlorence,BenciDiCioneDamiNeriDiFioravanteSimoneTalentiEgliseOrsanMicheleFlorence,remplacé,
Peinture,Doni_DisegnoATIR.xml,VestibuleBibliothequeMediceaLaurenziana,VestibuleBibliothequeMediceaLaurenzianaFlorence,remplacé,
Peinture,Doni_DisegnoATIR.xml,SagrestiaNuovaFlorence,MichelAngeSagrestiaNuovaFlorence,remplacé,
Peinture,Doni_DisegnoATIR.xml,ViergeMedici,MichelAngeViergeMediciSanLorenzoFlorence,remplacé,
Peinture,Doni_DisegnoATIR.xml,PontormoSanLorenzo,PontormoChoeurSanLorenzoFlorence,remplacé,
Peinture,Doni_DisegnoATIR.xml,MariageViergeRosso,RossoFiorentinoMariageViergeSanLorenzoFlorence,remplacé,
Peinture,Doni_DisegnoATIR.xml,PalaisMediciFlorence,MichelozzoPalaisMedicisFlorence,remplacé,
Peinture,Doni_DisegnoATIR.xml,PalaisOttavianoDeMedici,PalaisBernardettoDeMediciFlorence,remplacé,
Peinture,Doni_DisegnoATIR.xml,BasiliqueSantissimaAnnunziataFlorence,LeonBattistaAlbertiMichelozzoBasiliqueSantissimaAnnunziataFlorence,remplacé,
Peinture,Doni_DisegnoATIR.xml,ChapelleScaliSantissimaAnnunziata,PassignanoChapelleScaliSantissimaAnnunziataFlorence,remplacé,
Peinture,Doni_DisegnoATIR.xml,ChapelleBilliSantissimaAnnunziata,PieroDiJacopoRosselliChapelleBilliSantissimaAnnunziataFlorence,remplacé,
Peinture,Doni_DisegnoATIR.xml,PeinturesFraBartolomeoSantissimaAnnunziata,FraBartolomeoSantissimaAnnunziata,remplacé,
Peinture,Doni_DisegnoATIR.xml,MoiseMontorsoli,GiovanniAngeloMontorsoliMoiseSantissimaAnnunziataFlorence,remplacé,
Peinture,Doni_DisegnoATIR.xml,SaintPaulMontorsoli,GiovanniAngeloMontorsoliSaintPaulBasiliqueSantissimaAnnunziataFlorence,remplacé,
Peinture,Doni_DisegnoATIR.xml,BasiliqueSantissimaAnnunziataFlorence,LeonBattistaAlbertiMichelozzoBasiliqueSantissimaAnnunziataFlorence,remplacé,
Peinture,Doni_DisegnoATIR.xml,ChiostrinoDeiVoti,MichelozzoChiostrinoDeiVotiFlorence,remplacé,
Peinture,Doni_DisegnoATIR.xml,PlaceSantissimaAnnunziata,BrunelleschiPlaceSantissimaAnnunziataFlorence,remplacé,
Peinture,Doni_DisegnoATIR.xml,HopitalInnocentiFlorence,BrunelleschiHopitalInnocentiFlorence,remplacé,
Peinture,Doni_DisegnoATIR.xml,BasiliqueSanMiniatoFlorence,BasiliqueSanMiniatoAlMonteFlorence,remplacé,
Peinture,Doni_DisegnoATIR.xml,BasiliqueSantoSpiritoFlorence,BrunelleschiAntonioManettiBasiliqueSantoSpiritoFlorence,remplacé,
Peinture,Doni_DisegnoATIR.xml,BasiliqueSantaCroceFlorence,ArnolfoDiCambioBasiliqueSantaCroceFlorence,remplacé,
Peinture,Doni_DisegnoATIR.xml,PalazzoPittiFlorence,LucaFancelliPalaisPittiFlorence,remplacé,
Peinture,Doni_DisegnoATIR.xml,PalazzoStrozziFlorence,BenedettoDaMaianoPalaisStrozziFlorence,remplacé,
Peinture,Doni_DisegnoATIR.xml,PalaDeiRosso,RossoFiorentinoPalaDeiGalleriaPalatinaFlorence,remplacé,
Peinture,Doni_DisegnoATIR.xml,BasiliqueSantoSpiritoFlorence,BrunelleschiAntonioManettiBasiliqueSantoSpiritoFlorence,remplacé,
Peinture,Doni_DisegnoATIR.xml,ViergeHarpiesSarto,AndreaDelSartoViergeHarpiesOfficesFlorence,remplacé,
Peinture,Doni_DisegnoATIR.xml,BasiliqueSantaCroceFlorence,ArnolfoDiCambioBasiliqueSantaCroceFlorence,remplacé,
Peinture,Doni_DisegnoATIR.xml,EgliseCarmineFlorence,EgliseSantaMariaDelCarmineFlorence,remplacé,
Peinture,Doni_DisegnoATIR.xml,VillaMediceaPoggioCaiano,GiulianoDaSangalloVillaMediceaPoggioCaiano,remplacé,
Peinture,Doni_DisegnoATIR.xml,VillaCastello,GiorgioVasariNiccoloTriboloVillaCastello,remplacé,
Peinture,Doni_DisegnoATIR.xml,VillaMediceaCareggi,MichelozzoVillaMediceaCareggi,remplacé,
Peinture,Doni_DisegnoATIR.xml,PalaisMediciFlorence,MichelozzoPalaisMedicisFlorence,remplacé,
Peinture,Doni_DisegnoATIR.xml,OrpheeBandinelli,BaccioBandinelliOrpheePalazzoMediciRiccardiFlorence,remplacé,
Peinture,Doni_DisegnoATIR.xml,LaocoonBandinelli,BaccioBandinelliLaocoonOfficesFlorence,remplacé,
Peinture,Doni_DisegnoATIR.xml,MarsiaRosso,MarsiaRossoOfficesFlorence,remplacé,
Peinture,Doni_DisegnoATIR.xml,TondoDoni,MichelAngeTondoDoniOfficesFlorence,remplacé,
Peinture,Doni_DisegnoATIR.xml,MichelAngeJugementSixtine,MichelAngeJugementChapelleSixtineVatican,remplacé,
Peinture,Doni_DisegnoATIR.xml,Laocoon,PolydoreAthenodoreAgesandrosLaocoonVatican,remplacé,
Peinture,Doni_DisegnoATIR.xml,TorseBelvedere,ApollonioDeAteneTorseBelvedereVatican,remplacé,
Peinture,Doni_DisegnoATIR.xml,TombeauJulesII,MichelAngeTombeauJulesIISanPietroInVincoliRome,remplacé,
Peinture,Doni_DisegnoATIR.xml,PietaDuVaticanMichelAnge,MichelAngePietaSaintPierreVatican,remplacé,
Peinture,Doni_DisegnoATIR.xml,EgliseSanPietroinMontorio,BaccioPontelliEgliseSanPietroInMontorio,remplacé,
Peinture,Doni_DisegnoATIR.xml,EgliseSanGiovanniDecollato,GiovanniBattistaDaSangalloEgliseSanGiovanniDecollatoRome,remplacé,
Peinture,Doni_DisegnoATIR.xml,BasiliqueSantaMariaSopraMinerva,CarloMadernoBasiliqueSantaMariaSopraMinerva,remplacé,
Peinture,Doni_DisegnoATIR.xml,Salle100Giorni,GiorgioVasariSalaDeiCentoGiorniPalazzoDellaCancelleriaRome,remplacé,
Peinture,Doni_DisegnoATIR.xml,StatueEquestreMarcAurele,StatueEquestreMarcAureleMuseeCapitolinRome,remplacé,
Peinture,Doni_DisegnoATIR.xml,TombeauAndreaDoriaMontorsoli,GiovanniAngeloMontorsoliTombeauAndreaDoriaSanMatteoGenes,remplacé,
Peinture,Doni_DisegnoATIR.xml,ParmigianinoCupidonFabriquantSonArc,ParmigianinoCupidonFabriquantSonArcKunstHistorischesMuseumVienne,remplacé,
Peinture,Doni_DisegnoATIR.xml,RaimondiParnasse,MarcantonioRaimondiParnasse,remplacé,
Peinture,Doni_DisegnoATIR.xml,RaimondiJugementParis,MarcantonioRaimondiRaphaelJugementParis,remplacé,
Peinture,Doni_DisegnoATIR.xml,RaimondiNeptune,MarcantonioRaimondiRaphaelNeptune,remplacé,
Peinture,Doni_DisegnoATIR.xml,RaimondiMassacreInnocents,MarcantonioRaimondiRaphaelMassacreInnocents,remplacé,
Peinture,Doni_DisegnoATIR.xml,MartyreSaintLaurentBandinelli,MarcantonioRaimondiBaccioBandinelliMartyreSaintLaurent,remplacé,
Peinture,Doni_DisegnoATIR.xml,MassacreInnocentsBandinelli,MarcoDaRavennaBaccioBandinelliMassacreInnocents,remplacé,
Peinture,Doni_DisegnoATIR.xml,LaocoonMarcoDaRavenna,MarcoDaRavennaRaphaelLaocoon,remplacé,
Peinture,Doni_DisegnoATIR.xml,SaintPaulVico,EneaVicoFrancescoSalviatiConversionSaintPaul,remplacé,
Peinture,DupuyDuGrez_TraitePeinture.xml,Laocoon,PolydoreAthenodoreAgesandrosLaocoonVatican,remplacé,
Peinture,DupuyDuGrez_TraitePeinture.xml,Laocoon,PolydoreAthenodoreAgesandrosLaocoonVatican,remplacé,
Peinture,DupuyDuGrez_TraitePeinture.xml,Laocoon,PolydoreAthenodoreAgesandrosLaocoonVatican,remplacé,
Peinture,DupuyDuGrez_TraitePeinture.xml,Laocoon,PolydoreAthenodoreAgesandrosLaocoonVatican,remplacé,
Peinture,DupuyDuGrez_TraitePeinture.xml,Laocoon,PolydoreAthenodoreAgesandrosLaocoonVatican,remplacé,
Peinture,Freart_IdeaDellaPerfezione.xml,RaimondiJugementParis,MarcantonioRaimondiRaphaelJugementParis,remplacé,
Peinture,Freart_IdeaDellaPerfezione.xml,RaimondiMassacreInnocents,MarcantonioRaimondiRaphaelMassacreInnocents,remplacé,
Peinture,Freart_IdeaDellaPerfezione.xml,RaimondiDescenteCroix,MarcantonioRaimondiRaphaelDescenteCroix,remplacé,
Peinture,Freart_IdeaDellaPerfezione.xml,RaphaelEcoleAthenes,RaphaelEcoleAthenesVatican,remplacé,
Peinture,Freart_IdeaDellaPerfezione.xml,MichelAngeJugementSixtine,MichelAngeJugementChapelleSixtineVatican,remplacé,
Peinture,Freart_IdeaDellaPerfezione.xml,ChapelleSixtine,ChapelleSixtineVatican,remplacé,
Peinture,Freart_IdeaDellaPerfezione.xml,MichelAngeJugementSixtine,MichelAngeJugementChapelleSixtineVatican,remplacé,
Peinture,Freart_IdeaDellaPerfezione.xml,RaphaelEcoleAthenes,RaphaelEcoleAthenesVatican,remplacé,
Peinture,Freart_IdeaDellaPerfezione.xml,RaphaelDisputeSacrement,RaphaelDisputeSaintSacrementVatican,remplacé,
Peinture,Freart_IdeaDellaPerfezione.xml,RaimondiJugementParis,MarcantonioRaimondiRaphaelJugementParis,remplacé,
Peinture,Freart_IdeaDellaPerfezione.xml,RaimondiJugementParis,MarcantonioRaimondiRaphaelJugementParis,remplacé,
Peinture,Freart_IdeaDellaPerfezione.xml,RaimondiJugementParis,MarcantonioRaimondiRaphaelJugementParis,remplacé,
Peinture,Freart_IdeaDellaPerfezione.xml,RaimondiJugementParis,MarcantonioRaimondiRaphaelJugementParis,remplacé,
Peinture,Freart_IdeaDellaPerfezione.xml,RaimondiMassacreInnocents,MarcantonioRaimondiRaphaelMassacreInnocents,remplacé,
Peinture,Freart_IdeaDellaPerfezione.xml,RaimondiMassacreInnocents,MarcantonioRaimondiRaphaelMassacreInnocents,remplacé,
Peinture,Freart_IdeaDellaPerfezione.xml,RaimondiMassacreInnocents,MarcantonioRaimondiRaphaelMassacreInnocents,remplacé,
Peinture,Freart_IdeaDellaPerfezione.xml,RaimondiDescenteCroix,MarcantonioRaimondiRaphaelDescenteCroix,remplacé,
Peinture,Freart_IdeaDellaPerfezione.xml,RaimondiDescenteCroix,MarcantonioRaimondiRaphaelDescenteCroix,remplacé,
Peinture,Freart_IdeaDellaPerfezione.xml,RaimondiJugementParis,MarcantonioRaimondiRaphaelJugementParis,remplacé,
Peinture,Freart_IdeaDellaPerfezione.xml,RaimondiDescenteCroix,MarcantonioRaimondiRaphaelDescenteCroix,remplacé,
Peinture,Freart_IdeaDellaPerfezione.xml,MichelAngeJugementSixtine,MichelAngeJugementChapelleSixtineVatican,remplacé,
Peinture,Freart_IdeaDellaPerfezione.xml,ChapelleSixtine,ChapelleSixtineVatican,remplacé,
Peinture,Freart_IdeaDellaPerfezione.xml,MichelAngeJugementSixtine,MichelAngeJugementChapelleSixtineVatican,remplacé,
Peinture,Freart_IdeaDellaPerfezione.xml,ChapelleSixtine,ChapelleSixtineVatican,remplacé,
Peinture,Freart_IdeaDellaPerfezione.xml,RaimondiDescenteCroix,MarcantonioRaimondiRaphaelDescenteCroix,remplacé,
Peinture,Freart_IdeaDellaPerfezione.xml,RaimondiDescenteCroix,MarcantonioRaimondiRaphaelDescenteCroix,remplacé,
Peinture,Freart_IdeaDellaPerfezione.xml,Polyphemedormant,TimanthePolyphemeDormant,remplacé,
Peinture,Freart_IdeaDellaPerfezione.xml,Polyphemedormant,TimanthePolyphemeDormant,remplacé,
Peinture,Freart_IdeaDellaPerfezione.xml,RaphaelEcoleAthenes,RaphaelEcoleAthenesVatican,remplacé,
Peinture,Freart_IdeaDellaPerfezione.xml,RaphaelEcoleAthenes,RaphaelEcoleAthenesVatican,remplacé,
Peinture,Freart_IdeaDellaPerfezione.xml,RaphaelEcoleAthenes,RaphaelEcoleAthenesVatican,remplacé,
Peinture,Freart_IdeaDellaPerfezione.xml,RaphaelEcoleAthenes,RaphaelEcoleAthenesVatican,remplacé,
Peinture,Freart_IdeaDellaPerfezione.xml,RaphaelEcoleAthenes,RaphaelEcoleAthenesVatican,remplacé,
Peinture,Freart_IdeaDellaPerfezione.xml,RaphaelEcoleAthenes,RaphaelEcoleAthenesVatican,remplacé,
Peinture,Freart_IdeaDellaPerfezione.xml,RaphaelEcoleAthenes,RaphaelEcoleAthenesVatican,remplacé,
Peinture,Freart_IdeaDellaPerfezione.xml,PoussinSeptSacrements,NicolasPoussinSeptSacrements,remplacé,
Peinture,Freart_IdeaDellaPerfezione.xml,PoussinSeptSacrements,NicolasPoussinSeptSacrements,remplacé,
Peinture,Freart_IdeaDellaPerfezione.xml,PoussinBapteme,NicolasPoussinBaptemeNGScotlandGlasgow,remplacé,
Peinture,Freart_IdeaDellaPerfezione.xml,PoussinExtremeOnction,NicolasPoussinExtremeOnctionNGScotlandGlasgow,remplacé,
Peinture,Freart_IdeaDellaPerfezione.xml,PoussinExtremeOnction,NicolasPoussinExtremeOnctionNGScotlandGlasgow,remplacé,
Peinture,Freart_IdeaDellaPerfezione.xml,PoussinSeptSacrements,NicolasPoussinSeptSacrements,remplacé,
Peinture,Freart_IdeaDellaPerfezione.xml,PoussinSeptSacrements,NicolasPoussinSeptSacrements,remplacé,
Peinture,Freart_IdeaDellaPerfezione.xml,LeonardCeneMilan,LeonardoDaVinciCeneSantaMariaDelleGrazieMilan,remplacé,
Peinture,Freart_IdeaDellaPerfezione.xml,LeonardCeneMilan,LeonardoDaVinciCeneSantaMariaDelleGrazieMilan,remplacé,
Peinture,Freart_IdeaDellaPerfezione.xml,PoussinSeptSacrements,NicolasPoussinSeptSacrements,remplacé,
Peinture,Freart_IdeaDellaPerfezione.xml,PoussinDerniereSouper,NicolasPoussinDerniereSouperNGScotlandGlasgow,remplacé,
Peinture,Lomazzo_Idea.xml,LeonardLeda,LeonardoDaVinciLeda,remplacé,
Peinture,Lomazzo_Idea.xml,TempleArtemisEphese,MetagenesTheodoreDeSamosChersiphronTempleArtemisEphese,remplacé,
Peinture,Lomazzo_Idea.xml,LaprocessionDeMegabizoApelle,ApelleLaprocessionDeMegabizoEphese,remplacé,
Peinture,Lomazzo_Idea.xml,TempleSante,TempleSanteRome,remplacé,
Peinture,Lomazzo_Idea.xml,ColosseumRome,ColiseeRome,remplacé,
Peinture,Lomazzo_Idea.xml,PalaisProsperoVisconti,PellegrinoTibaldiGiuseppeMedaPalaisProsperoViscontiMilan,remplacé,
Peinture,Lomazzo_Idea.xml,MichelAngeJugementSixtine,MichelAngeJugementChapelleSixtineVatican,remplacé,
Peinture,Lomazzo_Idea.xml,MichelAngePlafondSixtine,MichelAngePlafondSixtineVatican,remplacé,
Peinture,Lomazzo_Idea.xml,VenusApelle,ApelleVenusAnadyomene,remplacé,
Peinture,Lomazzo_Idea.xml,LeonardAnghiari,LeonardoDaVinciBatailleDAnghiari,remplacé,
Peinture,Lomazzo_Idea.xml,SantaMariaGrazieMilan,BramanteGiovanniAntonioAmadeoEgliseSantaMariaGrazieMilan,remplacé,
Peinture,Lomazzo_Idea.xml,SantaMariaGrazieMilan,BramanteGiovanniAntonioAmadeoEgliseSantaMariaGrazieMilan,remplacé,
Peinture,Lomazzo_Idea.xml,MichelAngePlafondSixtine,MichelAngePlafondSixtineVatican,remplacé,
Peinture,Lomazzo_Idea.xml,MichelAngeJugementSixtine,MichelAngeJugementChapelleSixtineVatican,remplacé,
Peinture,Lomazzo_Idea.xml,RaphaelChambreIncendieBorgo,RaphaelChambreIncendieBorgoVatican,remplacé,
Peinture,Lomazzo_Idea.xml,MantegnaTriompheCesar,AndreaMantegnaTriompheCesarRoyalCollectionHamptonCourtPalaceLondres,remplacé,
Peinture,Lomazzo_Idea.xml,BacchanalesMantegna,AndreaMantegnaBacchanales,remplacé,
Peinture,Lomazzo_Idea.xml,MichelAngeJugementSixtine,MichelAngeJugementChapelleSixtineVatican,remplacé,
Peinture,Lomazzo_Idea.xml,MichelAngeJugementSixtine,MichelAngeJugementChapelleSixtineVatican,remplacé,
Peinture,Lomazzo_Idea.xml,EgliseSantaMariaPressoSanSatiroMilan,BramanteEgliseSantaMariaPressoSanSatiroMilan,remplacé,
Peinture,Lomazzo_Idea.xml,EgliseSantaMariaInBrera,GiovanniDiBalduccioEgliseSantaMariaInBreraMilan,remplacé,
Peinture,Lomazzo_Idea.xml,SaintSebastienFoppa,VincenzoFoppaSaintSebastienPinacothequeBrera,remplacé,
Peinture,Lomazzo_Idea.xml,ProcessionTriomphaleMaximilienDurer,AlbrechtDurerHansBurgkmairProcessionTriomphaleMaximilien,remplacé,
Peinture,Lomazzo_Idea.xml,ColosseumRome,ColiseeRome,remplacé,
Peinture,Lomazzo_Idea.xml,PriereAuJardinCorrege,CorregeAgonieDansLeJardinWellingtonMuseumLondres,remplacé,
Peinture,Lomazzo_Idea.xml,MichelAngeJugementSixtine,MichelAngeJugementChapelleSixtineVatican,remplacé,
Peinture,Lomazzo_Idea.xml,PietaDuVaticanMichelAnge,MichelAngePietaSaintPierreVatican,remplacé,
Peinture,Lomazzo_Idea.xml,PeintureDautelValdugiaFerrari,GaudenzioViergeEnfantSaintFrancoisSaintGeorgesSanGiorgioValduggia,remplacé,
Peinture,Lomazzo_Idea.xml,SaintRochGaudenzio,GaudenzioFerrariSaintRoch,remplacé,
Peinture,Lomazzo_Idea.xml,PalaisGaddiPolidoro,PolidoroDaCaravaggioFacadePalaisGaddiRome,remplacé,
Peinture,Lomazzo_Idea.xml,PalaisSpinolaPolidoro,PolidoroDaCaravaggioFacadePalaisSpinolaRome,remplacé,
Peinture,Lomazzo_Idea.xml,LeonardViergeRochers,LeonardoDaVinciViergeRocherLouvre,remplacé,
Peinture,Lomazzo_Idea.xml,Salle500Florence,LeonardoDaVinciGiorgioVasariMichelAngeSalleDesCinqCentsPalazzoVecchioFlorence,remplacé,
Peinture,Lomazzo_Idea.xml,LeonardAnghiari,LeonardoDaVinciBatailleDAnghiari,remplacé,
Peinture,Lomazzo_Idea.xml,BasiliqueSaintAugustinRome,BaccioPontelliBasiliqueSaintAugustinRome,remplacé,
Peinture,Lomazzo_Idea.xml,PropheteIsaieRaphael,RaphaelPropheteIsaieBasiliqueSaintAugustinRome,remplacé,
Peinture,Lomazzo_Idea.xml,RaphaelSibyllesProphetesChigi,RaphaelSibyllesProphetesChigiSantaMariaDellaPaceRome,remplacé,
Peinture,Lomazzo_Idea.xml,EgliseSanPietroinMontorio,BaccioPontelliEgliseSanPietroInMontorio,remplacé,
Peinture,Lomazzo_Idea.xml,RaphaelTransfiguration,RaphaelTransfigurationVatican,remplacé,
Peinture,Lomazzo_Idea.xml,RaphaelJulesII,RaphaelPortraitJulesIINGLondres,remplacé,
Peinture,Lomazzo_Idea.xml,BasiliqueSantaMariaDelPopolo,AndreaBregnoGiovanninoDeDolciBasiliqueSantaMariaDelPopoloRome,remplacé,
Peinture,Lomazzo_Idea.xml,RaimondiJugementParis,MarcantonioRaimondiRaphaelJugementParis,remplacé,
Peinture,Lomazzo_Idea.xml,MantegnaTriompheCesar,AndreaMantegnaTriompheCesarRoyalCollectionHamptonCourtPalaceLondres,remplacé,
Peinture,Lomazzo_Idea.xml,BelvedereVatican,BramanteBelvedereVatican,remplacé,
Peinture,Lomazzo_Idea.xml,MantegnaBelvedere,AndreaMantegnaChapelleBelvedereVatican,remplacé,
Peinture,Lomazzo_Idea.xml,FondacoTedeschiVenise,GiorgioneTitienFondacoTedeschiVenise,remplacé,
Peinture,Lomazzo_Idea.xml,PalaisFontanaSilvestriMilan,BramantePalaisFontanaSilvestriMilan,remplacé,
Peinture,Lomazzo_Idea.xml,MichelAngeJugementSixtine,MichelAngeJugementChapelleSixtineVatican,remplacé,
Peinture,Lomazzo_Idea.xml,MaitreautelDeLEscorialLeoni,LeoneLeoniPompeoLeoniMaitreAutelMonastereSanLorenzoEscurial,remplacé,
Peinture,Lomazzo_Idea.xml,TombeauxEscorialLeoni,PompeoLeoniTombeauxCharlesVPhilippeIISanLorenzoEscurial,remplacé,
Peinture,Lomazzo_Idea.xml,SallePalaisPoggiTibaldi,PellegrinoTibaldiHistoireUlyssePalaisPoggiBologne,remplacé,
Peinture,Lomazzo_Idea.xml,EgliseSanFedeleMilan,PellegrinoTibaldiEgliseSanFedeleMilan,remplacé,
Peinture,Lomazzo_Idea.xml,QuatreElementsArcimboldo,GiuseppeArcimboldoQuatreElements,remplacé,
Peinture,Lomazzo_Idea.xml,QuatreSaisonsArcimboldo,GiuseppeArcimboldoQuatreSaisons,remplacé,
Peinture,Lomazzo_Idea.xml,VertumneArcimboldo,GiuseppeArcimboldoVertumneChâteauDeSkoklosteBalsta,remplacé,
Peinture,Lomazzo_Idea.xml,EgliseSanSigismondoCremona,BartolomeoGadioEgliseSanSigismondoCremona,remplacé,
Peinture,Lomazzo_Idea.xml,ResurrectionLazzaroBoccaccino,CamilloBoccaccinoResurrectionLazareEgliseDeSanSigismondoCremona,remplacé,
Peinture,Lomazzo_Idea.xml,ViergeEnGloireEtSaintsCampi,GiulioCampiViergeEnGloireEtSaintsEgliseDeSanSigismondoCremona,remplacé,
Peinture,Lomazzo_Idea.xml,EgliseSanNiccoloDeiGentiluominiMessina,AndreaCalamechEgliseSanNiccoloDeiGentiluominiMessine,remplacé,
Peinture,Lomazzo_Idea.xml,LAdorationDesRoisMagesCesareDaSesto,CesareDaSestoAdorationDesRoisMagesCapodimonte,remplacé,
Peinture,Lomazzo_Idea.xml,SalomeCesareDaSesto,CesareDaSestoSalomeKunstHistorischesMuseumVienne,remplacé,
Peinture,Lomazzo_Idea.xml,EgliseCarminiVenise,SebastianoMarianiEgliseSantaMariaDeiCarminiVenise,remplacé,
Peinture,Lomazzo_Idea.xml,SaintNicolasEnGloireLotto,LorenzoLottoSaintNicolasEnGloireSantaMariaDeiCarminiVenise,remplacé,
Peinture,Lomazzo_Idea.xml,VeroneseCana,PaoloVeroneseNocesCanaLouvre,remplacé,
Peinture,Lomazzo_Idea.xml,ScuolaGrandeSanMarcoVenise,PietroLombardoScuolaGrandeSanMarcoVenise,remplacé,
Peinture,Lomazzo_Idea.xml,LeMiracleDeLEsclaveTintoretto,JacopoTintorettoLeMiracleDeLEsclaveGalleriaDellAccademiaVenise,remplacé,
Peinture,Lomazzo_Idea.xml,RemiseDeLanneauAuDogeBordone,ParisBordonRemiseDeLanneauAuDogeBordoneGalleriaDellAccademiaVenise,remplacé,
Peinture,Lomazzo_Idea.xml,BasiliqueDellaSantaCasa,BramanteGiulianoDaSangalloBaccioPontelliBasiliqueDellaSantaCasaLorette,remplacé,
Peinture,Lomazzo_Idea.xml,MartyreSaintVitalBarocci,FedericoBarocciMartyreSaintVitalPinacothequeBrera,remplacé,
Peinture,Lomazzo_Idea.xml,RatSabinesBassano,FrancescoBassanoRaptSabinesGalerieSabauda,remplacé,
Peinture,Lomazzo_Idea.xml,SibyllesLanino,BernardinoLaninoSibyllesNovare,remplacé,
Peinture,Lomazzo_Idea.xml,NativiteNovaraTitien,TitienNativiteNovare,remplacé,
Peinture,Lomazzo_Idea.xml,ViergeSurTroneProcaccini,ErcoleProcacciniViergeSurTroneSanGiacomoMaggioreBologne,remplacé,
Peinture,Lomazzo_Idea.xml,BasiliqueSantaMariaNovellaFlorence,LeonBattistaAlbertiBasiliqueSantaMariaNovellaFlorence,remplacé,
Peinture,Lomazzo_Idea.xml,MartyreSaintLaurentMacchietti,GirolamoMacchiettiMartyreSaintLaurentSantaMariaNovellaFlorence,remplacé,
Peinture,Lomazzo_Idea.xml,ViergeSurTroneProcaccini,ErcoleProcacciniViergeSurTroneSanGiacomoMaggioreBologne,remplacé,
Peinture,Lomazzo_Idea.xml,VoletsOrgueParmeProcaccini,ErcoleProcacciniVoletsOrgueCathedraleParme,remplacé,
Peinture,Lomazzo_Idea.xml,CathedraleParme,BenedettoAntelamiCathedraleParme,remplacé,
Peinture,Lomazzo_Idea.xml,TransfigurationProcaccini,CamilloProcacciniTransfiguration,remplacé,
Peinture,Lomazzo_Idea.xml,EgliseSanFedeleMilan,PellegrinoTibaldiEgliseSanFedeleMilan,remplacé,
Peinture,Lomazzo_Idea.xml,SculptureCosmeIGiambologna,GiambolognaStatueEquestreCosmeIerMedicisFlorence,remplacé,
Peinture,Lomazzo_Idea.xml,PortComasinaMilan,PortaComasinaMilan,remplacé,
Peinture,Lomazzo_Idea.xml,PlaceSanPietroRome,DomenicoFontanaGianLorenzoBerniniPlaceSanPietroRome,remplacé,
Peinture,Lomazzo_Idea.xml,CathedraleMilan,SimoneDaOrsenigoGiovanniSolariGiovanniAntonioAmadeoPellegrinoTibaldiCathedraleMilan,remplacé,
Peinture,Marino_DicerieSacre.xml,SuaireTurin,SuaireTurinCathedraleSaintJeanBaptisteTurin,remplacé,
Peinture,Marino_DicerieSacre.xml,SuaireTurin,SuaireTurinCathedraleSaintJeanBaptisteTurin,remplacé,
Peinture,Marino_DicerieSacre.xml,SuaireTurin,SuaireTurinCathedraleSaintJeanBaptisteTurin,remplacé,
Peinture,Marino_DicerieSacre.xml,SuaireTurin,SuaireTurinCathedraleSaintJeanBaptisteTurin,remplacé,
Peinture,Marino_DicerieSacre.xml,SuaireTurin,SuaireTurinCathedraleSaintJeanBaptisteTurin,remplacé,
Peinture,Marino_DicerieSacre.xml,SuaireTurin,SuaireTurinCathedraleSaintJeanBaptisteTurin,remplacé,
Peinture,Marino_DicerieSacre.xml,SuaireTurin,SuaireTurinCathedraleSaintJeanBaptisteTurin,remplacé,
Peinture,Marino_DicerieSacre.xml,SuaireTurin,SuaireTurinCathedraleSaintJeanBaptisteTurin,remplacé,
Peinture,Marino_DicerieSacre.xml,DuomoTurin,MeodelCaprinoCathedraleSaintJeanBaptisteTurin,remplacé,
Peinture,Marino_DicerieSacre.xml,SuaireTurin,SuaireTurinCathedraleSaintJeanBaptisteTurin,remplacé,
Peinture,Marino_DicerieSacre.xml,SuaireTurin,SuaireTurinCathedraleSaintJeanBaptisteTurin,remplacé,
Peinture,Marino_DicerieSacre.xml,SuaireTurin,SuaireTurinCathedraleSaintJeanBaptisteTurin,remplacé,
Peinture,Marino_DicerieSacre.xml,SuaireTurin,SuaireTurinCathedraleSaintJeanBaptisteTurin,remplacé,
Peinture,Marino_DicerieSacre.xml,SuaireTurin,SuaireTurinCathedraleSaintJeanBaptisteTurin,remplacé,
Peinture,Monier_HistoireArtsRapportDessein.xml,BasiliqueSantiCosmaDamianoRome,LuigiArrigucciOrazioTorrianiBasiliqueSantiCosmaDamianoRome,remplacé,
Peinture,Monier_HistoireArtsRapportDessein.xml,PalaisFarneseRome,MichelAngePalaisFarneseRome,remplacé,
Peinture,Monier_HistoireArtsRapportDessein.xml,MausoleeHalicarnasse,MausoleeHalicarnasseBodrum,remplacé,
Peinture,Monier_HistoireArtsRapportDessein.xml,MausoleeHalicarnasse,MausoleeHalicarnasseBodrum,remplacé,
Peinture,Monier_HistoireArtsRapportDessein.xml,PyramideCaiusCestius,PyramideCaiusCestiusRome,remplacé,
Peinture,Monier_HistoireArtsRapportDessein.xml,ColosseumRome,ColiseeRome,remplacé,
Peinture,Monier_HistoireArtsRapportDessein.xml,Laocoon,PolydoreAthenodoreAgesandrosLaocoonVatican,remplacé,
Peinture,Monier_HistoireArtsRapportDessein.xml,BasiliqueSanMiniatoFlorence,BasiliqueSanMiniatoAlMonteFlorence,remplacé,
Peinture,Monier_HistoireArtsRapportDessein.xml,CathedralePise,BuschettoRainaldoCathedralePise,remplacé,
Peinture,Monier_HistoireArtsRapportDessein.xml,CathedralePise,BuschettoRainaldoCathedralePise,remplacé,
Peinture,Monier_HistoireArtsRapportDessein.xml,SepulcreSaintDominique,NicolaPisanoSepulcreSaintDominiqueSanDomenicoBologne,remplacé,
Peinture,Monier_HistoireArtsRapportDessein.xml,CathedraleSantaMariaDelFioreFlorence,GiottoBrunelleschiAndreaPisanoCathedraleSantaMariaDelFioreFlorence,remplacé,
Peinture,Monier_HistoireArtsRapportDessein.xml,BasiliqueSantaCroceFlorence,ArnolfoDiCambioBasiliqueSantaCroceFlorence,remplacé,
Peinture,Monier_HistoireArtsRapportDessein.xml,CathedraleSantaMariaDelFioreFlorence,GiottoBrunelleschiAndreaPisanoCathedraleSantaMariaDelFioreFlorence,remplacé,
Peinture,Monier_HistoireArtsRapportDessein.xml,RaimondiMartyreSaintLaurent,MarcantonioRaimondiMartyreSaintLaurent,remplacé,
Peinture,Monier_HistoireArtsRapportDessein.xml,RaphaelStLuc,RaphaelSaintLucPeignantViergeAcademieSaintLucRome,remplacé,
Peinture,Monier_HistoireArtsRapportDessein.xml,LouvreParis,PalaisDuLouvreParis,remplacé,
Peinture,Monier_HistoireArtsRapportDessein.xml,LescotGoujonFontaineInnocents,PierreLescotJeanGoujonFontaineInnocentsParis,remplacé,
Peinture,Monier_HistoireArtsRapportDessein.xml,SantaMariaDellAnimaRome,BramanteGiulianoDaSangalloAndreaSansovinoEgliseSantaMariaDellAnimaRome,remplacé,
Peinture,Monier_HistoireArtsRapportDessein.xml,VesaleDeHumaniCorporisFabrica,AndreasVanWeselDeHumaniCorporisFabrica,remplacé,
Peinture,Monier_HistoireArtsRapportDessein.xml,DurerGrandePassionBois,AlbrechtDurerGrandePassionBois,remplacé,
Peinture,Monier_HistoireArtsRapportDessein.xml,LucasDeLeydeChristPortantCroix,LucasVanLeydenChristPortantCroix,remplacé,
Peinture,Monier_HistoireArtsRapportDessein.xml,LucasDeLeydeCrucifixion,LucasVanLeydenCrucifixion,remplacé,
Peinture,Monier_HistoireArtsRapportDessein.xml,RaimondiLucrece,MarcantonioRaimondiLucrece,remplacé,
Peinture,Monier_HistoireArtsRapportDessein.xml,RaimondiJugementParis,MarcantonioRaimondiRaphaelJugementParis,remplacé,
Peinture,Monier_HistoireArtsRapportDessein.xml,RaimondiMassacreInnocents,MarcantonioRaimondiRaphaelMassacreInnocents,remplacé,
Peinture,Monier_HistoireArtsRapportDessein.xml,RaimondiRomanoIModi,MarcantonioRaimondiGiulioRomanoIModi,remplacé,
Peinture,Monier_HistoireArtsRapportDessein.xml,RaimondiMartyreSaintLaurent,MarcantonioRaimondiMartyreSaintLaurent,remplacé,
Peinture,Monier_HistoireArtsRapportDessein.xml,RaimondiMartyreSaintLaurent,MarcantonioRaimondiMartyreSaintLaurent,remplacé,
Peinture,Pader_LaPeintureParlante.xml,MichelAngeJugementSixtine,MichelAngeJugementChapelleSixtineVatican,remplacé,
Peinture,Pader_SongeEnigmatique.xml,LescotGoujonFontaineInnocents,PierreLescotJeanGoujonFontaineInnocentsParis,remplacé,
Peinture,Pader_SongeEnigmatique.xml,TentureChassesMaximilien,BernaertVanOrleyTentureChassesMaximilienLouvre,remplacé,
Peinture,Piles_AbregeViePeintres.xml,TitienBacchusAriane,TitienBacchusArianeNGLondres,remplacé,
Peinture,Piles_AbregeViePeintres.xml,VeroneseCana,PaoloVeroneseNocesCanaLouvre,remplacé,
Peinture,Piles_AbregeViePeintres.xml,RaphaelTransfiguration,RaphaelTransfigurationVatican,remplacé,
Peinture,Piles_AbregeViePeintres.xml,PalaisLuxembourg,PalaisLuxembourgParis,remplacé,
Peinture,Piles_AbregeViePeintres.xml,RubensNaissanceLouisXIII,PeterPaulRubensNaissanceLouisXIIILouvre,remplacé,
Peinture,Piles_AbregeViePeintres.xml,RaphaelLeonX,RaphaelPortraitLeonXOfficesFlorence,remplacé,
Peinture,Piles_AbregeViePeintres.xml,RaphaelLeonX,RaphaelPortraitLeonXOfficesFlorence,remplacé,
Peinture,Piles_AbregeViePeintres.xml,VigneAldobrandine,VigneAldobrandineVatican,remplacé,
Peinture,Piles_AbregeViePeintres.xml,TafiDiRicoChristFlorence,AndreaTafiDiRicoChristPantocratorBaptistereFlorence,remplacé,
Peinture,Piles_AbregeViePeintres.xml,MargaritoArezzoTombeauGregoireX,MargaritoArezzoTombeauGregoireXSanDonatoArezzo,remplacé,
Peinture,Piles_AbregeViePeintres.xml,SimoneMartiniLaureSade,SimoneMartiniPortraitLaureSade,remplacé,
Peinture,Piles_AbregeViePeintres.xml,AgnoloGaddiGiottoCampanile,AgnoloGaddiGiottoCampanileSantaMariaDelFioreFlorence,remplacé,
Peinture,Piles_AbregeViePeintres.xml,AgnoloGaddiArno,TaddeoGaddiPonteVecchioFlorence,remplacé,
Peinture,Piles_AbregeViePeintres.xml,RaphaelMesseBolsena,RaphaelMesseBolsenaVatican,remplacé,
Peinture,Piles_AbregeViePeintres.xml,VerrocchioBartolomeoColleoni,AndreaVerrocchioAlessandroLeopardiStatueBartolomeoColleoniCampoDeiSantiGiovanniEPaoloVenise,remplacé,
Peinture,Piles_AbregeViePeintres.xml,PinturicchioViePieII,PinturicchioViePieIILibreriaPiccolominiSienne,remplacé,
Peinture,Piles_AbregeViePeintres.xml,PinturicchioVueVilleBelvedere,PinturicchioVueVilleBelvedereVatican,remplacé,
Peinture,Piles_AbregeViePeintres.xml,PinturicchioAppartementsBorgia,PinturicchioAppartementsBorgiaVatican,remplacé,
Peinture,Piles_AbregeViePeintres.xml,MantegnaRetableSainteSophiePadoue,AndreaMantegnaRetableSainteSophiePadoue,remplacé,
Peinture,Piles_AbregeViePeintres.xml,MantegnaChapelleOvetari,AndreaMantegnaChapelleOvetariEgliseDesEremitiquesPadoue,remplacé,
Peinture,Piles_AbregeViePeintres.xml,MantegnaTriompheCesar,AndreaMantegnaTriompheCesarRoyalCollectionHamptonCourtPalaceLondres,remplacé,
Peinture,Piles_AbregeViePeintres.xml,RaphaelSainteCecile,RaphaelSainteCecilePinacothequeBologne,remplacé,
Peinture,Piles_AbregeViePeintres.xml,SignorelliChapelleSanBrizio,LucaSignorelliFraAngelicoChapelleSanBrizioOrvieto,remplacé,
Peinture,Piles_AbregeViePeintres.xml,MichelAngePlafondSixtine,MichelAngePlafondSixtineVatican,remplacé,
Peinture,Piles_AbregeViePeintres.xml,LeonardCeneMilan,LeonardoDaVinciCeneSantaMariaDelleGrazieMilan,remplacé,
Peinture,Piles_AbregeViePeintres.xml,LeonardAnghiari,LeonardoDaVinciBatailleDAnghiari,remplacé,
Peinture,Piles_AbregeViePeintres.xml,LeonardCeneMilan,LeonardoDaVinciCeneSantaMariaDelleGrazieMilan,remplacé,
Peinture,Piles_AbregeViePeintres.xml,PinturicchioViePieII,PinturicchioViePieIILibreriaPiccolominiSienne,remplacé,
Peinture,Piles_AbregeViePeintres.xml,RaphaelEcoleAthenes,RaphaelEcoleAthenesVatican,remplacé,
Peinture,Piles_AbregeViePeintres.xml,RaphaelDisputeSacrement,RaphaelDisputeSaintSacrementVatican,remplacé,
Peinture,Piles_AbregeViePeintres.xml,RaphaelChambreSignature,RaphaelChambreSignatureVatican,remplacé,
Peinture,Piles_AbregeViePeintres.xml,ChapelleSixtine,ChapelleSixtineVatican,remplacé,
Peinture,Piles_AbregeViePeintres.xml,ChapelleSixtine,ChapelleSixtineVatican,remplacé,
Peinture,Piles_AbregeViePeintres.xml,EgliseSainteMariePaixRome,BramantePierreDeCortoneEgliseSainteMariePaixRome,remplacé,
Peinture,Piles_AbregeViePeintres.xml,VillaFarnesineRome,BaldassarrePeruzziVillaFarnesineRome,remplacé,
Peinture,Piles_AbregeViePeintres.xml,RaphaelGalatee,RaphaelGalateeFarnesina,remplacé,
Peinture,Piles_AbregeViePeintres.xml,RaphaelGracesFarnesina,RaphaelGiulioRomanoGracesFarnesina,remplacé,
Peinture,Piles_AbregeViePeintres.xml,RaphaelTransfiguration,RaphaelTransfigurationVatican,remplacé,
Peinture,Piles_AbregeViePeintres.xml,TitienSaintJeanBaptisteAccademia,TitienSaintJeanBaptisteGalleriaDellAccademiaVenise,remplacé,
Peinture,Piles_AbregeViePeintres.xml,RaimondiRomanoIModi,MarcantonioRaimondiGiulioRomanoIModi,remplacé,
Peinture,Piles_AbregeViePeintres.xml,VillaFarnesineRome,BaldassarrePeruzziVillaFarnesineRome,remplacé,
Peinture,Piles_AbregeViePeintres.xml,BelvedereVatican,BramanteBelvedereVatican,remplacé,
Peinture,Piles_AbregeViePeintres.xml,RaphaelTransfiguration,RaphaelTransfigurationVatican,remplacé,
Peinture,Piles_AbregeViePeintres.xml,PontormoSanLorenzo,PontormoChoeurSanLorenzoFlorence,remplacé,
Peinture,Piles_AbregeViePeintres.xml,GalerieFrancoisIer,GalerieFrancoisIerFontainebleau,remplacé,
Peinture,Piles_AbregeViePeintres.xml,ChapelleSixtine,ChapelleSixtineVatican,remplacé,
Peinture,Piles_AbregeViePeintres.xml,VilladelPrincipeGenes,PerinDelVagaVillaDelPrincipeGenes,remplacé,
Peinture,Piles_AbregeViePeintres.xml,RaphaelSainteCecile,RaphaelSainteCecilePinacothequeBologne,remplacé,
Peinture,Piles_AbregeViePeintres.xml,PavementDuomoSienne,DomenicoBeccafumiPavementDuomoSantaMariaAssuntaSienne,remplacé,
Peinture,Piles_AbregeViePeintres.xml,VillaFarnesineRome,BaldassarrePeruzziVillaFarnesineRome,remplacé,
Peinture,Piles_AbregeViePeintres.xml,ChapelleSixtine,ChapelleSixtineVatican,remplacé,
Peinture,Piles_AbregeViePeintres.xml,MichelAngeIsaieSixtine,MichelAngePropheteIsaieChapelleSixtineVatican,remplacé,
Peinture,Piles_AbregeViePeintres.xml,SagrestiaNuovaFlorence,MichelAngeSagrestiaNuovaFlorence,remplacé,
Peinture,Piles_AbregeViePeintres.xml,PalaisFarneseRome,MichelAngePalaisFarneseRome,remplacé,
Peinture,Piles_AbregeViePeintres.xml,MichelAngeCapitoleRome,MichelAngeGiacomoDellaPortaCapitoleRome,remplacé,
Peinture,Piles_AbregeViePeintres.xml,MichelAngeJugementSixtine,MichelAngeJugementChapelleSixtineVatican,remplacé,
Peinture,Piles_AbregeViePeintres.xml,ChapelleSixtine,ChapelleSixtineVatican,remplacé,
Peinture,Piles_AbregeViePeintres.xml,VasariSepultureMichelAnge,GiorgioVasariSepultureMichelAngeSantaCroceFlorence,remplacé,
Peinture,Piles_AbregeViePeintres.xml,SebastianoDelPiomboLazare,SebastianoDelPiomboResurrectionLazareNGLondres,remplacé,
Peinture,Piles_AbregeViePeintres.xml,SebastianoDelPiomboLazare,SebastianoDelPiomboResurrectionLazareNGLondres,remplacé,
Peinture,Piles_AbregeViePeintres.xml,SebastianoDelPiomboVisitation,SebastianoDelPiomboVisitationLouvre,remplacé,
Peinture,Piles_AbregeViePeintres.xml,NilVatian,StatueNilVatian,remplacé,
Peinture,Piles_AbregeViePeintres.xml,GalerieFrancoisIer,GalerieFrancoisIerFontainebleau,remplacé,
Peinture,Piles_AbregeViePeintres.xml,AlmoCollegioBorromeo,AlmoCollegioBorromeoPavie,remplacé,
Peinture,Piles_AbregeViePeintres.xml,ChapelleSixtine,ChapelleSixtineVatican,remplacé,
Peinture,Piles_AbregeViePeintres.xml,EgliseSantaMariaDellaPieveArezzo,GiorgioVasariEgliseSantaMariaDellaPieveArezzo,remplacé,
Peinture,Piles_AbregeViePeintres.xml,SaintLucEtMartineRome,PierreDeCortoneEgliseSaintLucEtMartineRome,remplacé,
Peinture,Piles_AbregeViePeintres.xml,SantaMariaMaggioreRome,DomenicoFontanaFlaminioPonzioCarloRainaldiBasiliqueSantaMariaMaggioreRome,remplacé,
Peinture,Piles_AbregeViePeintres.xml,CesariBataillesCapitole,GiuseppeCesariBataillesCapitoleMuseeCapitolinRome,remplacé,
Peinture,Piles_AbregeViePeintres.xml,SantaMariaDegliAngeliMartiriRome,MichelAngeGiacomoDelDucaLuigiVanvitelliBasiliqueSantaMariaDegliAngeliMartiriRome,remplacé,
Peinture,Piles_AbregeViePeintres.xml,PalaisBarberiniRome,CarloMadernGianLorenzoBerniniFrancescoBorrominiPalaisBarberiniRome,remplacé,
Peinture,Piles_AbregeViePeintres.xml,PalaisPamphiljRome,GirolamoRainaldiPalaisPamphiljRome,remplacé,
Peinture,Piles_AbregeViePeintres.xml,PortraitGiovanniGentileBelliniLouvre,GiovanniBelliniPortraitGiovanniEtGentileBelliniLouvre,remplacé,
Peinture,Piles_AbregeViePeintres.xml,FondacoTedeschiVenise,GiorgioneTitienFondacoTedeschiVenise,remplacé,
Peinture,Piles_AbregeViePeintres.xml,TitienTriompheFoi,TitienTriompheFoiBNF,remplacé,
Peinture,Piles_AbregeViePeintres.xml,TitienBacchanaleAndriens,TitienBacchanaleAndriensPrado,remplacé,
Peinture,Piles_AbregeViePeintres.xml,TitienAlphonseIEsteBemberg,TitienPortraitAlphonseIEsteFondationBembergToulouse,remplacé,
Peinture,Piles_AbregeViePeintres.xml,TitienLauraDiantiKreuzlingen,TitienPortraitLauraDiantiCollectionHeinzKistersKreuzlingen,remplacé,
Peinture,Piles_AbregeViePeintres.xml,TitienPapePaulIIIPetitsfilsNaples,TitienPortraitPapePaulIIIPetitsfilsCapodimonte,remplacé,
Peinture,Piles_AbregeViePeintres.xml,TitienCharlesVChienPrado,TitienPortraitCharlesVChienPrado,remplacé,
Peinture,Piles_AbregeViePeintres.xml,TitienCharlesVMunich,TitienPortraitCharlesVAltePinakothekMunich,remplacé,
Peinture,Piles_AbregeViePeintres.xml,TitienSaintMarcSaluteVenise,TitienSaintMarcSantaMariaDellaSaluteVenise,remplacé,
Peinture,Piles_AbregeViePeintres.xml,TitienAnnoncitationSanSalvador,TitienAnnoncitationSanSalvadorVenise,remplacé,
Peinture,Piles_AbregeViePeintres.xml,TitienTransfigurationSanSalvator,TitienTransfigurationSanSalvatorVenise,remplacé,
Peinture,Piles_AbregeViePeintres.xml,EgliseSanSalvadorVenise,VincenzoScamozziJacopoSansovinoEgliseSanSalvadorVenise,remplacé,
Peinture,Piles_AbregeViePeintres.xml,TitienSaintJacquesMajeurSanLio,TitienSaintJacquesMajeurSanLioVenise,remplacé,
Peinture,Piles_AbregeViePeintres.xml,TitienMartyreSaintLaurentVenise,TitienMartyreSaintLaurentSantaMariaAssuntaVenise,remplacé,
Peinture,Piles_AbregeViePeintres.xml,BasiliqueSantaMariaDellaSaluteVenise,BaldassarreLonghenaBasiliqueSantaMariaDellaSaluteVenise,remplacé,
Peinture,Piles_AbregeViePeintres.xml,TintoretCrucifixionSanRocco,JacopoTintoretCrucifixionSanRoccoVenise,remplacé,
Peinture,Piles_AbregeViePeintres.xml,EgliseSanSebastianoVenise,AntonioAbbondiEgliseSanSebastianoVenise,remplacé,
Peinture,Piles_AbregeViePeintres.xml,VeroneseCana,PaoloVeroneseNocesCanaLouvre,remplacé,
Peinture,Piles_AbregeViePeintres.xml,PordenoneFresqueSanStefano,PordenoneFresqueSanStefanoVenise,remplacé,
Peinture,Piles_AbregeViePeintres.xml,PordenoneTapisserieEste,PordenoneTapisserieHerculesIIEste,remplacé,
Peinture,Piles_AbregeViePeintres.xml,MuzianoDessinTrajane,GirolamoMuzianoDessinTrajane,remplacé,
Peinture,Piles_AbregeViePeintres.xml,TitienPalmaPietaGallerieAccademiaVenise,TitienJacopoPalmaIlVecchioPietaGalleriaDellAccademiaVenise,remplacé,
Peinture,Piles_AbregeViePeintres.xml,PalmaVecchioSainteBarbeVenise,JacopoPalmaIlVecchioSainteBarbeSantaMariaFormosaVenise,remplacé,
Peinture,Piles_AbregeViePeintres.xml,EgliseSantaMariaFormosaVenise,MauroCodussiEgliseSantaMariaFormosaVenise,remplacé,
Peinture,Piles_AbregeViePeintres.xml,RaphaelSainteCecile,RaphaelSainteCecilePinacothequeBologne,remplacé,
Peinture,Piles_AbregeViePeintres.xml,DominiquinSaintAndreSanGregorio,DominiquinSaintAndreSanGregorioRome,remplacé,
Peinture,Piles_AbregeViePeintres.xml,EgliseSanGirolamoCaritaRome,CarloRainaldiDomenicoCastelliEgliseSanGirolamoCaritaRome,remplacé,
Peinture,Piles_AbregeViePeintres.xml,RaphaelTransfiguration,RaphaelTransfigurationVatican,remplacé,
Peinture,Piles_AbregeViePeintres.xml,LanfrancoCoupoleSantAndreaDellaValleRome,GiovanniLanfrancoCoupoleSantAndreaDellaValleRome,remplacé,
Peinture,Piles_AbregeViePeintres.xml,LanfrancoSistoBadalocchioLogesVatican,GiovanniLanfrancoSistoBadalocchioRaphaelLogesVatican,remplacé,
Peinture,Piles_AbregeViePeintres.xml,PietroSantiBartoliHistoireSaintPierre,PietroSantiBartoliGiovanniLanfrancoHistoireSaintPierre,remplacé,
Peinture,Piles_AbregeViePeintres.xml,LanfrancoCoupoleSantAndreaDellaValleRome,GiovanniLanfrancoCoupoleSantAndreaDellaValleRome,remplacé,
Peinture,Piles_AbregeViePeintres.xml,EgliseSaintPaulDominicainsAnvers,FransStuyckDominikusDeWaghemakereEgliseSaintPaulDominicainsAnvers,remplacé,
Peinture,Piles_AbregeViePeintres.xml,CathedraleSaintJeanLaValette,GirolamoCassarCathedraleSaintJeanLaValette,remplacé,
Peinture,Piles_AbregeViePeintres.xml,DurerGrandePassionBois,AlbrechtDurerGrandePassionBois,remplacé,
Peinture,Piles_AbregeViePeintres.xml,DurerGrandePassionBoisCene,AlbrechtDurerGrandePassionBoisCene,remplacé,
Peinture,Piles_AbregeViePeintres.xml,ResidenceMunich,LeoVonKlenzeResidenceMunich,remplacé,
Peinture,Piles_AbregeViePeintres.xml,PeterCandidAegidiusSadelerQuatreDocteursEglise,AegidiusSadelerPeterCandidQuatreDocteursEglise,remplacé,
Peinture,Piles_AbregeViePeintres.xml,PeterCandidAegidiusSadelerQuatreDocteursEglise,AegidiusSadelerPeterCandidQuatreDocteursEglise,remplacé,
Peinture,Piles_AbregeViePeintres.xml,CathedraleNotreDameAnvers,RombautIIKeldermansCathedraleNotreDameAnvers,remplacé,
Peinture,Piles_AbregeViePeintres.xml,RaphaelTapisseriesSixtine,RaphaelTapisseriesSixtineVatican,remplacé,
Peinture,Piles_AbregeViePeintres.xml,RaphaelTapisseriesSixtine,RaphaelTapisseriesSixtineVatican,remplacé,
Peinture,Piles_AbregeViePeintres.xml,QuintenMetsysDeplorationOttawa,QuintenMetsysDeplorationNGOttawa,remplacé,
Peinture,Piles_AbregeViePeintres.xml,CathedraleNotreDameAnvers,RombautIIKeldermansCathedraleNotreDameAnvers,remplacé,
Peinture,Piles_AbregeViePeintres.xml,RaphaelTapisseriesSixtine,RaphaelTapisseriesSixtineVatican,remplacé,
Peinture,Piles_AbregeViePeintres.xml,PieterCoeckeVanAelstMoeursFachonsDeFaireDeTurcz,PieterCoeckeVanAelstMoeursFachonsDeFaireDesTurcz,remplacé,
Peinture,Piles_AbregeViePeintres.xml,PieterCoeckeVanAelstMoeursFachonsDeFaireDeTurcz,PieterCoeckeVanAelstMoeursFachonsDeFaireDesTurcz,remplacé,
Peinture,Piles_AbregeViePeintres.xml,BelvedereVatican,BramanteBelvedereVatican,remplacé,
Peinture,Piles_AbregeViePeintres.xml,JacobDeGheynIIHistoirePassionCarelVanMander,JacobDeGheynIIZachariasDolendoCarelVanManderHistoirePassion,remplacé,
Peinture,Piles_AbregeViePeintres.xml,MaertenDeVosAdriaenCollaertVieChrist,AdriaenCollaertMaertenDeVosVieChrist,remplacé,
Peinture,Piles_AbregeViePeintres.xml,WierixBibliaNatalis,HieronymusWierixJohannesWierixAntonIIWierixBernardinoPasseriMaertenDeVosBibliaNatalis,remplacé,
Peinture,Piles_AbregeViePeintres.xml,OttoVanVeenPortraitAlexandreFarneseMuseesRoyauxBruxelles,OttoVanVeenPortraitAlexandreFarneseMuseesRoyauxBeauxArtsBruxelles,remplacé,
Peinture,Piles_AbregeViePeintres.xml,PalaisLuxembourg,PalaisLuxembourgParis,remplacé,
Peinture,Piles_AbregeViePeintres.xml,PalaisLuxembourg,PalaisLuxembourgParis,remplacé,
Peinture,Piles_AbregeViePeintres.xml,ChateauSaintGermainEnLaye,PierreChambigesChateauSaintGermainEnLaye,remplacé,
Peinture,Piles_AbregeViePeintres.xml,FrancoisPerrierVieSaintBrunoCloitreChartreuxLyon,FrancoisPerrierHoraceLeBlancVieSaintBrunoCloitreChartreuxLyon,remplacé,
Peinture,Piles_AbregeViePeintres.xml,ChateauDuRaincy,LouisLeVauChateauDuRaincy,remplacé,
Peinture,Piles_AbregeViePeintres.xml,CouventDesFeuillantsParis,DenisAntoineCouventDesFeuillantsParis,remplacé,
Peinture,Piles_AbregeViePeintres.xml,PalaisLuxembourg,PalaisLuxembourgParis,remplacé,
Peinture,Piles_AbregeViePeintres.xml,PalaisLuxembourg,PalaisLuxembourgParis,remplacé,
Peinture,Piles_AbregeViePeintres.xml,CouventCarmelitesRueChapon,CouventCarmelitesRueChaponParis,remplacé,
Peinture,Piles_AbregeViePeintres.xml,PalaisRoyalParis,JacquesLemercierPalaisRoyalParis,remplacé,
Peinture,Piles_AbregeViePeintres.xml,CouventCarmelitesRueChapon,CouventCarmelitesRueChaponParis,remplacé,
Peinture,Piles_AbregeViePeintres.xml,SimonVouetBibliothequeSeguier,SimonVouetBibliothequeSeguierParis,remplacé,
Peinture,Piles_AbregeViePeintres.xml,ChateauVauxLeVicomte,LouisLeVauChateauVauxLeVicomteMaincy,remplacé,
Peinture,Piles_ConversationsConnaissancePeinture.xml,ChapelleSixtine,ChapelleSixtineVatican,remplacé,
Peinture,Piles_ConversationsConnaissancePeinture.xml,RaphaelSibyllesProphetesChigi,RaphaelSibyllesProphetesChigiSantaMariaDellaPaceRome,remplacé,
Peinture,Piles_ConversationsConnaissancePeinture.xml,EgliseSainteMariePaixRome,BramantePierreDeCortoneEgliseSainteMariePaixRome,remplacé,
Peinture,Piles_ConversationsConnaissancePeinture.xml,BasiliqueSaintAugustinRome,BaccioPontelliBasiliqueSaintAugustinRome,remplacé,
Peinture,Piles_CoursPeinture.xml,RembrandtJeuneFilleDulwich,RembrandtJeuneFilleDulwichPictureGallery,remplacé,
Peinture,Piles_CoursPeinture.xml,RembrandtJeuneFilleDulwich,RembrandtJeuneFilleDulwichPictureGallery,remplacé,
Peinture,Piles_CoursPeinture.xml,RaphaelEcoleAthenes,RaphaelEcoleAthenesVatican,remplacé,
Peinture,Piles_CoursPeinture.xml,RaphaelChambreSignature,RaphaelChambreSignatureVatican,remplacé,
Peinture,Piles_CoursPeinture.xml,RaphaelEcoleAthenes,RaphaelEcoleAthenesVatican,remplacé,
Peinture,Piles_CoursPeinture.xml,RaphaelParnasse,RaphaelParnasseLouvre,remplacé,
Peinture,Piles_CoursPeinture.xml,RaphaelEcoleAthenes,RaphaelEcoleAthenesVatican,remplacé,
Peinture,Piles_CoursPeinture.xml,RaphaelEcoleAthenes,RaphaelEcoleAthenesVatican,remplacé,
Peinture,Piles_CoursPeinture.xml,RaphaelChambreSignature,RaphaelChambreSignatureVatican,remplacé,
Peinture,Piles_CoursPeinture.xml,RaphaelSignatureTheologie,RaphaelSignatureTheologieVatican,remplacé,
Peinture,Piles_CoursPeinture.xml,RaphaelSignaturePhilosophie,RaphaelSignaturePhilosophieVatican,remplacé,
Peinture,Piles_CoursPeinture.xml,RaphaelSignatureJustice,RaphaelSignatureJusticeVatican,remplacé,
Peinture,Piles_CoursPeinture.xml,RaphaelSignaturePoesie,RaphaelSignaturePoesieVatican,remplacé,
Peinture,Piles_CoursPeinture.xml,RaphaelSignaturePoesie,RaphaelSignaturePoesieVatican,remplacé,
Peinture,Piles_CoursPeinture.xml,RaphaelEcoleAthenes,RaphaelEcoleAthenesVatican,remplacé,
Peinture,Piles_CoursPeinture.xml,RaphaelEcoleAthenes,RaphaelEcoleAthenesVatican,remplacé,
Peinture,Piles_CoursPeinture.xml,RaphaelChambreSignature,RaphaelChambreSignatureVatican,remplacé,
Peinture,Piles_CoursPeinture.xml,RaphaelSignatureTheologie,RaphaelSignatureTheologieVatican,remplacé,
Peinture,Piles_CoursPeinture.xml,RaphaelSignatureJustice,RaphaelSignatureJusticeVatican,remplacé,
Peinture,Piles_CoursPeinture.xml,RaphaelSignaturePoesie,RaphaelSignaturePoesieVatican,remplacé,
Peinture,Piles_CoursPeinture.xml,RaphaelEcoleAthenes,RaphaelEcoleAthenesVatican,remplacé,
Peinture,Piles_CoursPeinture.xml,RaphaelEcoleAthenes,RaphaelEcoleAthenesVatican,remplacé,
Peinture,Piles_CoursPeinture.xml,RaphaelEcoleAthenes,RaphaelEcoleAthenesVatican,remplacé,
Peinture,Piles_CoursPeinture.xml,RaphaelEcoleAthenes,RaphaelEcoleAthenesVatican,remplacé,
Peinture,Piles_CoursPeinture.xml,RaphaelEcoleAthenes,RaphaelEcoleAthenesVatican,remplacé,
Peinture,Piles_CoursPeinture.xml,RaphaelEcoleAthenes,RaphaelEcoleAthenesVatican,remplacé,
Peinture,Piles_CoursPeinture.xml,RaphaelEcoleAthenes,RaphaelEcoleAthenesVatican,remplacé,
Peinture,Piles_CoursPeinture.xml,RaphaelEcoleAthenes,RaphaelEcoleAthenesVatican,remplacé,
Peinture,Piles_CoursPeinture.xml,RubensCycleMedicisLuxembourg,PeterPaulRubensCycleMedicisLuxembourgLouvre,remplacé,
Peinture,Piles_CoursPeinture.xml,VeroneseCana,PaoloVeroneseNocesCanaLouvre,remplacé,
Peinture,Piles_CoursPeinture.xml,RubensCycleMedicisLuxembourg,PeterPaulRubensCycleMedicisLuxembourgLouvre,remplacé,
Peinture,Piles_CoursPeinture.xml,RubensNaissanceLouisXIII,PeterPaulRubensNaissanceLouisXIIILouvre,remplacé,
Peinture,Piles_DialogueColoris.xml,RubensCycleMedicisLuxembourg,PeterPaulRubensCycleMedicisLuxembourgLouvre,remplacé,
Peinture,Piles_DialogueColoris.xml,RubensCycleMedicisLuxembourg,PeterPaulRubensCycleMedicisLuxembourgLouvre,remplacé,
Peinture,Piles_DialogueColoris.xml,OttoVanVeenThomasAquin,OttoVanVeenRecueilVieThomasAquin,remplacé,
Peinture,Vasari_Vite1568Memofonte.xml,RaimondiHommeDrapeau,MarcantonioRaimondiHommeAuDrapeau,remplacé,
Peinture,Vinci_TrattatoPittura_ITA.xml,VerrocchioLeonardoBapteme,AndreaVerrocchioLeonardoDaVinciBaptemeChristOfficesFlorence,remplacé,
Peinture,Vinci_TrattatoPittura_ITA.xml,LeonardMeduse,LeonardoDaVinciMeduse,remplacé,
Peinture,Vinci_TrattatoPittura_ITA.xml,LeonardMadoneOeillet,LeonardoDaVinciMadoneOeilletAltePinakothekMunich,remplacé,
Peinture,Vinci_TrattatoPittura_ITA.xml,LeonardDessinNeptune,LeonardoDaVinciDessinNeptune,remplacé,
Peinture,Vinci_TrattatoPittura_ITA.xml,LeonardAnghiari,LeonardoDaVinciBatailleDAnghiari,remplacé,
Peinture,Vinci_TrattatoPittura_ITA.xml,LeonardMeduse,LeonardoDaVinciMeduse,remplacé,
Peinture,Vinci_TrattatoPittura_ITA.xml,LeonardAdorationMages,LeonardoDaVinciAdorationMagesOfficesFlorence,remplacé,
Peinture,Vinci_TrattatoPittura_ITA.xml,LeonardCeneMilan,LeonardoDaVinciCeneSantaMariaDelleGrazieMilan,remplacé,
Peinture,Vinci_TrattatoPittura_ITA.xml,LeonardAssomptionMilan,LeonardoDaVinciAssomptionSaintDominiqueSaintPierreLudovicLeMoreBeatriceDEsteMilan,remplacé,
Peinture,Vinci_TrattatoPittura_ITA.xml,LeonardLionMecanique,LeonardoDaVinciLionMecanique,remplacé,
Peinture,Vinci_TrattatoPittura_ITA.xml,LeonardCartonBurlington,LeonardoDaVinciCartonBurlingtonNGLondres,remplacé,
Peinture,Vinci_TrattatoPittura_ITA.xml,LeonardIsabelleEste,LeonardoDaVinciPortraitIsabelleEsteLouvre,remplacé,
Peinture,Vinci_TrattatoPittura_ITA.xml,LeonardIsabelleEste,LeonardoDaVinciPortraitIsabelleEsteLouvre,remplacé,
Peinture,Vinci_TrattatoPittura_ITA.xml,LeonardGinevraBenci,LeonardoDaVinciPortraitGinevraBenciNGWashington,remplacé,
Peinture,Vinci_TrattatoPittura_ITA.xml,MelziFlora,FrancescoMelziFloraHermitageSaintPetersbourg,remplacé,
Peinture,Vinci_TrattatoPittura_ITA.xml,Salle500Florence,LeonardoDaVinciGiorgioVasariMichelAngeSalleDesCinqCentsPalazzoVecchioFlorence,remplacé,
Peinture,Vinci_TrattatoPittura_ITA.xml,LeonardAnghiari,LeonardoDaVinciBatailleDAnghiari,remplacé,
Peinture,Vinci_TrattatoPittura_ITA.xml,Salle500Florence,LeonardoDaVinciGiorgioVasariMichelAngeSalleDesCinqCentsPalazzoVecchioFlorence,remplacé,
Peinture,Vinci_TrattatoPittura_ITA.xml,MichelAngeCascina,MichelAngeBatailleCascina,remplacé,
Peinture,Vinci_TrattatoPittura_ITA.xml,SanFrancescoGrandeMilan,AntonioNuvoloneEgliseSanFrancescoGrandeMilan,remplacé,
Peinture,Vinci_TrattatoPittura_ITA.xml,BibliothequeAmbrosienneMilan,FabioMangoneGiacomoMoragliaFrancescoMariaRichiniBibliothequeAmbrosienneMilan,remplacé,
Peinture,Vinci_TrattatoPittura_ITA.xml,LeonardSainteAnne,LeonardoDaVinciSainteAnneLouvre,remplacé,
Peinture,Vinci_TrattatoPittura_ITA.xml,LeonardViergeRochers,LeonardoDaVinciViergeRocherLouvre,remplacé,
Peinture,Vinci_TrattatoPittura_ITA.xml,ViergeAuxBalancesLouvre,AnonymeViergeAuxBalancesLouvre,remplacé,
Peinture,Vinci_TrattatoPittura_ITA.xml,LeonardManuscritMotoMisuraAcqua,LeonardoDaVinciManuscritMotoMisuraAcquaVatican,remplacé,
Peinture,Zuccari_OrigineProgressoAcademiaDissegno.xml,ZuccariCardinaleBorromeo,FedericoZuccaroCardinaleBorromeoCollegioBorromeoPavie,remplacé,
Peinture,Zuccari_OrigineProgressoAcademiaDissegno.xml,SaintThomasPavie,EgliseSaintThomasPavie,remplacé,
Peinture,Zuccari_OrigineProgressoAcademiaDissegno.xml,SaintLucEtMartineRome,PierreDeCortoneEgliseSaintLucEtMartineRome,remplacé,
Peinture,Zuccari_OrigineProgressoAcademiaDissegno.xml,RaphaelStLuc,RaphaelSaintLucPeignantViergeAcademieSaintLucRome,remplacé,
Peinture,Zuccari_OrigineProgressoAcademiaDissegno.xml,SaintLucEtMartineRome,PierreDeCortoneEgliseSaintLucEtMartineRome,remplacé,
Architecture,Bartoli_ArchitetturaATIR.xml,MurailleServienne,MurailleServienneRome,remplacé,
Architecture,Bartoli_ArchitetturaATIR.xml,AntiqueBasiliqueVaticane,BasiliqueVaticaneAntique,remplacé,
Architecture,Bartoli_ArchitetturaATIR.xml,AntiqueBasiliqueVaticane,BasiliqueVaticaneAntique,remplacé,
Architecture,Bartoli_ArchitetturaATIR.xml,MausoleeHalicarnasse,MausoleeHalicarnasseBodrum,remplacé,
Architecture,Bartoli_ArchitetturaATIR.xml,PortiquePompeeRome,PortiqueDePompeeRome,remplacé,
Architecture,Bartoli_ArchitetturaATIR.xml,TempleArtemisEphese,MetagenesTheodoreDeSamosChersiphronTempleArtemisEphese,remplacé,
Architecture,Bartoli_ArchitetturaATIR.xml,AntiqueBasiliqueVaticane,BasiliqueVaticaneAntique,remplacé,
Architecture,Bartoli_ArchitetturaATIR.xml,ViaAppia,ViaAppiaRome,remplacé,
Architecture,Bartoli_ArchitetturaATIR.xml,TempleArtemisEphese,MetagenesTheodoreDeSamosChersiphronTempleArtemisEphese,remplacé,
Architecture,Bartoli_ArchitetturaATIR.xml,CastelSantAngeloRome,AntonioDaSangalloIlGiovaneCastelSantAngeloRome,remplacé,
Architecture,Bartoli_ArchitetturaATIR.xml,PonteDiCesareSulReno,PontDeCesarSurLeRhinNeuwied,remplacé,
Architecture,Bartoli_ArchitetturaATIR.xml,TempleArtemisEphese,MetagenesTheodoreDeSamosChersiphronTempleArtemisEphese,remplacé,
Architecture,Bartoli_ArchitetturaATIR.xml,AntiqueBasiliqueVaticane,BasiliqueVaticaneAntique,remplacé,
Architecture,Bartoli_ArchitetturaATIR.xml,TempleArtemisEphese,MetagenesTheodoreDeSamosChersiphronTempleArtemisEphese,remplacé,
Architecture,Bartoli_ArchitetturaATIR.xml,ParthenonAthenes,PhidiasParthenonAthenes,remplacé,
Architecture,Bartoli_ArchitetturaATIR.xml,TempleArtemisEphese,MetagenesTheodoreDeSamosChersiphronTempleArtemisEphese,remplacé,
Architecture,Bartoli_ArchitetturaATIR.xml,TempleArtemisEphese,MetagenesTheodoreDeSamosChersiphronTempleArtemisEphese,remplacé,
Architecture,Bartoli_ArchitetturaATIR.xml,ViaAppia,ViaAppiaRome,remplacé,
Architecture,Bartoli_ArchitetturaATIR.xml,ViaAppia,ViaAppiaRome,remplacé,
Architecture,Bartoli_ArchitetturaATIR.xml,ViaOstiense,ViaOstienseRome,remplacé,
Architecture,Bartoli_ArchitetturaATIR.xml,BasiliqueSaintPaulHorsLesMurs,BasiliqueSaintPaulHorsLesMursRome,remplacé,
Architecture,Bartoli_ArchitetturaATIR.xml,PonteSantAngeloRome,PontSantAngeloRome,remplacé,
Architecture,Bartoli_ArchitetturaATIR.xml,AntiqueBasiliqueVaticane,BasiliqueVaticaneAntique,remplacé,
Architecture,Bartoli_ArchitetturaATIR.xml,PonteSantAngeloRome,PontSantAngeloRome,remplacé,
Architecture,Bartoli_ArchitetturaATIR.xml,ColosseumRome,ColiseeRome,remplacé,
Architecture,Bartoli_ArchitetturaATIR.xml,PortSyracuse,PorteDeSyracuse,remplacé,
Architecture,Bartoli_ArchitetturaATIR.xml,PonteSantAngeloRome,PontSantAngeloRome,remplacé,
Architecture,Bartoli_ArchitetturaATIR.xml,AntiqueBasiliqueVaticane,BasiliqueVaticaneAntique,remplacé,
Architecture,Bassi_DispareriArchitettura.xml,BaptistereDomeDeMilan,VincenzoSeregniPellegrinoTibaldiBaptistereDomeDeMilan,remplacé,
Architecture,Bassi_DispareriArchitettura.xml,TibaldiAnnonciationSantaMariaAnnunciataCamposanto,PellegrinoTibaldiVincenzoSeregniAnnonciationSantaMariaAnnunciataCamposantoMilan,remplacé,
Architecture,Bassi_DispareriArchitettura.xml,TibaldiAnnonciationSantaMariaAnnunciataCamposanto,PellegrinoTibaldiVincenzoSeregniAnnonciationSantaMariaAnnunciataCamposantoMilan,remplacé,
Architecture,Bassi_DispareriArchitettura.xml,TibaldiAnnonciationSantaMariaAnnunciataCamposanto,PellegrinoTibaldiVincenzoSeregniAnnonciationSantaMariaAnnunciataCamposantoMilan,remplacé,
Architecture,Bassi_DispareriArchitettura.xml,BaptistereDomeDeMilan,VincenzoSeregniPellegrinoTibaldiBaptistereDomeDeMilan,remplacé,
Architecture,Bassi_DispareriArchitettura.xml,BaptistereDomeDeMilan,VincenzoSeregniPellegrinoTibaldiBaptistereDomeDeMilan,remplacé,
Architecture,Bassi_DispareriArchitettura.xml,BaptistereDomeDeMilan,VincenzoSeregniPellegrinoTibaldiBaptistereDomeDeMilan,remplacé,
Architecture,Bassi_DispareriArchitettura.xml,BaptistereDomeDeMilan,VincenzoSeregniPellegrinoTibaldiBaptistereDomeDeMilan,remplacé,
Architecture,Bassi_DispareriArchitettura.xml,TempiettoSanPietroMontorioRome,BramanteTempiettoSanPietroMontorioRome,remplacé,
Architecture,Bassi_DispareriArchitettura.xml,TibaldiAnnonciationSantaMariaAnnunciataCamposanto,PellegrinoTibaldiVincenzoSeregniAnnonciationSantaMariaAnnunciataCamposantoMilan,remplacé,
Architecture,Bassi_DispareriArchitettura.xml,BaptistereDomeDeMilan,VincenzoSeregniPellegrinoTibaldiBaptistereDomeDeMilan,remplacé,
Architecture,Bassi_DispareriArchitettura.xml,BaptistereDomeDeMilan,VincenzoSeregniPellegrinoTibaldiBaptistereDomeDeMilan,remplacé,
Architecture,Bassi_DispareriArchitettura.xml,BaptistereDomeDeMilan,VincenzoSeregniPellegrinoTibaldiBaptistereDomeDeMilan,remplacé,
Architecture,Bassi_DispareriArchitettura.xml,TibaldiAnnonciationSantaMariaAnnunciataCamposanto,PellegrinoTibaldiVincenzoSeregniAnnonciationSantaMariaAnnunciataCamposantoMilan,remplacé,
Architecture,Bassi_DispareriArchitettura.xml,EgliseSainteMariePaixRome,BramantePierreDeCortoneEgliseSainteMariePaixRome,remplacé,
Architecture,Bassi_DispareriArchitettura.xml,BaptistereDomeDeMilan,VincenzoSeregniPellegrinoTibaldiBaptistereDomeDeMilan,remplacé,
Architecture,Bassi_DispareriArchitettura.xml,TibaldiAnnonciationSantaMariaAnnunciataCamposanto,PellegrinoTibaldiVincenzoSeregniAnnonciationSantaMariaAnnunciataCamposantoMilan,remplacé,
Architecture,Bassi_DispareriArchitettura.xml,TibaldiAnnonciationSantaMariaAnnunciataCamposanto,PellegrinoTibaldiVincenzoSeregniAnnonciationSantaMariaAnnunciataCamposantoMilan,remplacé,
Architecture,Bassi_DispareriArchitettura.xml,TibaldiAnnonciationSantaMariaAnnunciataCamposanto,PellegrinoTibaldiVincenzoSeregniAnnonciationSantaMariaAnnunciataCamposantoMilan,remplacé,
Architecture,Bassi_DispareriArchitettura.xml,ColosseumRome,ColiseeRome,remplacé,
Architecture,Bassi_DispareriArchitettura.xml,BaptistereDomeDeMilan,VincenzoSeregniPellegrinoTibaldiBaptistereDomeDeMilan,remplacé,
Architecture,Bassi_DispareriArchitettura.xml,BaptistereDomeDeMilan,VincenzoSeregniPellegrinoTibaldiBaptistereDomeDeMilan,remplacé,
Architecture,Bassi_DispareriArchitettura.xml,BaptistereDomeDeMilan,VincenzoSeregniPellegrinoTibaldiBaptistereDomeDeMilan,remplacé,
Architecture,Felibien_PrincipesArchitectureSculpturePeinture.xml,Laocoon,PolydoreAthenodoreAgesandrosLaocoonVatican,remplacé,
Architecture,Palladio_QuattroLibriArchitetturaATIR.xml,ProcuratieVenise,BaldassarreLonghenaVincenzoScamozziJacopoSansovinoProcuratiesVenise,remplacé,
Architecture,Palladio_QuattroLibriArchitetturaATIR.xml,BasiliqueSaintJeanLatranRome,FrancescoBorrominiGiacomoDellaPortaDomenicoFontanaBasiliqueSaintJeanLatranRome,remplacé,
Architecture,Palladio_QuattroLibriArchitetturaATIR.xml,PorteBasiliqueSaintiCosmaDamianoRome,PorteBasiliqueSantiCosmaDamianoRome,remplacé,
Architecture,Palladio_QuattroLibriArchitetturaATIR.xml,BasiliqueSantiCosmaDamianoRome,LuigiArrigucciOrazioTorrianiBasiliqueSantiCosmaDamianoRome,remplacé,
Architecture,Palladio_QuattroLibriArchitetturaATIR.xml,ViaNomentana,ViaNomentanaRome,remplacé,
Architecture,Palladio_QuattroLibriArchitetturaATIR.xml,SantuarioMariaDellaRotondaRome,SantuarioMariaDellaRotondaAlbanoLaziale,remplacé,
Architecture,Palladio_QuattroLibriArchitetturaATIR.xml,ArcoDeiGaviVerone,ArcDesGaviVerone,remplacé,
Architecture,Palladio_QuattroLibriArchitetturaATIR.xml,CastelvecchioVerone,CastelVecchioVerone,remplacé,
Architecture,Palladio_QuattroLibriArchitetturaATIR.xml,TempleArtemisEphese,MetagenesTheodoreDeSamosChersiphronTempleArtemisEphese,remplacé,
Architecture,Palladio_QuattroLibriArchitetturaATIR.xml,SantuarioMariaDellaRotondaRome,SantuarioMariaDellaRotondaAlbanoLaziale,remplacé,
Architecture,Palladio_QuattroLibriArchitetturaATIR.xml,BasiliqueSantaFrancescaRomanaRome,CarloLambardiBasiliqueSantaFrancescaRomanaRome,remplacé,
Architecture,Palladio_QuattroLibriArchitetturaATIR.xml,ColosseumRome,ColiseeRome,remplacé,
Architecture,Palladio_QuattroLibriArchitetturaATIR.xml,ArcoDeiGaviVerone,ArcDesGaviVerone,remplacé,
Architecture,Palladio_QuattroLibriArchitetturaATIR.xml,LoggiaOdeoCornaroPadoue,GiovanniMariaFalconettoLoggiaOdeoCornaroPadoue,remplacé,
Architecture,Palladio_QuattroLibriArchitetturaATIR.xml,LoggiaOdeoCornaroPadoue,GiovanniMariaFalconettoLoggiaOdeoCornaroPadoue,remplacé,
Architecture,Palladio_QuattroLibriArchitetturaATIR.xml,SantaMariaDellaCaritaVenise,BartolomeoBonoEgliseSantaMariaDellaCaritaVenise,remplacé,
Architecture,Palladio_QuattroLibriArchitetturaATIR.xml,ChateauChambord,JacquesSourdeauPierreNepveuChateauChambord,remplacé,
Architecture,Palladio_QuattroLibriArchitetturaATIR.xml,PortiquePompeeRome,PortiqueDePompeeRome,remplacé,
Architecture,Palladio_QuattroLibriArchitetturaATIR.xml,BelvedereVatican,BramanteBelvedereVatican,remplacé,
Architecture,Palladio_QuattroLibriArchitetturaATIR.xml,SantuarioMariaDellaRotondaRome,SantuarioMariaDellaRotondaAlbanoLaziale,remplacé,
Architecture,Palladio_QuattroLibriArchitetturaATIR.xml,BasiliqueSaintsApotresRome,CarloFontanaFrancescoFontanaBasiliqueSaintsApotresRome,remplacé,
Architecture,Palladio_QuattroLibriArchitetturaATIR.xml,PalaisAntoniniUdine,AndreaPalladioMartinoFischerPalaisAntoniniUdine,remplacé,
Architecture,Palladio_QuattroLibriArchitetturaATIR.xml,PalaisChiericatiVicence,AndreaPalladioPalaisChiericatiVicence,remplacé,
Architecture,Palladio_QuattroLibriArchitetturaATIR.xml,PalaisPortoVicence,AndreaPalladioPalaisPortoVicence,remplacé,
Architecture,Palladio_QuattroLibriArchitetturaATIR.xml,PalaisThieneVicence,AndreaPalladioGiulioRomanoPalaisThieneVicence,remplacé,
Architecture,Palladio_QuattroLibriArchitetturaATIR.xml,PalaisValmaranaVicence,AndreaPalladioPalaisValmaranaVicence,remplacé,
Architecture,Palladio_QuattroLibriArchitetturaATIR.xml,VillaAlmericoCapraVicence,AndreaPalladioVincenzoScamozziVillaAlmericoCapraVicence,remplacé,
Architecture,Palladio_QuattroLibriArchitetturaATIR.xml,PalaisBarbaranDaPortoVicence,AndreaPalladioPalaisBarbaranDaPortoVicence,remplacé,
Architecture,Palladio_QuattroLibriArchitetturaATIR.xml,SantaMariaDellaCaritaVenise,BartolomeoBonoEgliseSantaMariaDellaCaritaVenise,remplacé,
Architecture,Palladio_QuattroLibriArchitetturaATIR.xml,VillaBadoerFrattaPolesine,AndreaPalladioVillaBadoerFrattaPolesine,remplacé,
Architecture,Palladio_QuattroLibriArchitetturaATIR.xml,VillaZenoCessalto,AndreaPalladioVillaZenoCessalto,remplacé,
Architecture,Palladio_QuattroLibriArchitetturaATIR.xml,VillaFoscariMira,AndreaPalladioVillaFoscariMira,remplacé,
Architecture,Palladio_QuattroLibriArchitetturaATIR.xml,VillaBarbaroMaser,AndreaPalladioVillaBarbaroMaser,remplacé,
Architecture,Palladio_QuattroLibriArchitetturaATIR.xml,VillaPisaniMontagnana,AndreaPalladioVillaPisaniMontagnana,remplacé,
Architecture,Palladio_QuattroLibriArchitetturaATIR.xml,VillaMocenigoMarocco,AndreaPalladioVillaMocenigoMarocco,remplacé,
Architecture,Palladio_QuattroLibriArchitetturaATIR.xml,VillaEmoFanzolo,AndreaPalladioVillaEmoFanzolo,remplacé,
Architecture,Palladio_QuattroLibriArchitetturaATIR.xml,VillaSaracenoAgugliaro,AndreaPalladioVillaSaracenoAgugliaro,remplacé,
Architecture,Palladio_QuattroLibriArchitetturaATIR.xml,VillaRagonaMontegaldella,AndreaPalladioVillaRagonaMontegaldella,remplacé,
Architecture,Palladio_QuattroLibriArchitetturaATIR.xml,VillaPojana,AndreaPalladioVillaPojanaMaggiore,remplacé,
Architecture,Palladio_QuattroLibriArchitetturaATIR.xml,VillaValmaranaLisiera,AndreaPalladioVillaValmaranaLisiera,remplacé,
Architecture,Palladio_QuattroLibriArchitetturaATIR.xml,VillaTrissinoSarego,AndreaPalladioVillaTrissinoSarego,remplacé,
Architecture,Palladio_QuattroLibriArchitetturaATIR.xml,VillaThieneVillafrancaPadovana,AndreaPalladioVillaThieneVillafrancaPadovana,remplacé,
Architecture,Palladio_QuattroLibriArchitetturaATIR.xml,VillaAngaranoBassanoDelGrappa,AndreaPalladioBaldassarreLonghenaVillaAngaranoBassanoDelGrappa,remplacé,
Architecture,Palladio_QuattroLibriArchitetturaATIR.xml,VillaThieneQuintoVicentino,AndreaPalladioVillaThieneQuintoVicentino,remplacé,
Architecture,Palladio_QuattroLibriArchitetturaATIR.xml,VillaGodiLugo,AndreaPalladioVillaGodiLugo,remplacé,
Architecture,Palladio_QuattroLibriArchitetturaATIR.xml,VillaSeregoPedemonte,AndreaPalladioVillaSeregoPedemonte,remplacé,
Architecture,Palladio_QuattroLibriArchitetturaATIR.xml,ViaAppia,ViaAppiaRome,remplacé,
Architecture,Palladio_QuattroLibriArchitetturaATIR.xml,ViaFlaminia,ViaFlaminiaRome,remplacé,
Architecture,Palladio_QuattroLibriArchitetturaATIR.xml,ViaAppia,ViaAppiaRome,remplacé,
Architecture,Palladio_QuattroLibriArchitetturaATIR.xml,ColosseumRome,ColiseeRome,remplacé,
Architecture,Palladio_QuattroLibriArchitetturaATIR.xml,ViaAurelia,ViaAureliaRome,remplacé,
Architecture,Palladio_QuattroLibriArchitetturaATIR.xml,ViaNomentana,ViaNomentanaRome,remplacé,
Architecture,Palladio_QuattroLibriArchitetturaATIR.xml,ViaPraenestina,ViaPraenestinaRome,remplacé,
Architecture,Palladio_QuattroLibriArchitetturaATIR.xml,ViaLabicana,ViaLabicanaRome,remplacé,
Architecture,Palladio_QuattroLibriArchitetturaATIR.xml,ViaNomentana,ViaNomentanaRome,remplacé,
Architecture,Palladio_QuattroLibriArchitetturaATIR.xml,ViaPraenestina,ViaPraenestinaRome,remplacé,
Architecture,Palladio_QuattroLibriArchitetturaATIR.xml,ViaLabicana,ViaLabicanaRome,remplacé,
Architecture,Palladio_QuattroLibriArchitetturaATIR.xml,ViaPortuense,ViaPortuenseRome,remplacé,
Architecture,Palladio_QuattroLibriArchitetturaATIR.xml,ViaOstiense,ViaOstienseRome,remplacé,
Architecture,Palladio_QuattroLibriArchitetturaATIR.xml,PonteSubliciusRome,PontSubliciusRome,remplacé,
Architecture,Palladio_QuattroLibriArchitetturaATIR.xml,PonteDiCesareSulReno,PontDeCesarSurLeRhinNeuwied,remplacé,
Architecture,Palladio_QuattroLibriArchitetturaATIR.xml,PonteSulCismonBassanoDelGrappa,PontSulCismonBassanoDelGrappa,remplacé,
Architecture,Palladio_QuattroLibriArchitetturaATIR.xml,PonteSulCismonBassanoDelGrappa,PontSulCismonBassanoDelGrappa,remplacé,
Architecture,Palladio_QuattroLibriArchitetturaATIR.xml,PonteVecchioBassanoDelGrappa,AndreaPalladioPonteVecchioBassanoDelGrappa,remplacé,
Architecture,Palladio_QuattroLibriArchitetturaATIR.xml,CastelSantAngeloRome,AntonioDaSangalloIlGiovaneCastelSantAngeloRome,remplacé,
Architecture,Palladio_QuattroLibriArchitetturaATIR.xml,PonteFabriciusRome,PontFabriciusRome,remplacé,
Architecture,Palladio_QuattroLibriArchitetturaATIR.xml,PonteCestiusRome,PontCestiusRome,remplacé,
Architecture,Palladio_QuattroLibriArchitetturaATIR.xml,PonteSubliciusRome,PontSubliciusRome,remplacé,
Architecture,Palladio_QuattroLibriArchitetturaATIR.xml,PonteNeronianoRome,PontNeronianoRome,remplacé,
Architecture,Palladio_QuattroLibriArchitetturaATIR.xml,EgliseSantoSpiritoInSassiaRome,GuidettoGuidettiBaccioPontelliAntonioDaSangalloIlGiovaneEgliseSantoSpiritoInSassiaRome,remplacé,
Architecture,Palladio_QuattroLibriArchitetturaATIR.xml,PonteSistoRome,PontSistoRome,remplacé,
Architecture,Palladio_QuattroLibriArchitetturaATIR.xml,PonteMilvioRome,PontMilviusRome,remplacé,
Architecture,Palladio_QuattroLibriArchitetturaATIR.xml,ViaFlaminia,ViaFlaminiaRome,remplacé,
Architecture,Palladio_QuattroLibriArchitetturaATIR.xml,PonteAugusteNarni,PontAugusteNarni,remplacé,
Architecture,Palladio_QuattroLibriArchitetturaATIR.xml,PonteMallioCagli,PontMallioCagli,remplacé,
Architecture,Palladio_QuattroLibriArchitetturaATIR.xml,PonteTraianoDanube,ApollodoreDeDamasPontDeTrajanDanube,remplacé,
Architecture,Palladio_QuattroLibriArchitetturaATIR.xml,PonteTibereRimini,PontTibereRimini,remplacé,
Architecture,Palladio_QuattroLibriArchitetturaATIR.xml,PonteDegliAngeliVicence,PontDesAngesVicence,remplacé,
Architecture,Palladio_QuattroLibriArchitetturaATIR.xml,PonteRialtoPalladioVenise,AndreaPalladioPontRialtoVenise,remplacé,
Architecture,Palladio_QuattroLibriArchitetturaATIR.xml,PonteSantAngeloRome,PontSantAngeloRome,remplacé,
Architecture,Palladio_QuattroLibriArchitetturaATIR.xml,PonteTibereRimini,PontTibereRimini,remplacé,
Architecture,Palladio_QuattroLibriArchitetturaATIR.xml,PonteSanPaoloVicence,PontSanPaoloVicence,remplacé,
Architecture,Palladio_QuattroLibriArchitetturaATIR.xml,PonteAltinatePadoue,PontAltinatePadoue,remplacé,
Architecture,Palladio_QuattroLibriArchitetturaATIR.xml,PonteSanLorenzoPadoue,PontSanLorenzoPadoue,remplacé,
Architecture,Palladio_QuattroLibriArchitetturaATIR.xml,PonteCorvoPadoue,PontCorvoPadoue,remplacé,
Architecture,Palladio_QuattroLibriArchitetturaATIR.xml,PonteMolinoPadoue,PontMolinoPadoue,remplacé,
Architecture,Palladio_QuattroLibriArchitetturaATIR.xml,BasiliqueSantiCosmaDamianoRome,LuigiArrigucciOrazioTorrianiBasiliqueSantiCosmaDamianoRome,remplacé,
Architecture,Palladio_QuattroLibriArchitetturaATIR.xml,BasiliqueDeFano,VitruveBasiliqueDeFano,remplacé,
Architecture,Palladio_QuattroLibriArchitetturaATIR.xml,PalazzoDellaRagionePadoue,BartolomeoRizzoFraGiovanniDegliEremitaniPalaisDellaRagionePadoue,remplacé,
Architecture,Palladio_QuattroLibriArchitetturaATIR.xml,PalaisDeLaLogeBrescia,BramantePalaisDeLaLogeBrescia,remplacé,
Architecture,Palladio_QuattroLibriArchitetturaATIR.xml,BasiliquePalladienneVicence,AndreaPalladioBasiliquePalladienneVicence,remplacé,
Architecture,Palladio_QuattroLibriArchitetturaATIR.xml,BasiliqueSantaFrancescaRomanaRome,CarloLambardiBasiliqueSantaFrancescaRomanaRome,remplacé,
Architecture,Palladio_QuattroLibriArchitetturaATIR.xml,MichelAngeCapitoleRome,MichelAngeGiacomoDellaPortaCapitoleRome,remplacé,
Architecture,Palladio_QuattroLibriArchitetturaATIR.xml,BasiliqueSantaFrancescaRomanaRome,CarloLambardiBasiliqueSantaFrancescaRomanaRome,remplacé,
Architecture,Palladio_QuattroLibriArchitetturaATIR.xml,AntiqueBasiliqueVaticane,BasiliqueVaticaneAntique,remplacé,
Architecture,Palladio_QuattroLibriArchitetturaATIR.xml,PonteAemiliusRome,PontAemiliusRome,remplacé,
Architecture,Palladio_QuattroLibriArchitetturaATIR.xml,BasiliqueSaintJeanLatranRome,FrancescoBorrominiGiacomoDellaPortaDomenicoFontanaBasiliqueSaintJeanLatranRome,remplacé,
Architecture,Palladio_QuattroLibriArchitetturaATIR.xml,TempiettoSanPietroMontorioRome,BramanteTempiettoSanPietroMontorioRome,remplacé,
Architecture,Palladio_QuattroLibriArchitetturaATIR.xml,BasiliqueSaintSebastienHorsLesMursRome,FlaminioPonzioBasiliqueSaintSebastienHorsLesMursRome,remplacé,
Architecture,Palladio_QuattroLibriArchitetturaATIR.xml,ViaAppia,ViaAppiaRome,remplacé,
Architecture,Palladio_QuattroLibriArchitetturaATIR.xml,ViaAppia,ViaAppiaRome,remplacé,
Architecture,Palladio_QuattroLibriArchitetturaATIR.xml,BasiliqueSaintSebastienHorsLesMursRome,FlaminioPonzioBasiliqueSaintSebastienHorsLesMursRome,remplacé,
Architecture,Raphael_LetteraLeoneX.xml,ColosseumRome,ColiseeRome,remplacé,
Architecture,Raphael_LetteraLeoneX.xml,TorreDelleMilizieRome,TourDesMilicesRome,remplacé,
Architecture,Vignola_ReglesDesCinqOrdesTradLeMuet.xml,VillaFarneseCaprarola,JacopoBarozziDaVignolaAntonioDaSangalloIlGiovaneBaldassarrePeruzziVillaFarneseCaprarola,remplacé,
Architecture,Vignola_ReglesDesCinqOrdesTradLeMuet.xml,PalaisChancellerieRome,BaccioPontelliPalaisChancellerieRome,remplacé,
Architecture,Vignola_RegolaDelliCinqueOrdiniArchitetturaATIR.xml,VillaFarneseCaprarola,JacopoBarozziDaVignolaAntonioDaSangalloIlGiovaneBaldassarrePeruzziVillaFarneseCaprarola,remplacé,
Architecture,Vignola_RegolaDelliCinqueOrdiniArchitetturaATIR.xml,PalaisChancellerieRome,BaccioPontelliPalaisChancellerieRome,remplacé,
Architecture,Vignola_RegolaDelliCinqueOrdiniArchitetturaATIR.xml,PalaisFarneseRome,MichelAngePalaisFarneseRome,remplacé,
Perspective,Accolti_IngannoOcchiProspettiva.xml,SustermansCosimoII,JustusSustermansPortraitCosimoIIOfficesFlorence,remplacé,
Perspective,Accolti_IngannoOcchiProspettiva.xml,LEnlevementdesSabines,GiambolognaEnlevementSabinesLoggiaDeiLanziFlorence,remplacé,
Perspective,Accolti_IngannoOcchiProspettiva.xml,MichelAngeTombeauJulienMedicis,MichelAngeTombeauJulienMedicisSanLorenzoFlorence,remplacé,
Perspective,Accolti_IngannoOcchiProspettiva.xml,MichelAngeTombeauLaurentIIMedicis,MichelAngeTombeauLaurentIIMedicisSanLorenzoFlorence,remplacé,
Perspective,Accolti_IngannoOcchiProspettiva.xml,MoschinoAdametEve,FrancescoMoscaAdamEveCathedralePise,remplacé,
Perspective,Accolti_IngannoOcchiProspettiva.xml,SantidiTitoResurrection,SantidiTitoResurrectionSantaCroceFlorence,remplacé,
Perspective,Accolti_IngannoOcchiProspettiva.xml,PontormoSanLorenzo,PontormoChoeurSanLorenzoFlorence,remplacé,
Perspective,Accolti_IngannoOcchiProspettiva.xml,MenelasetPatrocle,MenelasEtPatrocleOfficesFlorence,remplacé,
Perspective,Accolti_IngannoOcchiProspettiva.xml,PalazzoPittiFlorence,LucaFancelliPalaisPittiFlorence,remplacé,
Perspective,Barbaro_PraticaPerspettiva.xml,MantegnaChapelleOvetari,AndreaMantegnaChapelleOvetariEgliseDesEremitiquesPadoue,remplacé,
Perspective,Barbaro_PraticaPerspettiva.xml,CampanileSaintMarcVenise,JacopoSansovinoCampanileSaintMarcVenise,remplacé,
Perspective,Bosse_SentimentsDistinctionManieresPeinture.xml,VigneAldobrandine,VigneAldobrandineVatican,remplacé,
Perspective,Bosse_SentimentsDistinctionManieresPeinture.xml,RaimondiJugementParis,MarcantonioRaimondiRaphaelJugementParis,remplacé,
Perspective,Bosse_SentimentsDistinctionManieresPeinture.xml,RaimondiMassacreInnocents,MarcantonioRaimondiRaphaelMassacreInnocents,remplacé,
Perspective,Bosse_SentimentsDistinctionManieresPeinture.xml,RaimondiRepasSimon,MarcantonioRaimondiRaphaelRepasSimon,remplacé,
Perspective,Bosse_SentimentsDistinctionManieresPeinture.xml,RaimondiMartyreCecile,MarcantonioRaimondiMartyreSainteCecile,remplacé,
Perspective,Bosse_SentimentsDistinctionManieresPeinture.xml,RaimondiParnasse,MarcantonioRaimondiParnasse,remplacé,
Perspective,Bosse_SentimentsDistinctionManieresPeinture.xml,MartinoRotaJugementDernier,MartinoRotaMichelAngeJugementDernier,remplacé,
