fileName,Noms
Bartoli_ArchitetturaATIR.xml,"Antio,Antiochia,Antiochie,Antro,Apamie,Aquilone,Archacheo,Archileo,Asone,Bisseio,Borea,Carmansa,Debri,Dolioli,Egina,Gabinio,Garamanti,Isola,Isola Athamo,Isola Eubussa,Isola Galeona,Isola Taurina,Isola Zelia,Isola del faro,Iurisconsulti,Laodicee,Mazzara,Media,Menfi,Nicopoli,Nonagio,Palumbrota,Panto,Piperno,Seleucie,Spiga,Sytico,Tempe,Volsconio Montano,Zelia"
Felibien_PrincipesArchitectureSculpturePeinture.xml,"Arc de Triomphe,Arcenal,Bengala,Chaliboné,Cosne,Echet,Eglise Cathedrale de,Eglise de,Eglise de saint Denis,Eglise de saint Pierre de,Eglise de sainte Agnes,Eglise de sainte Agnes hors les,Faux-bourg saint Jacques,Guzarate,Observatoire,Palais des Tuilleries,Trevi,Vaugirard,forest de Gastine,lac de Volsene,mont Athos,mont Cyllene,port de l'Escole"
Martin_ArchitectureAlberti.xml,"Achaie,Adrie,Aetolie,Agrigente,Alatre,Albanie,Antandre,Antiochies,Apamies,Arcadie,Archilee,Arges,Armenie,Arriane,Artachees,Ascalone,Ason,Assyrie,Athanatis,Atlas,Auau,Averne,Baleares,Barcelonne,Basilique sainct Paul,Basilique sainct Pierre,Beotie,Biblon,Bissée,Bithynie,Borysthene,Boulongne,Bourgongne,Brindise,Brunduse,Bubaste,Capoa,Carmanie,Carras,Cayre,Ceraunie,Chemmis,Chio,Cilicie,Cille,Cingol,Cio,Cizyque,Clazomene,Cluse,Colchos,Collatie,Corsique,Cyclades,Cyzique,Delos,Ebuse,Ecbatane,Eglise sainct Pierre,Elephante,Eleusine,Epidaure,Epire,Esculapius,Etherée,Ethrurie,Fiezoles,Gadare,Galatie,Galeon,Gaule,Gaule Lombarde,Gaule Transalpine,Gaulle Belgique,Gibraltar,Hernie,Hyperborée,Ilerde,Incis,Insodone,Isle Euboée,Isle de Diomede,Isle de Meroe,Itales,Judée,Lacedemone,Laodicies,Laodicée,Larisse,Lerne,Leucadie,Liborne,Lydie,Lysimachie,Maiorque,Margiane,Matute,Mazaque,Mede,Medes,Medie,Megare,Melas,Melos,Mesopotamie,Milete,Minorque,Muran,Nemorense,Nicopolie,Nigrepont,Ninive,Nonacre,Olympe,Othrisie,Palibotre,Panthos,Paphos,Pasagarde,Pau,Pelouse,Pergame,Persepoli,Peru,Phar,Phenice,Phrygie,Piombino,Pirée,Platée,Populonie,Posidoine,Poussol,Propontide,Rouvre,Sames,Sardes,Sarragosse,Scythie,Scythie Asiatique,Segeste,Segobie,Seleucie,Seleucies,Senes,Seosose,Siboli,Sinope,Sithique,Smyrne,Stratonique,Stymphale,Suse,Talgé,Tanagre,Tanais,Tarse,Tempe,Tenede,There,Theresie,Therme,Thessalie,Thrace,Thyrses,Tigranocerta,Tivoli,Tollede,Trebonien,Troade,Tybre,Tyrine,Tyrus,Vilumbrie,Volscone,eglise sainct Marc,eglise sainct Pierre,la Gaule Cisalpine,les Gaules,marche Trevisane,marche d'Ancone,pays de Pont,region de Pont,royaume de Pont,temple de"
Martin_ArchitectureSerlio.xml,Vincence
Palladio_QuattroLibriArchitetturaATIR.xml,"Isole di Gade,Morforio,Pantano"
Alberti_DellaPittura.xml,tempio di Lucina appresso i Crothoniati
Bartoli_RagionamentiAccademiciATIR.xml,"Armaca,Ionia,Lucca,Media,Poggiuolo,santo spirito"
Daret_VieRaphael.xml,Pozzuollo
Doni_DisegnoATIR.xml,"Aparita,Elmo,Paradiso,Uccellatoio,monte Olivetto"
DupuyDuGrez_TraitePeinture.xml,"'Autel des Dames Maltoises,Abé de S. Martin,Academie de S. Luc,Academie du Roi,Carie,Chapelle des Penitens Noirs,Chapelle du Carmel aux grands Carmes,Chapelle du milieu du Cloître Saint Sernin,Chapelle, aux Peres Dominicains,Château du Louvre,Cloître des Peres Cordeliers,Convent de la Trinité du Mont,Eglise S. Etienne,JUNQUIERES,Lidie,Maitre Autel des Peres Carmes Déchaussez,Mausolée de,Maître Autel des Peres Minimes,Maître Autel des Pères Jesuites de la maison Professe,Palais Farnese,Palais Farneze,Palais du Pape,Parroisse Saint Nicolas,Peres de la Trinité,Port d'Alexandrie,Religieux Minimes de,Sacristie des grands Augustins,Saint Pierre,Temple d',Trinité,haute Guienne,l'Autel du Choeur des Peres Augustins,l'Eglise de la Dalbade,l'Eglise des Peres Cordeliers,l'Hôtel de Ville,l'Hôtel de Ville sur la porte du grand Consistoire,l'avant Choeur des Peres Chartreux,la Maison de Medicis,la grande Sale,le Palais du,le Petit Luxembourg,maison de Medicis,maison à la rue de l'arc des Carmes"
Lomazzo_Idea.xml,"Belvedere,Brabantia,Brera,Cana Galilea,Corso di,Fontana di Beleo,Licia,Valle di San Martino,tempio di"
Lomazzo_TraicteProportion.xml,"Achaïe,Dalmatie"
Monier_HistoireArtsRapportDessein.xml,"Abbaïe,Abbaïe du Mont Cassin,Basilique du Vatican,Batistaire saint Jean,Beauregar,Bois de Vincenne,Chapelle au,Chapelle d'Orleans aux Celestins de,Cholarge,Château de Dampierre,Château de Richelieu,Château-neuf,Colisée,Couvent de saint Marc,Douai,Dôme de saint Marc,Eglise,Eglise Nôtre-Dame,Eglise Saint André de Laval,Eglise Sainte Croix,Eglise de,Eglise de Nôtre-Dame,Eglise de Sainte Sofie,Eglise de la Rotonde,Eglise de saint Martin,Eglise de saint Nicolas,Eglise de saint Pierre,Eglise de sainte Marie,Eglise des Apôtres,Eglise des Carmes,Eglise des Florentins,Eglise saint Germain-des-Prez,Eglise saint Laurent,Eglise saint Luc,Eglise saint Pierre,Eglise sainte Agnés,Eglise sainte Croix,Eglises du Saint Esprit,Eglises saint Martin,Empire d'Orient,Fenicie,Fore di Mare,Gallerie de,Hecatompedon,Limoge,Louvain,Louvre,Mausolée à saint Pierre,Occident,Palais Farneze,Palais de,Palais de Belvedere,Palais de belvedere,Palais de saint Marc,Palais des Blaquernes,Palais du,Palais du T,Palais du T.,Palais, de saint Sebastien,Panne,Partenon,Pirennées,Places saint Pierre,Pouzaole,Regge,S. Denis,S. François,S. Jean,S. Marc,S. Pierre,Saint Antoine,Saint François,Saint Jean,Sainte Caterine,Sales des Jardins de,Samarie,Temple,Temple de,Temple de Jupiter,Temple de Jupiter Capicolin,Temple de Jupiter Capitolin,Temple de Pallas,Temple de Venus,Temple de l'Honneur,Temple de la Paix,Temple de la Vierge,Temple du Panteon,Temple à,Verseil,Xipete,alais de Belvedere,cabinet du,ceux de,la Galerie du Louvre,la Maison d'Anjou,la Nacele de saint Pierre,la Rotonde,le Panteon,saint Etienne,saint Gervais,saint Jean,saint Jean de Latran,saint Laurent,saint Marc,saint Martin,saint Paul,saint Pierre,saint Romain,saint Vincent,sainte Julie,sainte Marie,sainte Marie Majeure,sainte Martine"
Pader_SongeEnigmatique.xml,"Agen,Aurigere,Eglise Sainte
            Sicille,Galleries du Louvre,Gorone,Grece,Isle de Scio,Larise,Lers,Licie,Lorraine,Lovain,Magelan,Medon,N.Dame de la Rotonde,Normandie,Rouen,S. Sernin,Temple de
            la Salut,Temple de Diane,destroit de Gilbaltar"
Piles_AbregeViePeintres.xml,"Academie de,Arras,Bibliothéque du
              Dôme,Carie,Convent de Carmes,Eglise de,Eglise de la,Eglise de la
              Rotonde,Eglise de saint Nicolas,Lidie,Mulbrec,Palais de
                Medicis,Palais de Saint Marc,Palais du
              Podesta,S. Georges,Saint Jacques des Espagnols,Saint Jean de Latran,Saint Sébastien,Sainte Marie de la
              Minérve,Terre de Stokau,l'Eglise de,le Palais Grimani,le Réfectoire des Dominicains"
Piles_ConversationsConnaissancePeinture.xml,"Abbaye de Saint Michel d',Eglise saint Jacques d',Eglises des Premonstrez,Fleuve Thermodon,Gallerie de Luxembourg,Jardin des Tuilleries,Mont-Ida,Nostre-Dame d',Palais de Luxembourg,Palais de la tour della Parada,Steen,Vigne Borghese,chapelle de,des Augustins,des Cordeliers,des Jacobins,des Jésuites,l'Eglise de Sainte Croix-en-Jerusalem,l'Eglise du Jesus,l'Eglise neuve des Peres de l'Oratoire,la gallerie de Luxembourg"
Piles_CoursPeinture.xml,"Sepulcre des Scipions,Temple de Salomon,Temple que Salomon,la Galerie de Luxembourg,rue de Grenelle faubourg S. Germain."
Vinci_TrattatoPittura_ITA.xml,"Annunciata,Annuntiata,Basileae,Borgo S. Sepolcro,Camerino,Chiavenna,Francofurti,La vigna,Orsan Michele,S. Brancacio,San Barnaba di,San Salvi,Santa Maria novella,Valtelina,Venetia,annuntiata,biblioteca Ambrosiana,capelle,chiesa,chiesa di,chiesa di S. Sebastiano,chiesa di santa Croce,edificio,il navilio di Mortesana,la chiesa di,la sala del palazzo di,le chiese antichissime di S. Severo e di,libraria Ambrosiana,palazzo Cardinale,parrocchia reale di san Germano,refettorio de' padri Dominicani di Santa Maria delle gratie,santo Zeno di,tempio,villa del Vauero,villa del Vavero"
Zuccari_IdeaPittori.xml,"Academia nostra di,Capua,Regno de Medi"
Zuccari_OrigineProgressoAcademiaDissegno.xml,"Academia,Chiesa nostra di"
Barbaro_PraticaPerspettiva.xml,fortezza di
Bosse_SentimentsDistinctionManieresPeinture.xml,"Chateau et Maison Royale de,Nil"
