fileName,Ref
Barbaro_DieciLibriDellArchitetturaATIR.xml,"Afrique,Alexandrie,Allemagne,Arezzo,Argos,Asie,Athenes,Babylone,Baies,Capitole,Egypte,Ephese,Espagne,Euphrate,Flandres,France,Grece,Israel,Italie,Macedoine,Nil,Pesaro,Pise,Po,Ravenna,Rome,Sicile,Sienne,Tivoli,Toscane,Tripoli,Troie,Venise,Verone"
Bartoli_ArchitetturaATIR.xml,"Alexandrie,Allemagne,Angleterre,Argos,Asie,Athenes,Babylone,Bologne,Capitole,Cento,Egypte,Elide,Ephese,Espagne,Euphrate,Faenza,Flandres,Florence,France,Genes,Grece,Italie,Lazio,Lombardie,MonteCavallo,Naples,Nil,Ninive,Padoue,Phenicie,Po,Preneste,Ravenna,Rimini,Rome,Sicile,Sienne,Toscane,Tripoli,Troie,Vatican,Venise,Verone"
Bassi_DispareriArchitettura.xml,"Calidonia,Caprarola,Crema,Italie,Loreto,Mantoue,Milan,MonteCavallo,Rome,Tivoli,Toscane,Urbino,Valsolda,Venise,Verone"
Cataneo_PrimiQuatroLibriArchitetturaATIR.xml,"Afrique,Alexandrie,Angleterre,Asie,Athenes,Babylone,Bologne,Capitole,Corinthe,Egypte,Espagne,Florence,France,Genes,Grece,Italie,Lombardie,Mantoue,Milan,Naples,Nil,Pesaro,Pise,Po,Rome,Sicile,Sienne,Tivoli,Toscane,Troie,Venise,Verone"
Felibien_PrincipesArchitectureSculpturePeinture.xml,"Allemagne,Amerique,Amiens,Anet,Angers,Angleterre,Apennins,Arcueil,Armenie,Asie,Athenes,Auvergne,Avennes,Avignon,Barbazan,Barbencon,Belleville,BercheresLesPierres,Beziers,Blois,Bourgogne,Caen,Cambay,Campan,Candie,Capitole,Cappadoce,Carie,Carrara,Carthage,Catalogne,Chambray,Champagne,CharentonLePont,Charlemont,Chartres,Chateaudun,Chine,Chios,Cologne,ConchesEnOuche,Constantinople,Corinthe,Damas,Delphes,Dinant,Ecosse,Egypte,Elbe,Ephese,Espagne,Europe,Fayence,Ferrare,Flandres,Florence,France,Genes,Gouvieux,Grece,Hollande,Hongrie,Indes,Italie,IvrySurSeine,Jerusalem,Lacedemone,Languedoc,LeMans,Lemnos,Liege,Lombardie,Lyon,LyonsLaForet,Malte,Marseille,Martaban,Meudon,MezieresSurSeine,Milan,Milos,Mons,MonteCavallo,Montesson,MontmirailSarthe,MontoireSurLeLoir,Moulins,Namur,Naples,Nevers,Nimes,Nivernais,Normandie,Orange,Orleans,Paris,Paros,Passy,Pegou,Peloponnese,Picardie,Piemont,Pise,Pouzzoles,Prasville,Provence,Pyrenees,Rance,Rhodes,Rome,Roquebrun,Roses,Rouen,SaintBeat,SaintCloud,SaintDizier,SaintEtienneVille,SaintGermainEnLaye,SaintLeuDEsserent,SaintMaurDesFosses,SaintMaximin,SainteBaume,Samos,Sarrancolin,Senlis,Senonches,Sevran,Sevres,Sicyone,Sienne,SriLanka,Suede,Syrie,Tarbes,Tivoli,Tonnerre,Toscane,Tours,TrocyEnMultien,Udine,Urbania,Urbino,ValléeDeFecamp,Vatican,Venise,VerLesChartres,Vernon,Verone,Versailles,Vibraye"
Huret_RegleDescrireColomnes.xml,"France,Paris"
Martin_ArchitectureAlberti.xml,"Achaie,Afrique,Alba,Albanie,Alexandrie,Allemagne,Alpes,Amerique,Ancone,Angleterre,Antiochos,Arabie,Arezzo,Argos,Ariccia,Asie,Assos,Assyrie,Athenes,Athos,AuluGelle,Auvergne,Babylone,Bolsena,Bosphore,Boulogne,Byzance,Candie,Capitole,Capoue,Cappadoce,Carie,Carthage,Chypre,Colchide,Constantinople,Corfou,Corinthe,Crete,Crotone,Cumes,Delos,Delphes,Egine,Egypte,Elide,Ephese,Epire,Espagne,Ethiopie,Euphrate,Europe,Ferrare,Florence,Fontainebleau,France,Garama,Genes,Grece,Indes,Italie,Jerusalem,Lemnos,Lesbos,Leyde,Libye,Locres,Lombardie,Lucanie,Lyon,Macedoine,Marseille,Memphis,Mestre,Modene,Naples,Nil,Ostie,Paris,Paros,Pavie,PaysBas,Perse,Perugia,Pharos,Plaisance,Pompei,Portugal,Pouzzoles,Preneste,Procida,Ravenna,Rhin,Rhodes,Rimini,Romagne,Rome,Sagonte,Samos,Sardaigne,Selinonte,Sicile,Sienne,Spolete,Syracuse,Syrie,Thebaide,Thebes,Tibre,Tivoli,Toscane,Tours,Troie,Tyr,Urbino,Utique,Vatican,Venise,Verone,Volterra"
Martin_ArchitectureSerlio.xml,"Allemagne,Bologne,Fontainebleau,France,Italie,Urbino,Vicence"
Martin_DiscoursSongePoliphile.xml,"Alexandrie,Arabie,Asie,Athenes,Babylone,Barbarie,Bologne,Calabre,Carie,Cotton,Crete,Egypte,Ephese,Europe,France,Indes,Lyon,Memphis,Nil,Paris,Perse,Po,Portugal,Preneste,Rhodes,Rome,Sicile,Thebes,Tibre,Trevise,Tripoli,Troie,Vatican"
Palladio_ArchitectureTradFreart.xml,"Allemagne,Alpes,Ancone,Asie,Babylone,Bologne,Bresso,Capitole,Constantinople,Corinthe,Cumes,Ephese,Euphrate,Florence,France,Frioul,Grece,Hongrie,Italie,Jerusalem,Judee,Languedoc,Milan,Monza,Naples,Navarre,Nimes,Padoue,Paris,Pise,Preneste,Rimini,Rome,Sienne,Tibre,Tivoli,Toscane,Tours,Troie,Venise,Verone,Vicence"
Palladio_DescritioneChieseATIR.xml,"Capitole,Egypte,Ephese,Espagne,Grece,Italie,Padoue,Rome,Vatican"
Palladio_QuattroLibriArchitetturaATIR.xml,"Allemagne,Asie,Babylone,Baies,Bologne,Capitole,CastelFranco,Egypte,Ephese,Euphrate,Florence,France,Grece,Italie,Milan,Monza,Naples,Padoue,Pise,Preneste,Pula,Rimini,Rome,Sienne,Tivoli,Toscane,Venise,Verone"
Raphael_LetteraLeoneX.xml,"Grece,Italie,Rome"
Sambin_DiversiteTermesArchitecture.xml,"Corinthe,France,Lyon"
Scamozzi_IdeaArchitetturaUniversaleATIR.xml,"Afrique,Alexandrie,Allemagne,Amerique,Amiens,Amsterdam,Angleterre,Arezzo,Argos,Arno,Asie,Athenes,Babylone,Baies,Blois,Bologne,Bordeaux,Capitole,CastelFranco,Come,Corinthe,Egypte,Espagne,Euphrate,Fabriano,Flandres,Florence,France,Genes,Grece,Italie,Lombardie,Londres,Macedoine,Madrid,Maiano,Malte,Mantoue,Milan,Monaco,Naples,Nil,Ninive,Orleans,Padoue,Paris,Parme,Pavie,Pesaro,Pise,Preneste,Pula,Ravenna,Rome,Sicile,Sicyone,Sienne,Tivoli,Toscane,Trevise,Troie,Vatican,Venise,Vercelli,Verone"
Serlio_LibroExtraodinarioArchitetturaATIR.xml,"Fontainebleau,France,Rome,Toscane,Venise"
Vignola_RegolaDelliCinqueOrdiniArchitetturaATIR.xml,Rome
Agucchi_TrattatoPittura.xml,"Allemagne,Bologne,Flandres,France,Italie,Lombardie,Parme,Rome,Venise"
Alberti_DellaPittura.xml,"Allemagne,Elide,Espagne,Ferrare,Florence,Grece,Italie,Rhodes,Rome,Sicile,Venise,Verone"
Armenini_PrecettiDellaPitturaATIR.xml,"Asie,Barbarie,Bologne,Cana,Capitole,CastelFranco,Egypte,Ephese,Espagne,Faenza,Flandres,Florence,France,Genes,Grece,Italie,Lombardie,Mantoue,Milan,Mons,Naples,Nil,Paris,Parme,Pesaro,Phenicie,Pise,Ravenna,Romagne,Rome,Sicile,Sienne,Toscane,Udine,Urbino,Vatican,Venise,Vercelli"
Baglione_ViteATIR.xml,"Allemagne,Angleterre,Arezzo,Argos,Arno,Asie,Athenes,Bologne,Cadore,Cana,Capitole,CastelFranco,Cento,CittaDiCastello,Come,Cremone,Egypte,Ephese,Espagne,Faenza,Flandres,Florence,France,Francfort,Genes,Grece,Italie,Lombardie,Macedoine,Madrid,Maiano,Malte,Mantoue,Milan,Monaco,MonteCavallo,Naples,Nil,Novare,Padoue,Paris,Parme,Pesaro,Pise,Ravenna,Rimini,Rome,Sicile,Sicyone,Sienne,Tibre,Tivoli,Toscane,Troie,Vatican,Venise"
Baldinucci_Notizie.xml,"Alexandrie,Allemagne,Angleterre,Anvers,Arezzo,Arno,Asie,Athenes,Babylone,Belvedere,Bologne,Brie,Bruges,Capitole,Cento,CittaDiCastello,Corinthe,Cremone,Egypte,Espagne,Faenza,Flandres,Florence,France,Genes,Grece,Haarlem,Italie,Lombardie,Lyon,Maiano,Milan,Monaco,Mons,Monza,Naples,Orleans,Orvieto,Padoue,Paris,Parme,Pavie,Pise,Pistoia,Ravenna,Rhin,Rimini,Rome,Sicile,Sicyone,Sienne,Toscane,Udine,Urbino,Vatican,Venise,Verone"
Baldinucci_Vocabolario.xml,"Allemagne,Angleterre,Arezzo,Arno,Asie,Babylone,Belvedere,Corinthe,Egypte,Ephese,Espagne,Ferrare,Flandres,Florence,France,Genes,Grece,Italie,Kalkar,Liege,Macedoine,Maiano,Malte,Milan,Monaco,Mons,Naples,Nil,Paris,Pise,Pula,Rome,Sicile,Sicyone,Sienne,Tivoli,Toscane,Tripoli,Urbino,Venise,Verone"
Bartoli_RagionamentiAccademiciATIR.xml,"Anvers,Arcadie,Arezzo,Argos,Arno,Assyrie,Athenes,Babylone,Bologne,Chypre,Cortone,Cracovie,Delphes,Egypte,Ephese,Espagne,Euphrate,Ferrare,Fiesole,Florence,France,Genes,Grece,Italie,Libye,Mantoue,Milan,MontFalterona,Naples,Parnasse,Pise,Rome,Salerno,Sardaigne,Sicile,Sienne,Thessalie,Toscane,Troia,Troie,Tyr,Venise"
Bellori_DescrizzioneImagiDipinteRafelloATIR.xml,"Allemagne,Angleterre,Anvers,Asie,Athenes,Belvedere,Bologne,Egypte,Elide,Ephese,Espagne,Flandres,Florence,France,Grece,Italie,Lombardie,Mantoue,Milan,Naples,Nil,Paris,Parme,Pise,Ravenna,Rome,Sicyone,Sienne,Tivoli,Toscane,Udine,Urbino,Vatican,Venise,Verone"
Bellori_ViteATIR.xml,"Alexandrie,Allemagne,Amiens,Angleterre,Arezzo,Arno,Athenes,Blois,Bologne,Capitole,Cento,Come,Cremone,Egypte,Espagne,Flandres,Florence,France,Genes,Grece,Grottaferrata,Italie,Lombardie,Londres,Madrid,Malines,Malte,Mantoue,Milan,Monaco,Mons,Naples,Nil,Orange,Orleans,Padoue,Paris,Parme,Pesaro,Pise,Ravenna,Rimini,Rome,Sicile,Sienne,Tivoli,Toscane,Troie,Vatican,Venise"
Borghini_RiposoATIR.xml,"Alexandrie,Allemagne,Angleterre,Arezzo,Arno,Asie,Athenes,Babylone,Bologne,Cadore,Cana,Capitole,CastelFranco,CittaDiCastello,Cnide,Corinthe,Cremone,Egypte,Elide,Ephese,Espagne,Euphrate,Fabriano,Faenza,Flandres,Florence,Fontainebleau,France,Genes,Grece,Italie,Lombardie,Macedoine,Maiano,Malte,Mantoue,Milan,Naples,Nil,Padoue,Paris,Parme,Pesaro,Pise,Ravenna,Rimini,Rome,SantAngeloInVado,Sicyone,Sienne,Tibre,Tivoli,Toscane,Troie,Venise,Verone"
Celio_Memoria.xml,"Arpino,Athenes,Bologne,Brescia,Cana,Capitole,Caravaggio,Cento,CittaDiCastello,Faenza,Florence,Genes,Loreto,Lucques,Milan,Modene,Naples,Nil,Novare,Orvieto,Padoue,Paris,Passignano,Pesaro,Pomarance,Portugal,Rome,Sansepolcro,SantAngeloInVado,Sermoneta,Sienne,Toscane,Urbino,Vatican,Volterra"
Cellini_VitaBenvenutoCelliniATIR.xml,"Allemagne,Angleterre,Arezzo,Arno,Belvedere,Bologne,Capitole,Espagne,Faenza,Florence,France,Italie,Lombardie,Mantoue,Milan,Naples,Padoue,Paris,Parme,Pavie,Pise,Po,Ravenna,Rome,Sicile,Sienne,Toscane,Urbino,Venise"
Condivi_VitaMichelangeloATIR.xml,"Bologne,Cento,Flandres,Florence,France,Israel,Italie,Mantoue,Parme,Pise,Rome,Toscane,Venise"
Daret_VieRaphael.xml,"Allemagne,Antioche,Assise,Bologne,CittaDiCastello,Egypte,Europe,Flandres,Florence,France,Frioul,Genes,Grece,Italie,Maiano,Naples,Nuremberg,Palerme,Paris,Parme,Perugia,Plaisance,Rome,Sicile,Sienne,Toscane,Touraine,Troie,Urbino,Vatican,Venise,Verone"
Dolce_DialogoDellaPitturaIntitolatoAretinoMemofonte.xml,"Allemagne,Angleterre,Argos,Bologne,Corinthe,France,Italie,Mantoue,Parme,Pesaro,Rome,Tibre,Urbino,Venise"
Doni_DisegnoATIR.xml,"Afrique,Arezzo,Arno,Bologne,Capitole,CastelFranco,Florence,France,Genes,Grece,Italie,Mantoue,Naples,Padoue,Paris,Parme,Pavie,Ravenna,Rome,Troie,Venise"
DupuyDuGrez_TraitePeinture.xml,"Alabanda,Albigeois,Allemagne,Amerique,Ancyre,Angleterre,Anvers,Ardea,Asie,Athenes,Avignon,Babylone,Basel,Berlin,Bologne,Bruges,Capitole,Carthage,Chine,Cologne,Constantinople,Corinthe,Cortone,Delphes,Egypte,Elide,Espagne,Europe,Flandres,Florence,France,Genes,Grece,Italie,Languedoc,Liege,Loire,Lombez,Lucques,Lyon,Mainz,Malte,Mantoue,Marathon,Marseille,Mauritanie,Memphis,Milan,Naples,Navarre,Nuremberg,Paris,Parme,Perugia,Pessinonte,Plaisance,Platees,Ravenna,Rhodes,Rome,SaintEtienneVille,Sicile,Sicyone,Sienne,Strasbourg,Syrie,Thasos,Thebes,Toscane,Toulouse,Troie,Urbino,Vatican,Venise,Verone,Versailles"
Felibien_Entretiens1.xml,"Allemagne,Ancone,Angleterre,Ardea,Arezzo,Athenes,Avignon,Babylone,Barbarie,Belvedere,Bergame,Bologne,Bordeaux,Calabre,Candie,Capitole,Champagne,Constantinople,Corinthe,Cortone,Delphes,Egypte,Espagne,Europe,Fabriano,Faenza,Ferrare,Flandres,Florence,Fontainebleau,France,Francfort,Grece,Hongrie,Italie,Jerusalem,Lombardie,Lyon,Macedoine,Mantoue,Marathon,Marseille,Messine,Milan,Modene,Naples,Orvieto,Padoue,Palerme,Paris,Parme,Pavie,Perse,Perugia,Pise,Pistoia,Portugal,Pouzzoles,Provence,Ravenna,Rhodes,Rimini,Rome,Sicile,Sicyone,Sienne,Strasbourg,Tivoli,Toscane,Trevise,Udine,Urbino,Vatican,Venise,Verone"
Felibien_Entretiens2.xml,"Afrique,Allemagne,Alost,Angleterre,Anvers,Arezzo,Asie,Athenes,Autriche,Basel,Belvedere,Blois,Bologne,Brabant,Breda,Bresso,Bruegel,Bruges,Bruxelles,Candie,Capitole,Caprarola,Champagne,Constantinople,Delft,Egypte,Espagne,Europe,Faenza,Ferrare,Flandres,Florence,Fontainebleau,France,Frioul,Genes,Grece,Hollande,Indes,Italie,Jerusalem,Liege,Lombardie,Londres,Lyon,Mantoue,Marseille,Messine,Meudon,Milan,Naples,Narbonne,Navarre,Nuremberg,Orleans,Orvieto,Paris,Parme,Pavie,Perse,Perugia,Picardie,Pise,Plaisance,Prague,Rhodes,Rome,Savoie,Sicile,Sicyone,Sienne,Suisse,Troie,Udine,Urbino,Vatican,Venise,Verone"
Felibien_Entretiens3.xml,"Allemagne,Ancone,Angleterre,Anvers,Arezzo,Asie,Athenes,Babylone,Blois,Bologne,Bresso,Brie,Bruegel,Bruges,Bruxelles,Cadore,Cana,Capitole,Caprarola,Cortone,Delft,Egypte,Espagne,Europe,Ferrare,Flandres,Florence,Fontainebleau,France,Francfort,Frascati,Frioul,Genes,Hollande,Hongrie,Italie,Jerusalem,Leyde,Lombardie,Loreto,Lyon,Madrid,Malines,Malte,Mantoue,Meudon,Milan,Modene,Monza,Naples,Orleans,Padoue,Paris,Parme,Perse,Pise,Pologne,Portugal,Ravenna,Rome,Savoie,Sens,Sienne,Suisse,Tours,Trevise,Urbino,Utrecht,Valence,Vatican,Venise,Verone,Versailles"
Felibien_Entretiens4.xml,"Allemagne,Amiens,Angleterre,Anvers,Athenes,Augsbourg,Autriche,Belvedere,Blois,Bologne,Breda,Bruegel,Bruxelles,Caprarola,Champagne,Cologne,Constantinople,Cortone,Egypte,Ephese,Espagne,Europe,Flandres,Florence,Fontainebleau,France,Frascati,Genes,Grece,Grottaferrata,Haarlem,Hollande,Indes,Israel,Italie,Lallaing,Leyde,Lombardie,Londres,Lyon,Malines,Mantoue,Marseille,Memphis,Messine,Milan,Modene,Munich,Naples,Navarre,Normandie,Orange,Orleans,Palerme,Paris,Parme,Picardie,Poitou,Pologne,Portugal,Rome,Savoie,Sicile,Sienne,Tours,Troie,Urbino,Utrecht,Vatican,Venise,Versailles"
Freart_IdeaDellaPerfezione.xml,"Allemagne,Athenes,Corinthe,Flandres,Florence,France,Italie,Milan,Paris,Rome,Troie,Vatican"
Frey_CodiceMagliabechianoATIR.xml,"Alexandrie,Allemagne,Arezzo,Arno,Asie,Athenes,Belvedere,Bologne,Cnide,Corinthe,Egypte,Elide,Ephese,Espagne,Faenza,Florence,France,Genes,Grece,Italie,Macedoine,Milan,Naples,Nil,Padoue,Pise,Rimini,Rome,Sicyone,Sienne,Urbino,Venise,Verone"
Frey_LibroAntonioBilliATIR.xml,"Arezzo,Arno,Athenes,Faenza,Florence,France,Italie,Milan,Naples,Padoue,Pesaro,Pise,Rome,Sicile,Sienne,Venise"
Félibien_Entretiens5.xml,"Allemagne,Amerique,Angleterre,Anvers,Argos,Athenes,Autriche,Avignon,Belvedere,Berne,Blois,Bologne,Bresso,Bruegel,Bruxelles,Calabre,Champagne,Cortone,Ephese,Espagne,Europe,Ferrare,Flandres,Florence,Fontainebleau,France,Frascati,Hollande,Hongrie,Indes,Italie,Liege,Lombardie,Londres,Lyon,Macedoine,Madrid,Malines,Mantoue,Marseille,Milan,Mons,Montpellier,Naples,Normandie,Orleans,Paris,Pise,Prague,Provence,Rome,SaintQuentinVille,Sceaux,Sicile,Suede,Tivoli,Tours,Troie,Urbino,Vatican,Venise,Verone,Versailles,Volterra"
Lomazzo_Idea.xml,"Afrique,AlexandrieItalie,Allemagne,Amerique,Anvers,Argos,Asie,Athenes,Babylone,Bologne,Cnide,Come,Cremone,Egypte,Ephese,Espagne,Florence,France,Genes,Grece,Israel,Italie,Jerusalem,Louvain,Lugano,Mantoue,Milan,Naples,Novare,Padoue,Parme,Ravenna,Rome,SaintQuentinVille,Sicile,Sicyone,Sienne,Terranova,Urbania,Valduggia,Varallo,Vatican,Venise,Vercelli,Verone"
Lomazzo_TraicteProportion.xml,"Argos,Athenes,Babylone,BassanoDelGrappa,Bologne,Cana,Corinthe,Egypte,Elide,Europe,Florence,Fontainebleau,France,Galilee,Grece,Hollande,Indes,Italie,Lombardie,Milan,MonteCavallo,Naples,Parme,Pavie,Perou,Piemont,Plaisance,Pula,Rhodes,Rome,Tivoli,Toscane,Toulouse,ValleDiBlenio,Verone"
Lomazzo_TrattatoATIR.xml,"Afrique,Alexandrie,Allemagne,Angleterre,Argos,Arno,Asie,Assyrie,Athenes,Babylone,Baies,Bologne,Bruxelles,Capitole,CastelFranco,CittaDiCastello,Cnide,Corinthe,Correggio,Cremone,Egypte,Elide,Ephese,Espagne,Euphrate,Faenza,Flandres,Florence,Fontainebleau,France,Genes,Grece,Israel,Italie,Lombardie,Macedoine,Mantoue,Milan,MonteCavallo,Monza,Naples,Nil,Ninive,Paris,Parme,Pavie,Pise,Pula,Ravenna,Rome,Sicile,Sicyone,Sienne,Tage,Tibre,Tivoli,Toscane,Tripoli,Troie,Valduggia,Vatican,Venise,Vercelli,Verone"
Monier_HistoireArtsRapportDessein.xml,"Adee,Afrique,Alexandrie,Allemagne,Alsace,Amerique,Amsterdam,Ancone,Angleterre,Anvers,Arabie,Arezzo,Argos,Artaxata,Asie,Assyrie,Athenes,Augsbourg,Autun,Avignon,Babylone,Baies,Barbarie,Basel,BassanoDelGrappa,Bergame,Birsa,Blois,Bologne,Bordeaux,Brescia,Bresso,Bruges,Bruxelles,Byzance,Cadmee,Calabre,Candie,Capitole,Carthage,Catane,Cesaree,Chypre,Cnide,Constantinople,Corinthe,Cortone,Cotton,Cremone,Crete,Cumes,Damas,Delphes,Egypte,EmpireOrient,Ephese,Espagne,Europe,Ferrare,Flandres,Florence,Fontainebleau,France,Frioul,Gaete,Genes,Grece,Hongrie,Israel,Italie,Jerusalem,Judee,Kos,Lanuvium,Lemnos,Leuctres,Libye,Liege,Lindos,Livourne,Lombardie,Loreto,Lucanie,Lucques,Mantinee,Mantoue,Messine,Metaponte,Meudon,Mexique,Milan,Modene,Monza,Mycenes,Naples,Nimes,Ninive,Nuremberg,Orange,Orvieto,Padoue,Paris,Parme,Pavie,PaysBas,Perse,Pesaro,Pise,Pistoia,Plaisance,PordenoneVille,Pouzzoles,Preneste,Provence,Ravenna,Rhin,Rhodes,Rimini,Romagne,Rome,SaintRemyDeProvence,Samothrace,SantAngeloInVado,Sicile,Sicyone,Sienne,Syracuse,Syrie,Tarente,Thebes,ThebesEgypte,Tivoli,Toscane,Tours,Trevise,Tripoli,Troie,Tyr,Udine,Urbino,Utrecht,Valsolda,Vatican,Venise,Venloo,Verone,Versailles,Vicence"
Ottonelli_TrattatoDellaPittura.xml,"Alexandrie,Allemagne,Antioche,Argos,Athenes,Bologne,Cadore,Cana,Capitole,CastelFranco,Cnide,Egypte,Elide,Espagne,Europe,Flandres,Florence,France,Grece,Italie,Lombardie,Madrid,Mantoue,Milan,Monaco,Naples,Nil,Padoue,Paris,Parme,Pise,Po,Rome,Sicile,Sicyone,Sienne,Toscane,Troie,Vatican,Venise"
Pader_LaPeintureParlante.xml,"Acre,Arles,Asie,Egypte,France,Italie,Judee,Marseille,Monaco,Paris,Pavie,Rome,Toulouse,Vatican,Venise"
Pader_SongeEnigmatique.xml,"Albigeois,Allemagne,Anvers,Athenes,Belvedere,Brabant,Egypte,Ephese,Espagne,Europe,Flandres,Florence,Fontainebleau,Grece,Italie,Macedoine,Malte,Mantoue,Milan,Naples,Narbonne,Paris,Rhin,Rome,Savoie,Syracuse,Tarn,Thessalie,Toscane,Toulouse"
Passeri_ViteATIR.xml,"Afrique,Alexandrie,Allemagne,Amerique,Amsterdam,Angleterre,Arno,Asie,Athenes,Belvedere,Bologne,Bruxelles,Capitole,Cento,CittaDiCastello,Come,Cremone,Egypte,Espagne,Flandres,Florence,France,Genes,Grece,Grottaferrata,Italie,Lombardie,Macedoine,Madrid,Malte,Mantoue,Milan,Monaco,Naples,Nil,Orvieto,Padoue,Paris,Parme,Pesaro,Ravenna,Rome,Sienne,Tibre,Tivoli,Toscane,Turin,Urbino,Vatican,Venise,Vercelli,Verone,Versailles"
Piles_AbregeViePeintres.xml,",AbbayeSaintMartinEsAiresDeTroyes,AixLaChapelle,Alkmaar,Allemagne,Alost,Amiens,Amsterdam,Ancone,Andelys,Angleterre,Anvers,Arezzo,Arnhem,Assise,Athenes,Augsbourg,Avignon,Babylone,Barbarie,Basel,BasiliqueSantaCroceFlorence,BassanoDelGrappa,Belvedere,Bergame,Berne,BoisLeDuc,Bologne,Bolsena,Bordeaux,Brabant,Breda,Bresso,Bruegel,Bruges,Bruxelles,Cadore,Capitole,Caprarola,Caravaggio,CastelFranco,Caunos,Cento,Champagne,Chine,Chiusi,Cologne,Constantinople,Copenhague,Corinthe,Correggio,Cortone,Courtrai,Danemark,Delft,Deventer,Dordrecht,Egypte,Ephese,Espagne,Europe,Ferrare,Fiesole,Flandres,Flessingue,Florence,Fontainebleau,France,Francfort,FrancheComte,Frascati,Frioul,Genes,Gorinchem,Gouda,Grece,Grottaferrata,Gueldre,Haarlem,Heemskerk,Heidelberg,Heraclee,Hollande,Hongrie,Ingolstadt,Italie,Jerusalem,Kalkar,Kos,LaHaye,Leyde,Liege,Lisbonne,Lombardie,Londres,Loreto,Lucques,Lyon,Maaseik,Macedoine,Madrid,Malines,Malte,Mantoue,Maubeuge,Melun,Memphis,Messine,Meulebeke,Meuse,Milan,Modene,Mons,Montpellier,Munich,Naples,Narbonne,NeubourgDuche,Nil,Normandie,Nuremberg,Orange,Orleans,Orvieto,Oudenaarde,Padoue,PantheonRome,Paris,Parme,Pavie,PaysBas,Perugia,Picardie,Pise,PlaceDesVosges,Plaisance,Poitou,Pologne,PordenoneVille,PortaSanPaolo,PortoErcole,Portugal,Prague,Rhin,Rhodes,Rome,SaintQuentinVille,SantAngeloInVado,Savoie,Sceaux,Schaffhouse,Schoorl,Sens,Settignano,Sicile,Sicyone,Sienne,Spolete,Steenwijk,Strasbourg,Suede,Suisse,Tivoli,Toscane,Tours,TriniteDuMont,Troyes,Tunis,Udine,Urbino,Utrecht,Valence,Vatican,Venise,Venloo,Verone,Versailles,Vicence,Vienne,Volterra,Westphalie,Wurtzbourg,Zelande"
Piles_ConversationsConnaissancePeinture.xml,"Afrique,AixLaChapelle,Angleterre,Anvers,Athenes,Autriche,Baviere,Brabant,Breda,Brie,Bruxelles,Cadix,Cappadoce,Champagne,Cologne,Corfou,Ecosse,Espagne,Europe,Flandres,Florence,France,Genes,Grece,Italie,Lallaing,Lombardie,Londres,Madrid,Malines,Mantoue,Ogygie,Padoue,Paris,Pologne,Portovenere,Rome,Skerries,Venise,Windsor"
Piles_CoursPeinture.xml,"Angleterre,Athenes,Cnide,Europe,Flandres,France,Grece,Hollande,Italie,Malines,Paris,Rhodes,Rome,Toscane,Vatican,Venise"
Piles_DialogueColoris.xml,"Europe,France,GambassiTerme,Paris,Rome,Toscane"
Pino_DialogoPitturaATIR.xml,"Grece,Italie,Paris,Rome,Venise"
Varchi_LezzioniMemofonte.xml,"Alexandrie,Arezzo,Arno,Athenes,Belvedere,Capitole,Egypte,Flandres,Florence,France,Grece,Italie,Rome,Tibre,Venise"
Vasari_Vite1551Memofonte.xml,"Afrique,Alexandrie,Allemagne,Angleterre,Anvers,Arezzo,Arno,Athenes,Babylone,Belvedere,Bologne,Cadore,Cana,Capitole,CastelFranco,CittaDiCastello,Corinthe,Cremone,Egypte,Ephese,Espagne,Faenza,Flandres,Florence,France,Genes,Grece,Israel,Italie,Jerusalem,Lombardie,Lyon,Maiano,Mantoue,Milan,Naples,Nil,Orvieto,Padoue,Paris,Parme,Pavie,Pesaro,Pise,Po,Pula,Ravenna,Rimini,Rome,Sicile,Sienne,Tibre,Tivoli,Toscane,Tripoli,Troie,Udine,Urbino,Venise,Vercelli,Verone"
Vasari_Vite1568Memofonte.xml,"Afrique,Alexandrie,Allemagne,Amsterdam,Angleterre,Anvers,Arezzo,Argos,Arno,Asie,Athenes,Babylone,Belvedere,Bologne,Breda,Cadore,Cana,Capitole,CastelFranco,CittaDiCastello,Cnide,Come,Corinthe,Cremone,Egypte,Ephese,Espagne,Fabriano,Faenza,Flandres,Florence,France,Genes,Grece,Haarlem,Israel,Italie,Jerusalem,Lazio,Liege,Lombardie,Lyon,Macedoine,Maiano,Malte,Mantoue,Milan,Monza,Naples,Nil,Orvieto,Padoue,Paris,Parme,Pavie,Perse,Perugia,Pesaro,Pise,Po,Preneste,Pula,Ravenna,Rimini,Rome,SaintQuentinVille,SantAngeloInVado,Sicile,Sicyone,Sienne,Tibre,Tivoli,Toscane,Tripoli,Troie,Tunis,Udine,Urbino,Vatican,Venise,Vercelli,Verone"
Vinci_TraitePeinture_fra.xml,"Espagne,France,Italie,Rome"
Vinci_TrattatoPittura_ITA.xml,"Amsterdam,Angleterre,Arezzo,Basel,Bologne,Camaldoli,Camerino,Carrara,Cremone,Crotone,Elide,Espagne,Euphranor,Fabriano,Faenza,Florence,Fontainebleau,France,Francfort,Grece,Istrie,Italie,Leyde,Loches,Lombardie,Londres,Lucques,Malte,Mantoue,Milan,Mondovi,MonteCaucaso,Paris,Paros,Pavie,Pise,Ravenna,Rhodes,Rimini,Ripatransone,Rome,Sicile,Suede,Turin,Urbino,Valdarno,Venise,Verone,Vinci"
Zuccari_IdeaPittori.xml,"Italie,Rome,Torino"
Zuccari_Lettera.xml,"Correggio,Florence,ForumBoarium,Genes,Italie,Lazio,Mantoue,Milan,Monferrato,Naples,Rome,TempioDellaSalus,Toscane,Urbino,Venise"
Zuccari_OrigineProgressoAcademiaDissegno.xml,"Adria,Aquilee,Athenes,Capitole,Correggio,Florence,Lucques,Macedoine,Milan,Orvieto,Padoue,Pavie,Rome,Sansepolcro,Vatican"
Accolti_IngannoOcchiProspettiva.xml,"Arezzo,Argos,Florence,France,Italie,Naples,Nil,Pise,Toscane"
Barbaro_PraticaPerspettiva.xml,"Aquilee,Corinthe,Padoue,Venise"
Bosse_SentimentsDistinctionManieresPeinture.xml,"Allemagne,Anvers,Bologne,Cortone,Europe,Flandres,Florence,Fontainebleau,France,Hollande,Italie,Lyon,Mantoue,Nancy,Paris,PaysBas,Perugia,Rome,SaintGermainEnLaye,Tibre,Tours,Utrecht,Vatican,Venise"
Bosse_TraitePratiquesGeometrales.xml,"Chine,Cortone,Italie,Lombardie,Paris,Rome,SaintGermainEnLaye,Tours,Urbino,Venise"
Desargues_ManierePerspectiveDistance.xml,"France,Paris,Rome"
DuBreuil_PerspectivePractique.xml,"France,Lyon,Paris,Tours"
Huret_OptiquePortraiturePeinture.xml,"Allemagne,Ephese,France,Indes,Italie,Milan,Paris,Venise"
LeBicheur_TraictePerspective.xml,"Cologne,Paris"
Leclerc_DiscoursVueOeil.xml,"France,Hollande,Paris"
Sirigatti_PraticaProspettiva.xml,"Florence,Toscane"
Vignola_RegoleProspettivaPratica.xml,"Arezzo,Athenes,Bologne,CittaDiCastello,Corinthe,Espagne,Florence,France,Genes,Italie,Mantoue,Milan,Mons,Rome,Sienne,Toscane,Vatican,Venise"
