xml_id,wikidata_id,ulan_id
HansVonAachen,Q152835,500127905
NicoloDellAbbate,Q333563,500011972
PierreAffre,Q3383648,500076634
Agucchi,Q3766546,500313093
Albane,Q358147,500005860
CherubinoAlberti,Q2553402,500020972
AlbertiDurante,Q1165466,500027513
Alberti,Q3064890,500110643
GiovanniAlberti,Q3106983,500003403
LeonBattistaAlberti,Q182046,500002025
MariottoAlbertinelli,Q436823,500005936
HeinrichAldegrever,Q62514,500002169
AlessandroAlgardi,Q336798,500024200
Dante,Q1067,500265888
Correge,Q8457,500006208
Ingegno,Q2846290,500017980
ChristophAmberger,Q653163,500020494
AngePolitien,Q250414,500324225
JostAmman,Q116240,500115433
BartolomeoAmmannati,Q312366,500028632
LippoAndrea,Q18627228,500082343
JacquesAndrouetDuCerceau,Q781934,500008202
FraAngelico,Q5664,500029319
JacquesAngouleme,Q19597256,500009260
EuropaAnguissola,Q1375207,500099676
LuciaAnguissola,Q465443,500031903
SofonisbaAnguissola,Q236038,500115561
MichelangeloAnselmi,Q577590,500014404
GiuseppeArchimboldo,Q7751,500028171
PietroAretino,Q296272,500290983
SpinelloAretino,Q287934,500030643
PellegrinoAretusi,Q2698667,500032007
MargaritoArezzo,Q2518566,500025562
LudovicoAriosto,Q48900,500313522
GiovanniBattistiArmenini,Q5563697,500091976
Guariento,Q1391765,500115816
TizianoAspetti,Q323978,500030358
JacopoAvanzi,Q579717,500010822
DominiqueBachelier,Q3034958,500115811
NicolasBachelier,Q713209,500003044
SistoBadalocchio,Q729057,500003253
AntonioBadile,Q941609,500001625
GiovanniBaglione,Q983332,500012161
BaccioBaldini,Q324091,500016603
AlessoBaldovinetti,Q472073,500115745
BaccioBandinelli,Q358348,500008366
GiovanniBandini,Q3766522,500013093
DanieleBarbaro,Q378870,500128024
DomenicoDelBarbiere,Q1411009,500028410
Guerchin,Q334262,500021925
DirckBarendsz,Q2183916,500008127
GiovanniBarile,Q21899339,500085906
TommasoBarlacchi,Q21555335,500043215
JacopoBarozziDaVignola,Q297565,500024808
CosimoBartoli,Q1136048,500237415
TaddeoDiBartolo,Q740231,500029513
FraBartolomeo,Q7780,500115575
DomenicoVeneziano,Q368546,500030200
MarcoBasaiti,Q918859,500081478
Bassano,Q20888877,500051853
FrancescoBassanoIlVecchio,Q3080906,500008583
FrancescoBassano,Q705079,500003680
GerolamoBassano,Q286685,500014228
GiovanniBattistaBassano,Q3107030,500025217
JacopoBassano,Q346502,500003126
LeandroBassano,Q1349666,500015945
MartinoBassi,Q3850232,500070600
JeromeBaullery,Q3190805,500027625
JohannWilhelmBaur,Q324487,500020628
Sodoma,Q8506,500015183
CharlesBeaubrun,Q5075493,500000568
HenriBeaubrun,Q21452901,500030190
LouisBeaubrun,Q57243958,500049642
DomenicoBeccafumi,Q455712,500012009
JacquesBellange,Q874658,500001347
BartolomeoBellano,Q809488,500027089
JehanBellegambe,Q932136,500023570
GentileBellini,Q290407,500026083
GiovanniBellini,Q17169,500019244
JacopoBellini,Q313310,500115627
VittoreBelliniano,Q4015179,500008895
GiovanniPietroBellori,Q714400,500016332
PietroBembo,Q334188,500314171
Bernin,Q160538,500032022
GiovanBattistaBertani,Q3766052,500005410
JacopoBertoia,Q1643157,500115600
LorenzoDiBicci,Q856749,500002727
Franciabigio,Q537712,500115536
JacquesBlanchard,Q385845,500021775
AbrahamBloemaert,Q329811,500007342
CornelisIIBloemaert,Q518767,500001977
LancelotBlondeel,Q2125116,500014638
FrancoisBlondel,Q600701,500015830
BoccaccioBoccaccino,Q721349,500012359
CamilloBoccaccino,Q1029340,500018099
FerdinandBol,Q374039,500013764
HansBol,Q999233,500032961
NicolasBollery,Q3340069,500020123
VitaleDaBologna,Q2575398,500021245
Giambologna,Q220136,500016387
SchelteBolswert,Q2288622,500005257
GiovanniAntonioBoltraffio,Q442528,500115585
GiulioBonasone,Q1527962,500004569
GianpaoloBonconti,Q99887491,500048779
FrancescoBonsignori,Q2524101,500031337
AlessandroBonvicino,Q954504,500007609
ParisBordone,Q366081,500018343
HieronimusBosch,Q130531,500000759
FrancescoBoschi,Q3080919,500008928
AndreaBoscoli,Q1056313,500023953
AbrahamBosse,Q326215,500031187
AndriesBoth,Q510472,500026342
JanBoth,Q981631,500032845
SandroBotticelli,Q5669,500015254
PierreBoucle,Q10349690,500007094
HennequinDeBruges,Q1370613,500121790
Valentin,Q1337275,500021073
SebastienBourdon,Q553795,500006900
ClaudineBouzonnetStella,Q5129302,500018274
FrancescoBrambillaIlGiovane,Q3749665,500034824
FriedrichIBrentel,Q5503769,500003074
PaulBril,Q540753,500005652
AgnoloBronzino,Q7803,500004362
SalomonDeBrosse,Q725816,500118650
AdriaenBrouwer,Q364139,500012394
LiberalBruand,Q3090458,500001472
JanBrueghel,Q209050,500007095
PieterBrueghelDeOude,Q43270,500013247
Brunelleschi,Q174330,500018169
DomenicoBrusasorzi,Q2297219,500020187
BuonamicoBuffalmacco,Q972487,500024351
GiulianoBugiardini,Q2578459,500011070
JeanBullant,Q967445,500032909
FrancoisBunel,Q5493203,500025015
JacobBunel,Q6118432,500019142
PietroBuonaccorsi,Q918778,500000030
MichelAnge,Q5592,500010654
GiovanniBuonconsiglio,Q5563793,500031591
Duccio,Q15792,500029165
Buschetto,Q97516526,500033457
AgostinoBusti,Q395600,500015698
BernardinoButinone,Q2622155,500020947
NicolasBeatrizet,Q461143,500013977
JanStevenVanCalcar,Q1397369,500026055
BenedettoCaliari,Q2054338,500000324
CarloCaliari,Q2939168,500018546
GabrieleCaliari,Q5515997,500008508
JacquesCallot,Q460124,500021688
DenysCalvaert,Q544264,500020043
LazzaroCalvi,Q3220074,500049448
AndreaCamassei,Q3615565,500022871
LucaCambiaso,Q712512,500115500
GirolamoCampagnola,Q27501610,500331864
GiulioCampagnola,Q1989594,500115435
AntonioCampi,Q601175,500031485
BernardinoCampi,Q822891,500000160
GaleazzoCampi,Q707600,500005128
GiulioCampi,Q1528003,500002728
VincenzoCampi,Q921130,500002729
PeterCandid,Q315803,500030273
LorenzoCanozi,Q3836903,500031006
FrancescoCapriani,Q748699,500018122
GiovanniJacopoCaraglio,Q705640,500025904
Caravage,Q42207,500115312
PolidoroDaCaravaggio,Q964822,500032941
GiovanFrancescoCaroto,Q966586,500010796
VittoreCarpaccio,Q5581,500015121
UgoDaCarpi,Q1967967,500013568
AgostinoCarracci,Q316269,500115349
AnnibaleCarracci,Q7824,500115350
AntonioCarracci,Q2624075,500028011
LodovicoCarracci,Q380553,500009619
JacopoDiCasentino,Q2723390,500003559
AlessandroCasolani,Q461700,500031454
AndreaDelCastagno,Q240737,500004603
BernardoCastello,Q2345205,500005056
GiovanniBattistaCastello,Q723221,500032810
BaldassareCastiglione,Q211133,500204778
GiovanniBenedettoCastiglione,Q40823,500115299
PietroCataneo,Q970999,500128514
DaneseCattaneo,Q1080223,500029294
GiovanniBattistaDeCavalieri,Q5563765,500022492
PietroCavallini,Q316009,500031569
GiacomoCavedone,Q2704031,500010514
BenvenutoCellini,Q190116,500115352
GiuseppeCesari,Q933026,500115051
CesareCesariano,Q935752,500016613
AlonsoChacon,Q661419,500315680
JeanChalette,Q3171196,500032556
JeanBaptisteDeChampaigne,Q3164509,500032942
PhilippeDeChampaigne,Q314814,500115355
NicolasChaperon,Q2476960,500121166
CimaDaConegliano,Q8453,500012627
Cimabue,Q15790,500016284
BartolomeoCincani,Q809507,500029837
ValerioDiSimoneCioli,Q2257363,500008742
Orcagna,Q366499,500119427
NiccoloCircignani,Q382762,500020906
VincenzoCiverchio,Q3559930,500030679
MatteoDiGiovanniCivitali,Q1909372,500029210
GiovanniBattistaClarici,Q24887950,500082931
JoosVanCleve,Q153472,500007799
GiulioClovio,Q281219,500022657
HieronymusCock,Q640361,500005618
BenedettoCoda,Q327706,500020768
PieterCoeckeVanAelst,Q434006,500115332
AdriaenCollaert,Q2825010,500021205
RaffaellinoDelColle,Q1323835,500021279
AntonioDaSangalloIlGiovane,Q357276,500017734
AlviseCornaro,Q389140,500086008
MichelCorneille,Q2613210,500007499
PierreCorneille,Q747,500353775
CornelisVanHaarlem,Q442484,500020887
LucasCornelisz,Q6696121,500010177
CornelisCort,Q167220,500011556
PierreDeCortone,Q333323,500115154
PieroDiCosimo,Q280851,500007508
SilvioCosini,Q3960853,500028818
LorenzoCosta,Q357807,500115131
JeanICotelle,Q51463250,500008518
JeanCousin,Q2610648,500115218
MichelICoxie,Q937645,500003940
SimoneDeiCrocifissi,Q3484633,500000136
BattistaDelMoro,Q2891762,500015168
MarcoDOggiono,Q982274,500019724
MichelinoDaBesozzo,Q2517498,500030388
LippoDalmasio,Q2009694,500003024
PellegrinoDaSanDaniele,Q732082,500007834
JeanDaret,Q3171555,500004784
PierreDaret,Q2093368,500019399
CarloDati,Q3659787,500316518
CornelisVanHeem,Q1133621,500018142
JuanDeHerreraDeMaliano,Q363914,500116393
EtienneDelaune,Q2114093,500026480
WillemJacobszDelff,Q807808,500012148
StefanoDellaBella,Q921242,500018966
MarcoDente,Q712750,500023820
ClaudeDeruet,Q355563,500005182
GirardDesargues,Q152817,500106146
Bramante,Q7793,500019098
ArnolfoDiLapo,Q315249,500020772
BenedettoDiada,Q3638104,500027147
AbrahamJanszVanDiepenbeeck,Q330854,500024425
Dominiquin,Q320118,500018832
Donatello,Q37562,500026022
Mastelletta,Q547109,500024427
CharlesDorigny,Q2958932,500048321
MichelDorigny,Q3309511,500032412
BattistaDossi,Q2706669,500020071
DossoDossi,Q356777,500114963
GerritDou,Q335927,500115513
FrancoisDuQuesnoy,Q960381,500115495
AmbroiseDubois,Q2415583,500004063
ToussaintDubreuil,Q386127,500009728
JacquesDubroeucq,Q3087528,500006447
NicolasDuchesne,Q97696303,500317044
GaspardDughet,Q741375,500115515
KarelDujardin,Q719666,500000918
GuillaumeDumee,Q16640510,500012724
EtienneDuperac,Q289626,500000071
AntoineDurand,Q105112330,500024231
VanDyck,Q150679,500115190
AlbrechtDurer,Q5580,500115493
AlbrechtDurerElder,Q535910,500102378
JustusVanEgmont,Q1034140,500008490
FerdinandElle,Q3068556,500028971
AdamElsheimer,Q310285,500115443
MarioEquicola,Q3848545,500317328
CharlesErrard,Q706960,500031765
JeanErrard,Q1387082,500098043
VanEyck,Q102272,500116209
GentileDaFabriano,Q312393,500017803
PietroFacchetti,Q3388115,500005711
Filarete,Q449961,500031755
GiacomoFantoni,Q6119969,500065214
PaoloFarinati,Q367287,500013893
JeanBaptisteDeFaudran,Q50278363,500138104
AndreaFeltrini,Q2846439,500006046
Gaudenzio,Q734108,500000975
FrancescoFerrucci,Q3750862,500022127
MinoDaFiesole,Q477441,500002074
AmbrogioFigino,Q1525712,500004659
MasoFiniguerra,Q630165,500115289
JacobelloDelFiore,Q2634352,500032918
StefanoFiorentino,Q1093544,500007537
MaturinoFiorentino,Q2606874,500003257
Baroccio,Q316731,500115210
FlaminioVacca,Q527235,500128268
FransFlorisI,Q543948,500115614
LouisDeFoix,Q124866947,500092121
AnnibaleFontana,Q3618059,500002512
DomenicoFontana,Q336806,500022415
LaviniaFontana,Q236050,500012612
ProsperoFontana,Q460751,500115593
Caradosso,Q744092,500015997
VincenzoFoppa,Q222923,500010957
JacquesFouquieres,Q327364,500115143
PieroDellaFrancesca,Q5822,500006339
FrancescoFrancia,Q260057,500115527
BattistaFranco,Q976786,500029646
ClaudeFrancois,Q2977396,500029570
FrancoisDerand,Q3084427,500185870
SimonFrancois,Q7518780,500014329
MartinFreminet,Q347902,500032294
RolandFreartDeChambray,Q2739285,500261198
PaulFreartDeChantelou,Q3371258,500340761
AmbroiseFredeau,Q18042167,500029392
AndreFelibien,Q518705,500100452
AgnoloGaddi,Q363296,500021601
GaddoGaddi,Q729041,500001790
TaddeoGaddi,Q315835,500115669
FedeGalizia,Q2428749,500013207
CornelisGalleI,Q869133,500020542
PhilipGalle,Q1379395,500016136
Garofalo,Q728512,500011286
LucasGassel,Q1873074,500032920
BernardinoGatti,Q822909,500032192
PomponioGaurico,Q205847,500318203
GeorgGeldorp,Q1504435,500050515
ClaudeLorrain,Q214074,500115366
BartolomeoGenga,Q601390,500076127
GirolamoGenga,Q920115,500005411
ArtemisiaGentileschi,Q212657,500011658
AntonioDaFaenza,Q21282288,500005061
BalthazarGerbier,Q2462938,500018359
ConradGessner,Q55191839,500001070
ConsiglioGherardi,Q1660326,500028901
LorenzoGhiberti,Q208125,500006531
BenedettoGhirlandaio,Q2554861,500002785
DavideGhirlandaio,Q1145811,500021575
DomenicoGhirlandaio,Q191423,500115228
RidolfoDelGhirlandaio,Q64881,500002132
GiorgioGhisi,Q1010603,500005693
GianelloTorriani,Q1388187,500091063
GiovanniGiocondo,Q336806,500022415
Giorgione,Q8459,500028290
Giotto,Q7814,500010766
AgostinoDiGiovanni,Q395759,500045995
BertoldoDiGiovanni,Q828363,500030097
DarioDiGiovanni,Q3702686,500032960
GiovanniMariaFalconetto,Q1071025,500027343
GirolamoMacchietti,Q350028,500007200
DanielGittard,Q3014096,500065820
HendrickGoltzius,Q165367,500023327
HubertusGoltzius,Q1866375,500009741
JanGossaert,Q346952,500009353
HendrickGoudt,Q2101519,500115705
JeanGoujon,Q551643,500004245
AntivedutoGramatica,Q2565172,500015547
MatthausGreuter,Q3299661,500005629
MatthiasGrunewald,Q154338,500021832
RaffaelloGuidi,Q134451263,500044332
GuidoReni,Q109061,500030334
PaoloGuidotti,Q3894144,500020469
FrancoisGuy,Q3121786,500018797
AdriaenHanneman,Q864279,500005407
JulesHardouinMansart,Q8053,500029668
MaertenVanHeemskerck,Q538350,500124291
JosephHeintz,Q535474,500004495
JanSandersVanHemessen,Q427870,500004571
JanVanDenHoecke,Q1349676,500019616
JacobHoefnagel,Q1389562,500011170
HansHolbeinDeElder,Q49987,500001791
HansHolbeinDeJonge,Q48319,500005259
GabrielHonnet,Q21406128,500110736
GerritVanHonthorst,Q314548,500051681
InnocenzoFrancucci,Q1350937,500017772
AbrahamJanssens,Q330139,500033089
PieterDeJodeI,Q724760,500015194
JacobJordaens,Q270658,500012431
FranciscusJunius,Q2951068,500320299
WillemKey,Q1827660,500003523
MelchiorIKusel,Q6812010,500083170
PhilibertDelorme,Q440053,500002516
LaurentDeLaHyre,Q59894,500004322
AntonioLabacco,Q2290168,500014107
PieterVanLaer,Q576907,500007565
RaymondLafage,Q3420968,500027384
AntoineLafrery,Q602742,500011513
GeorgesLallemand,Q1508985,500031794
DominiqueLampsonius,Q1909526,500062080
PaoloCamilloLandriani,Q3362607,500012290
GiovanniLanfranco,Q447730,500022495
NicolasLanglois,Q29436209,500011823
BernardinoLanino,Q2898897,500024323
PieterLastman,Q352864,500032894
TommasoLaureti,Q357886,500030736
HansSebaldLautensack,Q1392217,500021904
HoraceLeBlanc,Q3140456,500001903
CharlesLeBrun,Q271676,500016215
PierreLeMuet,Q951717,500032000
AntoineLePautre,Q345884,500022516
EustacheLeSueur,Q1378723,500002273
FrancoisLeVau,Q3085130,500033657
RemeeVanLeemput,Q18526282,500077724
JeanLemaire,Q212445,500014001
JacquesLemercier,Q708858,500024557
LeoneLeoni,Q722092,500008130
PompeoLeoni,Q1858775,500037449
HenriLerambert,Q15709386,500027797
PierreLescot,Q381724,500000923
LucasVanLeyden,Q320980,500020789
BernardinoLicinio,Q2629038,500018969
GiulioLicinio,Q2013006,500031502
PirroLigorio,Q736090,500018431
JacopoLigozzi,Q1337128,500011933
FilippinoLippi,Q296265,500018029
FraFilippoLippi,Q205148,500019158
NicolasLoir,Q3340535,500016423
GiovanniPaoloLomazzo,Q982538,500008109
LambertLombard,Q983189,500020079
AlfonsoLombardi,Q1103494,500027968
CristoforoLombardo,Q60040609,500044528
GirolamoLombardo,Q3768939,500050768
OnorioLonghi,Q2024585,500013856
AngeloDiLorentino,Q3617296,500006167
AmbrogioLorenzetti,Q211562,500012547
PietroLorenzetti,Q309635,500030946
BattistaLorenzi,Q1525885,500001164
Lorenzetto,Q1363951,500016487
AurelioLuini,Q1071000,500013175
BernardinoLuini,Q8537,500008110
LorenzoLuzzo,Q2307438,500020790
AndreLebre,Q28016969,500078898
CarloMaderno,Q122328,500007668
AlessandroMaganza,Q2623038,500015224
GiovanniMaggi,Q21369214,500006728
Maggiore,Q18508239,500075288
BenedettoDaMaiano,Q675619,500006675
BastianoMainardi,Q785254,500006581
IsaacMajor,Q21708176,500006314
ulan_500027513,Q1160847,500042074
CarelVanMander,Q206173,500010579
BartolomeoManfredi,Q721166,500019094
FrancoisMansart,Q313701,500031848
GiovanniMansueti,Q347842,500020377
AndreaMantegna,Q5681,500004218
RinaldoMantovano,Q3432160,500008394
DianaScultoriGhisi,Q3026163,500018707
GiovanniBattistaScultori,Q3107069,500008510
CarloMaratti,Q538998,500118927
GuillaumeMarcillat,Q1364424,500120245
JeanMartin,Q2482957,500322166
Masaccio,Q5811,500026649
MasolinoDaPanicale,Q318117,500004819
GirolamoMassei,Q20735489,500102489
JacobMatham,Q577044,500029969
MicheleDiMatteo,Q6836872,500020908
MatthijsBril,Q1908666,500007303
GiovanniAmbrogioMazenta,Q3766382,500074326
Parmigianino,Q9348,500012615
GirolamoMazzolaBedoli,Q1527051,500029049
LudovicoMazzolino,Q1351631,500024405
GiuseppeMeda,Q3108095,500008368
ClaudeMellan,Q1274026,500026391
FrancescoMelzi,Q469379,500020383
LippoMemmi,Q504963,500031555
SimoneMemmi,Q221043,500399029
FrancescoMerano,Q3081022,500019576
AntonelloDeMessine,Q5594,500007324
QuintenMetsys,Q314275,500025017
Michelozzo,Q309736,500032603
MichielJanszVanMiereveld,Q864092,500025466
FransVanMieris,Q959236,500005591
NicholasMignard,Q2555178,500028110
PierreMignard,Q360010,500000267
PierreIIMignard,Q3385503,500018031
AntonioMini,Q21710870,500031219
FrancescoMochi,Q1441151,500009099
PierFrancescoMola,Q1192715,500025440
JoosIIDeMomper,Q560548,500029526
PierreMonier,Q3386358,500024506
JacopoDaMontagnana,Q3157655,500023493
BaccioDaMontelupo,Q2245460,500008248
AnthonieVanMontfoortBlocklandt,Q2281325,500015653
AnthonisMorVanDashorst,Q176694,500027909
PaoloMorando,Q2382158,500008327
GiovanniBattistaMoroni,Q504949,500011118
JanHarmenszMuller,Q2725591,500015311
AgostinoVeneziano,Q2623716,500006613
GirolamoMuziano,Q1333792,500017682
LorenzoNaldini,Q98323508,500323067
RobertNanteuil,Q1356084,500023363
MichelNatalis,Q1176744,500191819
CesareNebbia,Q503575,500029229
CasparNetscher,Q217715,500019639
GiacomoNizzola,Q3805911,500126118
JeanNocret,Q3173734,500122479
AdamVanNoort,Q351328,500000382
LambertVanNoort,Q4901800,500003915
PietroPaoloOlivieri,Q19569719,500030396
GerardVanOpstal,Q673573,500030105
OrazioDeFerrari,Q1439681,500001928
FrancoisDOrbay,Q1270258,500016748
BernaertVanOrley,Q454678,500023119
HilairePader,Q23770459,500010882
BenedettoPagni,Q2895740,500027241
AndreaPalladio,Q177692,500021650
JacopoPalmaIlVecchio,Q9342,500014786
JacopoPalmaIlGiovane,Q651795,500027810
AntonioMariaPanico,Q90876960,500017456
LeonardoParasole,Q16853931,500102199
BartolomeoPassarotti,Q809512,500026196
GiovanniFrancescoPenni,Q2327761,500021943
LucaPenni,Q3264994,500115489
ClaudePerrault,Q347699,500025641
FrancoisPerrier,Q82566,500012811
BaldassarrePeruzzi,Q177213,500030776
SimonePeterzano,Q983632,500031140
Petrarque,Q1401,500323951
PetrusChristus,Q312616,500032549
GiovanniDiPietro,Q1446925,500004244
RogerDePiles,Q941981,500101374
GermainPilon,Q554943,500029903
MarcoPino,Q979474,500000548
PaoloPino,Q3362655,500029714
Pinturicchio,Q5591,500023716
SebastianoDelPiombo,Q285423,500032554
Pisanello,Q311082,500027080
AndreaPisano,Q311031,500005015
BonannoPisano,Q892084,500010231
GiovanniPisano,Q314932,500017740
NicolaPisano,Q364413,500004862
FraPaolinoDaPistoia,Q3749183,500006999
BonifacioVeronese,Q744747,500014243
GiovanniBattistaPittoni,Q21540049,500020430
CornelisVanPoelenburgh,Q247183,500028794
AntonioPollaiuolo,Q318640,500013242
PieroPollaiuolo,Q707046,500011428
AmalteoPomponio,Q598960,500009735
JacquiotPonce,Q3396131,500020052
GiovanniDalPonte,Q2749321,500011206
PaulusPontius,Q1854445,500010060
Pontormo,Q207929,500008780
GiovanniGiacomoDellaPorta,Q3767365,500034341
GiuseppePorta,Q3108131,500025137
GuglielmoDellaPorta,Q1623328,500001864
FransPourbusI,Q1445472,500024001
PieterPourbus,Q981558,500011430
NicolasPoussin,Q41554,500005036
CharlesPoerson,Q2960032,500008664
AndreaPrevitali,Q1097187,500027274
FrancescoPrimaticcio,Q333366,500000613
CamilloProcaccini,Q366999,500013041
ErcoleProcacciniI,Q3056023,500031975
GiulioCesareProcaccini,Q1119589,500017888
PierrePuget,Q371979,500014694
Perugin,Q5827,500024544
ErasmusIIQuellinus,Q625228,500117086
JacopoDellaQuercia,Q314797,500026501
MarcantonioRaimondi,Q728375,500030773
AgostinoRamelli,Q395696,500059977
BartolommeoRamenghi,Q740807,500015783
GiovanniBattistaRamenghi,Q5880111,500118796
Pordenone,Q983352,500008696
EtienneRendu,Q41270999,500050506
JusepeDeRibera,Q297838,500008521
DanieleDaVolterra,Q540489,500115438
CarloRidolfi,Q776990,500013305
Rembrandt,Q5598,500011051
CesareRipa,Q721704,500236250
JacopoRipanda,Q3157648,500006751
JeanPierreRivalz,Q3169711,500085971
LucaDellaRobbia,Q194977,500009618
ErcoleDeRoberti,Q379521,500124891
GiovanniFrancescoRomanelli,Q2983846,500007779
PaoloRomano,Q2469612,500012570
Romanino,Q732766,500025221
GiulioRomano,Q215305,500115304
CristoforoRoncalli,Q1091136,500021303
JeanBaptisteRondelet,Q432786,500034381
PierreDeRonsard,Q49752,500291216
SalvatorRosa,Q359421,500011328
CosimoRosselli,Q29447,500028437
ProperziaDeRossi,Q293106,500082950
RossoFiorentino,Q312617,500014451
MartinoRota,Q1984287,500024754
HansIRottenhammer,Q559004,500010371
PeterPaulRubens,Q5599,500002921
GiovanniFrancescoRustici,Q720384,500026112
LorenzoSabatini,Q886785,500001193
AndreaSacchi,Q495008,500022759
Sadeler,Q12050805,500088597
HansSadeler,Q3161745,500020677
RaphaelSadeler,Q19569785,500026660
PieterSaenredam,Q433804,500115526
AndreaSalaino,Q954126,500115891
FrancescoSalviati,Q704594,500002852
OrazioSammacchini,Q2619534,500001257
JoachimVonSandrart,Q551624,500014974
AntonioDaSangalloIlVecchio,Q456861,500020334
BastianoDaSangallo,Q737782,500031757
FrancescoDaSangallo,Q2252502,500012142
GiulianoDaSangallo,Q312365,500023184
MicheleSanmicheli,Q459937,500004397
AndreaSansovino,Q495011,500013215
GiovanniSanti,Q860949,500007294
Raphael,Q5597,500023578
JacquesSarazin,Q1347676,500023241
AndreaDelSarto,Q5571,500025314
JacobISavery,Q658943,500003277
RoelandtSavery,Q142710,500121039
LouisSavot,Q25918160,500325544
VincenzoScamozzi,Q309733,500014946
CorneilleSchut,Q592396,500029273
ChristophSchwarz,Q322029,500030047
JanVanScorel,Q282708,500029872
DanielSeghers,Q928466,500020602
GerardSeghers,Q951884,500010809
GirolamoDaCarpi,Q2701846,500003965
OttavioSemino,Q3357741,500019381
VincenzoSeregni,Q4013515,500109556
SebastianoSerlio,Q452318,500023485
CesareDaSesto,Q1056977,500009037
AndreaSguazzella,Q3616052,500021596
GirolamoSiciolante,Q2296884,500027383
BarnaDaSiena,Q2447325,500004337
LucaSignorelli,Q7031,500003947
IsraelSilvestre,Q358612,500021067
FransSnyders,Q29231,500115396
JanSoens,Q3806935,500001542
CristoforoSolari,Q2408409,500014712
AndreaSolario,Q495110,500412762
RaffaelleSoprani,Q3417351,500090627
PieterClaeszSoutman,Q577842,500028313
BartolomeoSpani,Q12951031,500334506
BartholomaeusSpranger,Q447682,500018180
FrancescoSquarcione,Q380537,500002901
MassimoStanzione,Q982384,500015761
GherardoStarnina,Q2254774,500004586
HendrickIVanSteenwijck,Q709038,500014378
FrancoisStella,Q5493412,500017790
JacquesStella,Q605799,500116814
SimonStevin,Q23696,500085594
TobiasStimmer,Q677071,500012932
JanVanDerStraet,Q143595,500011304
Bramantino,Q7799,500005572
LambertSustris,Q1357759,500021563
IsaacClaeszSwanenburgh,Q984253,500016429
HermanVanSwanevelt,Q875164,500032980
InnocenzoTacconni,Q21455299,500010397
Paciotto,Q505652,500010113
VincenzoTamagni,Q524497,500032065
JacopoSansovino,Q202267,500019903
AntonioTempesta,Q605447,500027888
DavidTeniers,Q335022,500001443
DavidITeniers,Q622729,500021174
GerardTerborch,Q346808,500017511
GiovanniCesareTesta,Q21523221,500089922
PietroTesta,Q2155480,500015047
PhilippeThomassin,Q2087745,500059890
TheodorVanThulden,Q260817,500001504
DomenicoTibaldi,Q5290131,500005148
PellegrinoTibaldi,Q861385,500124327
JacopoTintoretto,Q9319,500011407
MariettaTintoretto,Q544173,500024580
Titien,Q47551,500031075
FrancescoTorbido,Q1054349,500004923
NiccoloTornioli,Q934228,500013710
JohannesTorrentius,Q2459649,500004977
PietroTorrigiano,Q948332,500017371
FrancoisTortebat,Q21638792,500111901
NicolasTournier,Q2631153,500004798
AntonioDaTrento,Q3620374,500020814
NiccoloTribolo,Q1360130,500021284
PaoloUccello,Q192488,500003110
GiovanniDaUdine,Q983350,500004700
PhilippUffenbach,Q319135,500031249
CarloUrbino,Q2939264,500017137
Stradanus,Q143595,500011304
PieterVanMol,Q1032847,500017956
KarelVanManderII,Q3374685,500024975
HubertVanEyck,Q364350,500013023
FrancescoVanni,Q960581,500012526
GijsbertVanVeen,Q21855565,500043166
PieterVanVeen,Q21289685,500069707
BenedettoVarchi,Q176833,500327460
JosephVarin,Q51282754,500043105
GiorgioVasari,Q128027,500017608
GiovanniDeVecchi,Q1529507,500000286
CesareVecellio,Q549400,500018010
FrancescoVecellio,Q1743903,500005079
OrazioVecellio,Q7099974,500006561
OttoVanVeen,Q785355,500005170
AntonioVeneziano,Q2261335,500028372
AgnoloDiVentura,Q374428,500046274
MarcelloVenusti,Q2716659,500004451
GiovanniMariaVerdizotti,Q4107591,500012500
JanCorneliszVermeyen,Q240396,500000614
LiberaleDaVerona,Q1374872,500006509
StefanoDaVerona,Q724508,500001660
ZenoneVeronese,Q18545599,500006405
PaoloVeronese,Q9440,500021218
AntonioVerrio,Q2305594,500015643
AndreaVerrocchio,Q183458,500003951
HendrickVerschuring,Q1605114,500026782
GiuseppeNiccoloVicentino,Q5565479,500327629
EneaVico,Q3725198,500011571
ClaudeVignon,Q591684,500008549
FrancescoVillamena,Q516452,500006755
LeonardoDaVinci,Q762,500010879
TimoteoViti,Q1709100,500008319
AlessandroVittoria,Q1347426,500025294
AlviseVivarini,Q1258585,500020645
AntonioVivarini,Q935534,500010947
BartolomeoVivarini,Q456971,500029396
PieterVlerick,Q19883243,500005905
LucasVorsterman,Q897552,500014123
MaertenDeVos,Q555022,500029816
SimonVouet,Q317920,500029258
AubinVouet,Q2870616,500029914
HansVredemanDeVries,Q944332,500006358
RemyVuibert,Q3456193,500020361
JoosVanWassenhove,Q515796,500031220
RogierVanDerWeyden,Q68631,500008384
MichaelWolgemut,Q262771,500031446
BernardoZenale,Q742607,500016586
AltichieroDaZevio,Q379567,500018314
MarcoZoppo,Q1369392,500022753
FedericoZuccaro,Q345605,500020194
TaddeoZuccaro,Q434058,500011296
GaetanoZumbo,Q547564,500014622
