xml_id,birth_place,region1,region2,region,country,country_qid,region_qid
HansVonAachen,Cologne,district de Cologne,Rhénanie-du-Nord-Westphalie,Allemagne,Allemagne,Q183,Q183
NicoloDellAbbate,Modène,Modène,Émilie-Romagne,Émilie-Romagne,Italie,Q38,Q1263
PierreAffre,Béziers,Hérault,Occitanie,France,France,Q142,Q142
Agucchi,Bologne,ville métropolitaine de Bologne,Émilie-Romagne,Émilie-Romagne,Italie,Q38,Q1263
Albane,Bologne,ville métropolitaine de Bologne,Émilie-Romagne,Émilie-Romagne,Italie,Q38,Q1263
CherubinoAlberti,Sansepolcro,Arezzo,Toscane,Toscane,Italie,Q38,Q1273
AlbertiDurante,Sansepolcro,Arezzo,Toscane,Toscane,Italie,Q38,Q1273
GiovanniAlberti,Sansepolcro,Arezzo,Toscane,Toscane,Italie,Q38,Q1273
LeonBattistaAlberti,Gênes,ville métropolitaine de Gênes,Ligurie,Ligurie,Italie,Q38,Q1256
MariottoAlbertinelli,Florence,ville métropolitaine de Florence,Toscane,Toscane,Italie,Q38,Q1273
HeinrichAldegrever,Paderborn,arrondissement de Paderborn,Detmold,Allemagne,Allemagne,Q183,Q183
AlessandroAlgardi,Bologne,ville métropolitaine de Bologne,Émilie-Romagne,Émilie-Romagne,Italie,Q38,Q1263
Dante,Florence,ville métropolitaine de Florence,Toscane,Toscane,Italie,Q38,Q1273
Correge,Correggio,province de Reggio d'Émilie,Émilie-Romagne,Émilie-Romagne,Italie,Q38,Q1263
Ingegno,Assise,province de Pérouse,Ombrie,Ombrie,Italie,Q38,Q1280
ChristophAmberger,Kaufbeuren,Souabe,Bavière,Allemagne,Allemagne,Q183,Q183
AngePolitien,Montepulciano,Sienne,Toscane,Toscane,Italie,Q38,Q1273
JostAmman,Zurich,district de Zurich,canton de Zurich,Suisse,Suisse,Q39,Q39
BartolomeoAmmannati,Settignano,Florence,ville métropolitaine de Florence,Toscane,Italie,Q38,Q1273
LippoAndrea,Florence,ville métropolitaine de Florence,Toscane,Toscane,Italie,Q38,Q1273
JacquesAndrouetDuCerceau,Paris,Métropole du Grand Paris,Île-de-France,France,France,Q142,Q142
FraAngelico,Vicchio,ville métropolitaine de Florence,Toscane,Toscane,Italie,Q38,Q1273
EuropaAnguissola,Crémone,Crémone,Lombardie,Lombardie,Italie,Q38,Q1210
LuciaAnguissola,Crémone,Crémone,Lombardie,Lombardie,Italie,Q38,Q1210
SofonisbaAnguissola,Crémone,Crémone,Lombardie,Lombardie,Italie,Q38,Q1210
MichelangeloAnselmi,Lucques,Lucques,Toscane,Toscane,Italie,Q38,Q1273
GiuseppeArchimboldo,Milan,ville métropolitaine de Milan,Lombardie,Lombardie,Italie,Q38,Q1210
PietroAretino,Arezzo,Arezzo,Toscane,Toscane,Italie,Q38,Q1273
SpinelloAretino,Arezzo,Arezzo,Toscane,Toscane,Italie,Q38,Q1273
PellegrinoAretusi,Modène,Modène,Émilie-Romagne,Émilie-Romagne,Italie,Q38,Q1263
MargaritoArezzo,Arezzo,Arezzo,Toscane,Toscane,Italie,Q38,Q1273
LudovicoAriosto,Reggio d'Émilie,province de Reggio d'Émilie,Émilie-Romagne,Émilie-Romagne,Italie,Q38,Q1263
GiovanniBattistiArmenini,Faenza,Ravenne,Émilie-Romagne,Émilie-Romagne,Italie,Q38,Q1263
Guariento,Piove di Sacco,Province de Padoue,Vénétie,Vénétie,Italie,Q38,Q1243
TizianoAspetti,Padoue,Province de Padoue,Vénétie,Vénétie,Italie,Q38,Q1243
JacopoAvanzi,Bologne,ville métropolitaine de Bologne,Émilie-Romagne,Émilie-Romagne,Italie,Q38,Q1263
NicolasBachelier,Arras,Pas-de-Calais,Hauts-de-France,France,France,Q142,Q142
SistoBadalocchio,Parme,Parme,Émilie-Romagne,Émilie-Romagne,Italie,Q38,Q1263
AntonioBadile,Vérone,Vérone,Vénétie,Vénétie,Italie,Q38,Q1243
GiovanniBaglione,Rome,ville métropolitaine de Rome Capitale,Latium,Latium,Italie,Q38,Q1282
BaccioBaldini,Florence,ville métropolitaine de Florence,Toscane,Toscane,Italie,Q38,Q1273
AlessoBaldovinetti,Florence,ville métropolitaine de Florence,Toscane,Toscane,Italie,Q38,Q1273
BaccioBandinelli,Florence,ville métropolitaine de Florence,Toscane,Toscane,Italie,Q38,Q1273
GiovanniBandini,Florence,ville métropolitaine de Florence,Toscane,Toscane,Italie,Q38,Q1273
DanieleBarbaro,Venise,ville métropolitaine de Venise,Vénétie,Vénétie,Italie,Q38,Q1243
DomenicoDelBarbiere,Florence,ville métropolitaine de Florence,Toscane,Toscane,Italie,Q38,Q1273
Guerchin,Cento,Ferrare,Émilie-Romagne,Émilie-Romagne,Italie,Q38,Q1263
DirckBarendsz,Amsterdam,Amsterdam,Hollande-Septentrionale,Pays-Bas,Pays-Bas,Q55,Q55
JacopoBarozziDaVignola,Vignola,Modène,Émilie-Romagne,Émilie-Romagne,Italie,Q38,Q1263
CosimoBartoli,Florence,ville métropolitaine de Florence,Toscane,Toscane,Italie,Q38,Q1273
TaddeoDiBartolo,Sienne,Sienne,Toscane,Toscane,Italie,Q38,Q1273
FraBartolomeo,Prato,Prato,Toscane,Toscane,Italie,Q38,Q1273
DomenicoVeneziano,Venise,ville métropolitaine de Venise,Vénétie,Vénétie,Italie,Q38,Q1243
MarcoBasaiti,Venise,ville métropolitaine de Venise,Vénétie,Vénétie,Italie,Q38,Q1243
FrancescoBassano,Bassano del Grappa,Vicence,Vénétie,Vénétie,Italie,Q38,Q1243
GerolamoBassano,Bassano del Grappa,Vicence,Vénétie,Vénétie,Italie,Q38,Q1243
GiovanniBattistaBassano,Bassano del Grappa,Vicence,Vénétie,Vénétie,Italie,Q38,Q1243
JacopoBassano,Bassano del Grappa,Vicence,Vénétie,Vénétie,Italie,Q38,Q1243
LeandroBassano,Bassano del Grappa,Vicence,Vénétie,Vénétie,Italie,Q38,Q1243
MartinoBassi,Seregno,Monza et Brianza,Lombardie,Lombardie,Italie,Q38,Q1210
JeromeBaullery,Paris,Métropole du Grand Paris,Île-de-France,France,France,Q142,Q142
JohannWilhelmBaur,Strasbourg,Bas-Rhin,République française,France,France,Q142,Q142
CharlesBeaubrun,Amboise,Indre-et-Loire,Centre-Val de Loire,France,France,Q142,Q142
HenriBeaubrun,Amboise,Indre-et-Loire,Centre-Val de Loire,France,France,Q142,Q142
LouisBeaubrun,Amboise,Indre-et-Loire,Centre-Val de Loire,France,France,Q142,Q142
DomenicoBeccafumi,Castelnuovo Berardenga,Sienne,Toscane,Toscane,Italie,Q38,Q1273
JacquesBellange,Bassigny,Haute-Marne,Grand Est,France,France,Q142,Q142
JehanBellegambe,Douai,arrondissement de Douai,Nord,France,France,Q142,Q142
GiovanniBellini,Venise,ville métropolitaine de Venise,Vénétie,Vénétie,Italie,Q38,Q1243
JacopoBellini,Venise,ville métropolitaine de Venise,Vénétie,Vénétie,Italie,Q38,Q1243
GiovanniPietroBellori,Rome,ville métropolitaine de Rome Capitale,Latium,Latium,Italie,Q38,Q1282
PietroBembo,Venise,ville métropolitaine de Venise,Vénétie,Vénétie,Italie,Q38,Q1243
Bernin,Naples,ville métropolitaine de Naples,Campanie,Campanie,Italie,Q38,Q1438
GiovanBattistaBertani,Mantoue,Mantoue,Lombardie,Lombardie,Italie,Q38,Q1210
JacopoBertoia,Parme,Parme,Émilie-Romagne,Émilie-Romagne,Italie,Q38,Q1263
LorenzoDiBicci,Florence,ville métropolitaine de Florence,Toscane,Toscane,Italie,Q38,Q1273
Franciabigio,Florence,ville métropolitaine de Florence,Toscane,Toscane,Italie,Q38,Q1273
JacquesBlanchard,Paris,Métropole du Grand Paris,Île-de-France,France,France,Q142,Q142
AbrahamBloemaert,Gorinchem,Hollande-Méridionale,Pays-Bas,Pays-Bas,Pays-Bas,Q55,Q55
CornelisIIBloemaert,Utrecht,Utrecht,Pays-Bas,Pays-Bas,Pays-Bas,Q55,Q55
LancelotBlondeel,Poperinge,arrondissement administratif d'Ypres,Flandre-Occidentale,Belgique,Belgique,Q31,Q31
FrancoisBlondel,Ribemont,Aisne,Hauts-de-France,France,France,Q142,Q142
BoccaccioBoccaccino,Ferrare,Ferrare,Émilie-Romagne,Émilie-Romagne,Italie,Q38,Q1263
CamilloBoccaccino,Crémone,Crémone,Lombardie,Lombardie,Italie,Q38,Q1210
FerdinandBol,Dordrecht,Hollande-Méridionale,Pays-Bas,Pays-Bas,Pays-Bas,Q55,Q55
HansBol,Malines,arrondissement administratif de Malines,province d'Anvers,Belgique,Belgique,Q31,Q31
NicolasBollery,Paris,Métropole du Grand Paris,Île-de-France,France,France,Q142,Q142
VitaleDaBologna,Bologne,ville métropolitaine de Bologne,Émilie-Romagne,Émilie-Romagne,Italie,Q38,Q1263
Giambologna,Douai,arrondissement de Douai,Nord,France,France,Q142,Q142
SchelteBolswert,Bolsward,Frise,Pays-Bas,Pays-Bas,Pays-Bas,Q55,Q55
GiovanniAntonioBoltraffio,Milan,ville métropolitaine de Milan,Lombardie,Lombardie,Italie,Q38,Q1210
GiulioBonasone,Bologne,ville métropolitaine de Bologne,Émilie-Romagne,Émilie-Romagne,Italie,Q38,Q1263
FrancescoBonsignori,Vérone,Vérone,Vénétie,Vénétie,Italie,Q38,Q1243
AlessandroBonvicino,Brescia,Brescia,Lombardie,Lombardie,Italie,Q38,Q1210
ParisBordone,Trévise,Trévise,Vénétie,Vénétie,Italie,Q38,Q1243
HieronimusBosch,Bois-le-Duc,Bois-le-Duc,Brabant-Septentrional,Pays-Bas,Pays-Bas,Q55,Q55
FrancescoBoschi,Florence,ville métropolitaine de Florence,Toscane,Toscane,Italie,Q38,Q1273
AndreaBoscoli,Florence,ville métropolitaine de Florence,Toscane,Toscane,Italie,Q38,Q1273
AbrahamBosse,Tours,Indre-et-Loire,Centre-Val de Loire,France,France,Q142,Q142
AndriesBoth,Utrecht,Utrecht,Pays-Bas,Pays-Bas,Pays-Bas,Q55,Q55
JanBoth,Utrecht,Utrecht,Pays-Bas,Pays-Bas,Pays-Bas,Q55,Q55
SandroBotticelli,Florence,ville métropolitaine de Florence,Toscane,Toscane,Italie,Q38,Q1273
PierreBoucle,Anvers,arrondissement administratif d'Anvers,province d'Anvers,Belgique,Belgique,Q31,Q31
HennequinDeBruges,Bruges,arrondissement administratif de Bruges,Flandre-Occidentale,Belgique,Belgique,Q31,Q31
Valentin,Coulommiers,Seine-et-Marne,Île-de-France,France,France,Q142,Q142
SebastienBourdon,Montpellier,Hérault,Occitanie,France,France,Q142,Q142
ClaudineBouzonnetStella,Lyon,Métropole de Lyon,Auvergne-Rhône-Alpes,France,France,Q142,Q142
FriedrichIBrentel,Lauingen,Landkreis Dillingen an der Donau,Souabe,Allemagne,Allemagne,Q183,Q183
PaulBril,Bréda,Bréda,Brabant-Septentrional,Pays-Bas,Pays-Bas,Q55,Q55
AgnoloBronzino,Florence,ville métropolitaine de Florence,Toscane,Toscane,Italie,Q38,Q1273
SalomonDeBrosse,Verneuil-en-Halatte,Oise,Hauts-de-France,France,France,Q142,Q142
AdriaenBrouwer,Audenarde,arrondissement administratif d'Audenarde,Flandre-Orientale,Belgique,Belgique,Q31,Q31
LiberalBruand,Paris,Métropole du Grand Paris,Île-de-France,France,France,Q142,Q142
JanBrueghel,Bruxelles,arrondissement administratif de Bruxelles-Capitale,Région de Bruxelles-Capitale,Belgique,Belgique,Q31,Q31
PieterBrueghelDeOude,Bréda,Bréda,Brabant-Septentrional,Pays-Bas,Pays-Bas,Q55,Q55
Brunelleschi,Florence,ville métropolitaine de Florence,Toscane,Toscane,Italie,Q38,Q1273
DomenicoBrusasorzi,Vérone,Vérone,Vénétie,Vénétie,Italie,Q38,Q1243
BuonamicoBuffalmacco,Florence,ville métropolitaine de Florence,Toscane,Toscane,Italie,Q38,Q1273
GiulianoBugiardini,Florence,ville métropolitaine de Florence,Toscane,Toscane,Italie,Q38,Q1273
JeanBullant,Amiens,Somme,Hauts-de-France,France,France,Q142,Q142
FrancoisBunel,Blois,Loir-et-Cher,Centre-Val de Loire,France,France,Q142,Q142
JacobBunel,Blois,Loir-et-Cher,Centre-Val de Loire,France,France,Q142,Q142
PietroBuonaccorsi,Florence,ville métropolitaine de Florence,Toscane,Toscane,Italie,Q38,Q1273
MichelAnge,Caprese Michelangelo,Arezzo,Toscane,Toscane,Italie,Q38,Q1273
GiovanniBuonconsiglio,Montecchio Maggiore,Vicence,Vénétie,Vénétie,Italie,Q38,Q1243
Duccio,Sienne,Sienne,Toscane,Toscane,Italie,Q38,Q1273
AgostinoBusti,Busto Arsizio,province de Varèse,Lombardie,Lombardie,Italie,Q38,Q1210
BernardinoButinone,Treviglio,Bergame,Lombardie,Lombardie,Italie,Q38,Q1210
NicolasBeatrizet,Lunéville,Meurthe-et-Moselle,Grand Est,France,France,Q142,Q142
JanStevenVanCalcar,Kalkar,arrondissement de Clèves,Düsseldorf,Allemagne,Allemagne,Q183,Q183
BenedettoCaliari,Vérone,Vérone,Vénétie,Vénétie,Italie,Q38,Q1243
CarloCaliari,Venise,ville métropolitaine de Venise,Vénétie,Vénétie,Italie,Q38,Q1243
GabrieleCaliari,Venise,ville métropolitaine de Venise,Vénétie,Vénétie,Italie,Q38,Q1243
JacquesCallot,Nancy,Meurthe-et-Moselle,Grand Est,France,France,Q142,Q142
DenysCalvaert,Anvers,arrondissement administratif d'Anvers,province d'Anvers,Belgique,Belgique,Q31,Q31
LazzaroCalvi,Gênes,ville métropolitaine de Gênes,Ligurie,Ligurie,Italie,Q38,Q1256
AndreaCamassei,Bevagna,province de Pérouse,Ombrie,Ombrie,Italie,Q38,Q1280
LucaCambiaso,Moneglia,ville métropolitaine de Gênes,Ligurie,Ligurie,Italie,Q38,Q1256
GirolamoCampagnola,Padoue,Province de Padoue,Vénétie,Vénétie,Italie,Q38,Q1243
GiulioCampagnola,Padoue,Province de Padoue,Vénétie,Vénétie,Italie,Q38,Q1243
AntonioCampi,Crémone,Crémone,Lombardie,Lombardie,Italie,Q38,Q1210
BernardinoCampi,Crémone,Crémone,Lombardie,Lombardie,Italie,Q38,Q1210
GaleazzoCampi,Crémone,Crémone,Lombardie,Lombardie,Italie,Q38,Q1210
GiulioCampi,Crémone,Crémone,Lombardie,Lombardie,Italie,Q38,Q1210
VincenzoCampi,Crémone,Crémone,Lombardie,Lombardie,Italie,Q38,Q1210
PeterCandid,Bruges,arrondissement administratif de Bruges,Flandre-Occidentale,Belgique,Belgique,Q31,Q31
LorenzoCanozi,Lendinara,province de Rovigo,Vénétie,Vénétie,Italie,Q38,Q1243
FrancescoCapriani,Volterra,Pise,Toscane,Toscane,Italie,Q38,Q1273
GiovanniJacopoCaraglio,Vérone,Vérone,Vénétie,Vénétie,Italie,Q38,Q1243
Caravage,Milan,ville métropolitaine de Milan,Lombardie,Lombardie,Italie,Q38,Q1210
PolidoroDaCaravaggio,Caravaggio,Bergame,Lombardie,Lombardie,Italie,Q38,Q1210
GiovanFrancescoCaroto,Vérone,Vérone,Vénétie,Vénétie,Italie,Q38,Q1243
VittoreCarpaccio,Venise,ville métropolitaine de Venise,Vénétie,Vénétie,Italie,Q38,Q1243
UgoDaCarpi,Q100041,Modène,Émilie-Romagne,Émilie-Romagne,Italie,Q38,Q1263
AgostinoCarracci,Bologne,ville métropolitaine de Bologne,Émilie-Romagne,Émilie-Romagne,Italie,Q38,Q1263
AnnibaleCarracci,Bologne,ville métropolitaine de Bologne,Émilie-Romagne,Émilie-Romagne,Italie,Q38,Q1263
AntonioCarracci,Venise,ville métropolitaine de Venise,Vénétie,Vénétie,Italie,Q38,Q1243
LodovicoCarracci,Bologne,ville métropolitaine de Bologne,Émilie-Romagne,Émilie-Romagne,Italie,Q38,Q1263
JacopoDiCasentino,Florence,ville métropolitaine de Florence,Toscane,Toscane,Italie,Q38,Q1273
AlessandroCasolani,Mensano,Casole d'Elsa,Sienne,Toscane,Italie,Q38,Q1273
AndreaDelCastagno,San Godenzo,ville métropolitaine de Florence,Toscane,Toscane,Italie,Q38,Q1273
BernardoCastello,Gênes,ville métropolitaine de Gênes,Ligurie,Ligurie,Italie,Q38,Q1256
GiovanniBattistaCastello,Gandino,Bergame,Lombardie,Lombardie,Italie,Q38,Q1210
BaldassareCastiglione,Casatico,Marcaria,Mantoue,Lombardie,Italie,Q38,Q1210
GiovanniBenedettoCastiglione,Gênes,ville métropolitaine de Gênes,Ligurie,Ligurie,Italie,Q38,Q1256
PietroCataneo,Sienne,Sienne,Toscane,Toscane,Italie,Q38,Q1273
DaneseCattaneo,Colonnata,Carrare,Massa-Carrara,Toscane,Italie,Q38,Q1273
GiovanniBattistaDeCavalieri,villa Lagarina,province autonome de Trente,Trentin-Haut-Adige,Trentin-Haut-Adige,Italie,Q38,Q1237
PietroCavallini,Rome,ville métropolitaine de Rome Capitale,Latium,Latium,Italie,Q38,Q1282
GiacomoCavedone,Sassuolo,Modène,Émilie-Romagne,Émilie-Romagne,Italie,Q38,Q1263
BenvenutoCellini,Florence,ville métropolitaine de Florence,Toscane,Toscane,Italie,Q38,Q1273
GiuseppeCesari,Arpino,province de Frosinone,Latium,Latium,Italie,Q38,Q1282
CesareCesariano,Milan,ville métropolitaine de Milan,Lombardie,Lombardie,Italie,Q38,Q1210
AlonsoChacon,Baeza,province de Jaén,Andalousie,Espagne,Espagne,Q29,Q29
JeanChalette,Troyes,Aube,Grand Est,France,France,Q142,Q142
JeanBaptisteDeChampaigne,Bruxelles,arrondissement administratif de Bruxelles-Capitale,Région de Bruxelles-Capitale,Belgique,Belgique,Q31,Q31
PhilippeDeChampaigne,Bruxelles,arrondissement administratif de Bruxelles-Capitale,Région de Bruxelles-Capitale,Belgique,Belgique,Q31,Q31
NicolasChaperon,Châteaudun,Eure-et-Loir,Centre-Val de Loire,France,France,Q142,Q142
CimaDaConegliano,Conegliano,Trévise,Vénétie,Vénétie,Italie,Q38,Q1243
Cimabue,Florence,ville métropolitaine de Florence,Toscane,Toscane,Italie,Q38,Q1273
BartolomeoCincani,Orzinuovi,Brescia,Lombardie,Lombardie,Italie,Q38,Q1210
ValerioDiSimoneCioli,Florence,ville métropolitaine de Florence,Toscane,Toscane,Italie,Q38,Q1273
Orcagna,Florence,ville métropolitaine de Florence,Toscane,Toscane,Italie,Q38,Q1273
NiccoloCircignani,Pomarance,Pise,Toscane,Toscane,Italie,Q38,Q1273
VincenzoCiverchio,Crema,Crémone,Lombardie,Lombardie,Italie,Q38,Q1210
MatteoDiGiovanniCivitali,Lucques,Lucques,Toscane,Toscane,Italie,Q38,Q1273
GiovanniBattistaClarici,Urbino,Pesaro et Urbino,Marches,Marches,Italie,Q38,Q1279
JoosVanCleve,Clèves,arrondissement de Clèves,Düsseldorf,Allemagne,Allemagne,Q183,Q183
GiulioClovio,Grižane-Belgrad,Primorje-Gorski Kotar,Adriatic Croatia,Croatie,Croatie,Q224,Q224
HieronymusCock,Anvers,arrondissement administratif d'Anvers,province d'Anvers,Belgique,Belgique,Q31,Q31
BenedettoCoda,Trévise,Trévise,Vénétie,Vénétie,Italie,Q38,Q1243
PieterCoeckeVanAelst,Alost,arrondissement administratif d'Alost,Flandre-Orientale,Belgique,Belgique,Q31,Q31
AdriaenCollaert,Anvers,arrondissement administratif d'Anvers,province d'Anvers,Belgique,Belgique,Q31,Q31
RaffaellinoDelColle,Sansepolcro,Arezzo,Toscane,Toscane,Italie,Q38,Q1273
AntonioDaSangalloIlGiovane,Florence,ville métropolitaine de Florence,Toscane,Toscane,Italie,Q38,Q1273
AlviseCornaro,Venise,ville métropolitaine de Venise,Vénétie,Vénétie,Italie,Q38,Q1243
MichelCorneille,Orléans,Loiret,Centre-Val de Loire,France,France,Q142,Q142
PierreCorneille,Rouen,Seine-Maritime,Normandie,France,France,Q142,Q142
CornelisVanHaarlem,Haarlem,Hollande-Septentrionale,Pays-Bas,Pays-Bas,Pays-Bas,Q55,Q55
LucasCornelisz,Leyde,Hollande-Méridionale,Pays-Bas,Pays-Bas,Pays-Bas,Q55,Q55
CornelisCort,Hoorn,Hollande-Septentrionale,Pays-Bas,Pays-Bas,Pays-Bas,Q55,Q55
PierreDeCortone,Cortone,Arezzo,Toscane,Toscane,Italie,Q38,Q1273
PieroDiCosimo,Florence,ville métropolitaine de Florence,Toscane,Toscane,Italie,Q38,Q1273
SilvioCosini,Fiesole,ville métropolitaine de Florence,Toscane,Toscane,Italie,Q38,Q1273
LorenzoCosta,Ferrare,Ferrare,Émilie-Romagne,Émilie-Romagne,Italie,Q38,Q1263
JeanICotelle,Meaux,Seine-et-Marne,Île-de-France,France,France,Q142,Q142
JeanCousin,Sens,arrondissement de Sens,Yonne,France,France,Q142,Q142
MichelICoxie,Malines,Malines,arrondissement administratif de Malines,Belgique,Belgique,Q31,Q31
SimoneDeiCrocifissi,Bologne,ville métropolitaine de Bologne,Émilie-Romagne,Émilie-Romagne,Italie,Q38,Q1263
BattistaDelMoro,Vérone,Vérone,Vénétie,Vénétie,Italie,Q38,Q1243
MarcoDOggiono,Oggiono,Lecco,Lombardie,Lombardie,Italie,Q38,Q1210
MichelinoDaBesozzo,Besozzo,province de Varèse,Lombardie,Lombardie,Italie,Q38,Q1210
LippoDalmasio,Bologne,ville métropolitaine de Bologne,Émilie-Romagne,Émilie-Romagne,Italie,Q38,Q1263
PellegrinoDaSanDaniele,Udine,Organisme de décentralisation régionale d'Udine,Frioul-Vénétie Julienne,Frioul-Vénétie Julienne,Italie,Q38,Q1250
JeanDaret,Bruxelles,arrondissement administratif de Bruxelles-Capitale,Région de Bruxelles-Capitale,Belgique,Belgique,Q31,Q31
CarloDati,Florence,ville métropolitaine de Florence,Toscane,Toscane,Italie,Q38,Q1273
CornelisVanHeem,Leyde,Hollande-Méridionale,Pays-Bas,Pays-Bas,Pays-Bas,Q55,Q55
JuanDeHerreraDeMaliano,Roiz,Valdáliga,Cantabrie,Espagne,Espagne,Q29,Q29
EtienneDelaune,Paris,Métropole du Grand Paris,Île-de-France,France,France,Q142,Q142
WillemJacobszDelff,Delft,Hollande-Méridionale,Pays-Bas,Pays-Bas,Pays-Bas,Q55,Q55
StefanoDellaBella,Florence,ville métropolitaine de Florence,Toscane,Toscane,Italie,Q38,Q1273
MarcoDente,Ravenne,Ravenne,Émilie-Romagne,Émilie-Romagne,Italie,Q38,Q1263
ClaudeDeruet,Nancy,Meurthe-et-Moselle,Grand Est,France,France,Q142,Q142
GirardDesargues,Lyon,Métropole de Lyon,Auvergne-Rhône-Alpes,France,France,Q142,Q142
Bramante,Fermignano,Pesaro et Urbino,Marches,Marches,Italie,Q38,Q1279
ArnolfoDiLapo,Colle di Val d'Elsa,Sienne,Toscane,Toscane,Italie,Q38,Q1273
BenedettoDiada,Venise,ville métropolitaine de Venise,Vénétie,Vénétie,Italie,Q38,Q1243
AbrahamJanszVanDiepenbeeck,Bois-le-Duc,Bois-le-Duc,Brabant-Septentrional,Pays-Bas,Pays-Bas,Q55,Q55
Dominiquin,Bologne,ville métropolitaine de Bologne,Émilie-Romagne,Émilie-Romagne,Italie,Q38,Q1263
Donatello,Florence,ville métropolitaine de Florence,Toscane,Toscane,Italie,Q38,Q1273
Mastelletta,Bologne,ville métropolitaine de Bologne,Émilie-Romagne,Émilie-Romagne,Italie,Q38,Q1263
CharlesDorigny,La Rochelle,Charente-Maritime,Nouvelle-Aquitaine,France,France,Q142,Q142
MichelDorigny,Saint-Quentin,Aisne,Hauts-de-France,France,France,Q142,Q142
BattistaDossi,San Giovanni del Dosso,Mantoue,Lombardie,Lombardie,Italie,Q38,Q1210
DossoDossi,Mirandola,Modène,Émilie-Romagne,Émilie-Romagne,Italie,Q38,Q1263
GerritDou,Leyde,Hollande-Méridionale,Pays-Bas,Pays-Bas,Pays-Bas,Q55,Q55
FrancoisDuQuesnoy,Bruxelles,Bruxelles,arrondissement administratif de Bruxelles-Capitale,Belgique,Belgique,Q31,Q31
AmbroiseDubois,Anvers,arrondissement administratif d'Anvers,province d'Anvers,Belgique,Belgique,Q31,Q31
ToussaintDubreuil,Paris,Métropole du Grand Paris,Île-de-France,France,France,Q142,Q142
JacquesDubroeucq,Mons,arrondissement administratif de Mons,Hainaut,Belgique,Belgique,Q31,Q31
GaspardDughet,Rome,ville métropolitaine de Rome Capitale,Latium,Latium,Italie,Q38,Q1282
KarelDujardin,Amsterdam,Amsterdam,Hollande-Septentrionale,Pays-Bas,Pays-Bas,Q55,Q55
GuillaumeDumee,Fontainebleau,Seine-et-Marne,Île-de-France,France,France,Q142,Q142
EtienneDuperac,Bordeaux,Gironde,Nouvelle-Aquitaine,France,France,Q142,Q142
AntoineDurand,Toulouse,Haute-Garonne,Occitanie,France,France,Q142,Q142
VanDyck,Anvers,arrondissement administratif d'Anvers,province d'Anvers,Belgique,Belgique,Q31,Q31
AlbrechtDurer,Nuremberg,Moyenne-Franconie,Bavière,Allemagne,Allemagne,Q183,Q183
AlbrechtDurerElder,Ajtós,Békés,Hongrie,Hongrie,Hongrie,Q28,Q28
JustusVanEgmont,Leyde,Hollande-Méridionale,Pays-Bas,Pays-Bas,Pays-Bas,Q55,Q55
FerdinandElle,Malines,arrondissement administratif de Malines,province d'Anvers,Belgique,Belgique,Q31,Q31
AdamElsheimer,Francfort-sur-le-Main,district de Darmstadt,Hesse,Allemagne,Allemagne,Q183,Q183
MarioEquicola,Alvito,province de Frosinone,Latium,Latium,Italie,Q38,Q1282
CharlesErrard,Nantes,Loire-Atlantique,Pays de la Loire,France,France,Q142,Q142
JeanErrard,Bar-le-Duc,Meuse,Grand Est,France,France,Q142,Q142
VanEyck,Maseyk,arrondissement administratif de Maaseik,Limbourg,Belgique,Belgique,Q31,Q31
GentileDaFabriano,Fabriano,Ancône,Marches,Marches,Italie,Q38,Q1279
PietroFacchetti,Mantoue,Mantoue,Lombardie,Lombardie,Italie,Q38,Q1210
Filarete,Florence,ville métropolitaine de Florence,Toscane,Toscane,Italie,Q38,Q1273
GiacomoFantoni,Venise,ville métropolitaine de Venise,Vénétie,Vénétie,Italie,Q38,Q1243
PaoloFarinati,Vérone,Vérone,Vénétie,Vénétie,Italie,Q38,Q1243
JeanBaptisteDeFaudran,Lambesc,Bouches-du-Rhône,Provence-Alpes-Côte d'Azur,France,France,Q142,Q142
AndreaFeltrini,Florence,ville métropolitaine de Florence,Toscane,Toscane,Italie,Q38,Q1273
Gaudenzio,Valduggia,Verceil,Piémont,Piémont,Italie,Q38,Q1216
FrancescoFerrucci,Fiesole,ville métropolitaine de Florence,Toscane,Toscane,Italie,Q38,Q1273
MinoDaFiesole,Poppi,Arezzo,Toscane,Toscane,Italie,Q38,Q1273
AmbrogioFigino,Milan,ville métropolitaine de Milan,Lombardie,Lombardie,Italie,Q38,Q1210
MasoFiniguerra,Florence,ville métropolitaine de Florence,Toscane,Toscane,Italie,Q38,Q1273
JacobelloDelFiore,Venise,ville métropolitaine de Venise,Vénétie,Vénétie,Italie,Q38,Q1243
StefanoFiorentino,Florence,ville métropolitaine de Florence,Toscane,Toscane,Italie,Q38,Q1273
MaturinoFiorentino,Florence,ville métropolitaine de Florence,Toscane,Toscane,Italie,Q38,Q1273
Baroccio,Urbino,Pesaro et Urbino,Marches,Marches,Italie,Q38,Q1279
FlaminioVacca,Rome,ville métropolitaine de Rome Capitale,Latium,Latium,Italie,Q38,Q1282
FransFlorisI,Anvers,arrondissement administratif d'Anvers,province d'Anvers,Belgique,Belgique,Q31,Q31
AnnibaleFontana,Milan,ville métropolitaine de Milan,Lombardie,Lombardie,Italie,Q38,Q1210
DomenicoFontana,Melide,Cercle de Paradiso,district de Lugano,Suisse,Suisse,Q39,Q39
LaviniaFontana,Bologne,ville métropolitaine de Bologne,Émilie-Romagne,Émilie-Romagne,Italie,Q38,Q1263
ProsperoFontana,Bologne,ville métropolitaine de Bologne,Émilie-Romagne,Émilie-Romagne,Italie,Q38,Q1263
Caradosso,Olgiate Molgora,Lecco,Lombardie,Lombardie,Italie,Q38,Q1210
VincenzoFoppa,Brescia,Brescia,Lombardie,Lombardie,Italie,Q38,Q1210
JacquesFouquieres,Anvers,arrondissement administratif d'Anvers,province d'Anvers,Belgique,Belgique,Q31,Q31
PieroDellaFrancesca,Sansepolcro,Arezzo,Toscane,Toscane,Italie,Q38,Q1273
FrancescoFrancia,Bologne,ville métropolitaine de Bologne,Émilie-Romagne,Émilie-Romagne,Italie,Q38,Q1263
BattistaFranco,Venise,ville métropolitaine de Venise,Vénétie,Vénétie,Italie,Q38,Q1243
ClaudeFrancois,Amiens,Somme,Hauts-de-France,France,France,Q142,Q142
FrancoisDerand,Vic-sur-Seille,Moselle,Grand Est,France,France,Q142,Q142
SimonFrancois,Tours,Indre-et-Loire,Centre-Val de Loire,France,France,Q142,Q142
MartinFreminet,Paris,Métropole du Grand Paris,Île-de-France,France,France,Q142,Q142
RolandFreartDeChambray,Le Mans,Sarthe,Pays de la Loire,France,France,Q142,Q142
PaulFreartDeChantelou,Le Mans,Sarthe,Pays de la Loire,France,France,Q142,Q142
AmbroiseFredeau,Paris,Métropole du Grand Paris,Île-de-France,France,France,Q142,Q142
AndreFelibien,Chartres,Eure-et-Loir,Centre-Val de Loire,France,France,Q142,Q142
AgnoloGaddi,Florence,ville métropolitaine de Florence,Toscane,Toscane,Italie,Q38,Q1273
GaddoGaddi,Florence,ville métropolitaine de Florence,Toscane,Toscane,Italie,Q38,Q1273
TaddeoGaddi,Florence,ville métropolitaine de Florence,Toscane,Toscane,Italie,Q38,Q1273
FedeGalizia,Trente,province autonome de Trente,Trentin-Haut-Adige,Trentin-Haut-Adige,Italie,Q38,Q1237
CornelisGalleI,Anvers,arrondissement administratif d'Anvers,province d'Anvers,Belgique,Belgique,Q31,Q31
PhilipGalle,Haarlem,Hollande-Septentrionale,Pays-Bas,Pays-Bas,Pays-Bas,Q55,Q55
Garofalo,Ferrare,Ferrare,Émilie-Romagne,Émilie-Romagne,Italie,Q38,Q1263
LucasGassel,Helmond,Brabant-Septentrional,Pays-Bas,Pays-Bas,Pays-Bas,Q55,Q55
BernardinoGatti,Pavie,Pavie,Lombardie,Lombardie,Italie,Q38,Q1210
PomponioGaurico,Giffoni Valle Piana,province de Salerne,Campanie,Campanie,Italie,Q38,Q1438
GeorgGeldorp,Cologne,district de Cologne,Rhénanie-du-Nord-Westphalie,Allemagne,Allemagne,Q183,Q183
ClaudeLorrain,Chamagne,arrondissement d'Épinal,Vosges,France,France,Q142,Q142
BartolomeoGenga,Cesena,Forlì-Cesena,Émilie-Romagne,Émilie-Romagne,Italie,Q38,Q1263
GirolamoGenga,Urbino,Pesaro et Urbino,Marches,Marches,Italie,Q38,Q1279
ArtemisiaGentileschi,Rome,ville métropolitaine de Rome Capitale,Latium,Latium,Italie,Q38,Q1282
AntonioDaFaenza,Faenza,Ravenne,Émilie-Romagne,Émilie-Romagne,Italie,Q38,Q1263
BalthazarGerbier,Middelbourg,Middelbourg,Zélande,Pays-Bas,Pays-Bas,Q55,Q55
ConradGessner,Zurich,district de Zurich,canton de Zurich,Suisse,Suisse,Q39,Q39
ConsiglioGherardi,Sansepolcro,Arezzo,Toscane,Toscane,Italie,Q38,Q1273
LorenzoGhiberti,Florence,ville métropolitaine de Florence,Toscane,Toscane,Italie,Q38,Q1273
BenedettoGhirlandaio,Florence,ville métropolitaine de Florence,Toscane,Toscane,Italie,Q38,Q1273
DavideGhirlandaio,Florence,ville métropolitaine de Florence,Toscane,Toscane,Italie,Q38,Q1273
DomenicoGhirlandaio,Florence,ville métropolitaine de Florence,Toscane,Toscane,Italie,Q38,Q1273
RidolfoDelGhirlandaio,Florence,ville métropolitaine de Florence,Toscane,Toscane,Italie,Q38,Q1273
GiorgioGhisi,Mantoue,Mantoue,Lombardie,Lombardie,Italie,Q38,Q1210
GianelloTorriani,Crémone,Crémone,Lombardie,Lombardie,Italie,Q38,Q1210
GiovanniGiocondo,Melide,Cercle de Paradiso,district de Lugano,Suisse,Suisse,Q39,Q39
Giorgione,Castelfranco Veneto,Trévise,Vénétie,Vénétie,Italie,Q38,Q1243
Giotto,Vicchio,ville métropolitaine de Florence,Toscane,Toscane,Italie,Q38,Q1273
AgostinoDiGiovanni,Sienne,Sienne,Toscane,Toscane,Italie,Q38,Q1273
BertoldoDiGiovanni,Florence,ville métropolitaine de Florence,Toscane,Toscane,Italie,Q38,Q1273
DarioDiGiovanni,Pordenone,Organisme de décentralisation régionale de Pordenone,Frioul-Vénétie Julienne,Frioul-Vénétie Julienne,Italie,Q38,Q1250
GiovanniMariaFalconetto,Vérone,Vérone,Vénétie,Vénétie,Italie,Q38,Q1243
GirolamoMacchietti,Florence,ville métropolitaine de Florence,Toscane,Toscane,Italie,Q38,Q1273
DanielGittard,Blandy,Seine-et-Marne,Île-de-France,France,France,Q142,Q142
HendrickGoltzius,Bracht,Brüggen,arrondissement de Viersen,Allemagne,Allemagne,Q183,Q183
HubertusGoltzius,Venlo,Limbourg,Pays-Bas,Pays-Bas,Pays-Bas,Q55,Q55
JanGossaert,Maubeuge,arrondissement d'Avesnes-sur-Helpe,Nord,France,France,Q142,Q142
HendrickGoudt,La Haye,Hollande-Méridionale,Pays-Bas,Pays-Bas,Pays-Bas,Q55,Q55
JeanGoujon,Rouen,Seine-Maritime,Normandie,France,France,Q142,Q142
AntivedutoGramatica,Rome,ville métropolitaine de Rome Capitale,Latium,Latium,Italie,Q38,Q1282
MatthausGreuter,Strasbourg,Bas-Rhin,République française,France,France,Q142,Q142
MatthiasGrunewald,Wurtzbourg,Basse-Franconie,Bavière,Allemagne,Allemagne,Q183,Q183
RaffaelloGuidi,Florence,ville métropolitaine de Florence,Toscane,Toscane,Italie,Q38,Q1273
GuidoReni,Bologne,ville métropolitaine de Bologne,Émilie-Romagne,Émilie-Romagne,Italie,Q38,Q1263
PaoloGuidotti,Lucques,Lucques,Toscane,Toscane,Italie,Q38,Q1273
FrancoisGuy,Le Puy-en-Velay,Haute-Loire,Auvergne-Rhône-Alpes,France,France,Q142,Q142
AdriaenHanneman,La Haye,Hollande-Méridionale,Pays-Bas,Pays-Bas,Pays-Bas,Q55,Q55
JulesHardouinMansart,Paris,Métropole du Grand Paris,Île-de-France,France,France,Q142,Q142
MaertenVanHeemskerck,Heemskerk,Hollande-Septentrionale,Pays-Bas,Pays-Bas,Pays-Bas,Q55,Q55
JosephHeintz,Bâle,canton de Bâle-Ville,Suisse,Suisse,Suisse,Q39,Q39
JanSandersVanHemessen,Hemiksem,Hemiksem,arrondissement administratif d'Anvers,Belgique,Belgique,Q31,Q31
JanVanDenHoecke,Anvers,arrondissement administratif d'Anvers,province d'Anvers,Belgique,Belgique,Q31,Q31
JacobHoefnagel,Anvers,arrondissement administratif d'Anvers,province d'Anvers,Belgique,Belgique,Q31,Q31
HansHolbeinDeElder,Augsbourg,Souabe,Bavière,Allemagne,Allemagne,Q183,Q183
HansHolbeinDeJonge,Augsbourg,Souabe,Bavière,Allemagne,Allemagne,Q183,Q183
GerritVanHonthorst,Utrecht,Utrecht,Pays-Bas,Pays-Bas,Pays-Bas,Q55,Q55
InnocenzoFrancucci,Imola,ville métropolitaine de Bologne,Émilie-Romagne,Émilie-Romagne,Italie,Q38,Q1263
AbrahamJanssens,Anvers,arrondissement administratif d'Anvers,province d'Anvers,Belgique,Belgique,Q31,Q31
PieterDeJodeI,Anvers,arrondissement administratif d'Anvers,province d'Anvers,Belgique,Belgique,Q31,Q31
JacobJordaens,Anvers,arrondissement administratif d'Anvers,province d'Anvers,Belgique,Belgique,Q31,Q31
FranciscusJunius,Heidelberg,Karlsruhe,Bade-Wurtemberg,Allemagne,Allemagne,Q183,Q183
WillemKey,Bréda,Bréda,Brabant-Septentrional,Pays-Bas,Pays-Bas,Q55,Q55
MelchiorIKusel,Augsbourg,Souabe,Bavière,Allemagne,Allemagne,Q183,Q183
PhilibertDelorme,Lyon,Métropole de Lyon,Auvergne-Rhône-Alpes,France,France,Q142,Q142
LaurentDeLaHyre,Paris,Métropole du Grand Paris,Île-de-France,France,France,Q142,Q142
AntonioLabacco,Verceil,Verceil,Piémont,Piémont,Italie,Q38,Q1216
PieterVanLaer,Haarlem,Hollande-Septentrionale,Pays-Bas,Pays-Bas,Pays-Bas,Q55,Q55
RaymondLafage,Lisle-sur-Tarn,Tarn,Occitanie,France,France,Q142,Q142
AntoineLafrery,Orgelet,Jura,Bourgogne-Franche-Comté,France,France,Q142,Q142
GeorgesLallemand,Nancy,Meurthe-et-Moselle,Grand Est,France,France,Q142,Q142
DominiqueLampsonius,Bruges,arrondissement administratif de Bruges,Flandre-Occidentale,Belgique,Belgique,Q31,Q31
PaoloCamilloLandriani,Ponte in Valtellina,Sondrio,Lombardie,Lombardie,Italie,Q38,Q1210
GiovanniLanfranco,Parme,Parme,Émilie-Romagne,Émilie-Romagne,Italie,Q38,Q1263
NicolasLanglois,Paris,Métropole du Grand Paris,Île-de-France,France,France,Q142,Q142
BernardinoLanino,Mortara,Pavie,Lombardie,Lombardie,Italie,Q38,Q1210
PieterLastman,Amsterdam,Amsterdam,Hollande-Septentrionale,Pays-Bas,Pays-Bas,Q55,Q55
TommasoLaureti,Palerme,ville métropolitaine de Palerme,Sicile,Sicile,Italie,Q38,Q1460
HansSebaldLautensack,Bamberg,Haute-Franconie,Bavière,Allemagne,Allemagne,Q183,Q183
HoraceLeBlanc,Lyon,Métropole de Lyon,Auvergne-Rhône-Alpes,France,France,Q142,Q142
CharlesLeBrun,Paris,Métropole du Grand Paris,Île-de-France,France,France,Q142,Q142
PierreLeMuet,Dijon,Côte-d'Or,Bourgogne-Franche-Comté,France,France,Q142,Q142
AntoineLePautre,Paris,Métropole du Grand Paris,Île-de-France,France,France,Q142,Q142
EustacheLeSueur,Paris,Métropole du Grand Paris,Île-de-France,France,France,Q142,Q142
FrancoisLeVau,Paris,Métropole du Grand Paris,Île-de-France,France,France,Q142,Q142
RemeeVanLeemput,Anvers,arrondissement administratif d'Anvers,province d'Anvers,Belgique,Belgique,Q31,Q31
JeanLemaire,Dammartin-en-Goële,Seine-et-Marne,Île-de-France,France,France,Q142,Q142
JacquesLemercier,Pontoise,Val-d'Oise,Île-de-France,France,France,Q142,Q142
LeoneLeoni,Arezzo,Arezzo,Toscane,Toscane,Italie,Q38,Q1273
PompeoLeoni,Milan,ville métropolitaine de Milan,Lombardie,Lombardie,Italie,Q38,Q1210
HenriLerambert,Paris,Métropole du Grand Paris,Île-de-France,France,France,Q142,Q142
PierreLescot,Paris,Métropole du Grand Paris,Île-de-France,France,France,Q142,Q142
LucasVanLeyden,Leyde,Hollande-Méridionale,Pays-Bas,Pays-Bas,Pays-Bas,Q55,Q55
BernardinoLicinio,Venise,ville métropolitaine de Venise,Vénétie,Vénétie,Italie,Q38,Q1243
GiulioLicinio,Venise,ville métropolitaine de Venise,Vénétie,Vénétie,Italie,Q38,Q1243
PirroLigorio,Naples,ville métropolitaine de Naples,Campanie,Campanie,Italie,Q38,Q1438
JacopoLigozzi,Vérone,Vérone,Vénétie,Vénétie,Italie,Q38,Q1243
FilippinoLippi,Prato,Prato,Toscane,Toscane,Italie,Q38,Q1273
FraFilippoLippi,Florence,ville métropolitaine de Florence,Toscane,Toscane,Italie,Q38,Q1273
NicolasLoir,Paris,Métropole du Grand Paris,Île-de-France,France,France,Q142,Q142
GiovanniPaoloLomazzo,Milan,ville métropolitaine de Milan,Lombardie,Lombardie,Italie,Q38,Q1210
LambertLombard,Liège,arrondissement administratif de Liège,Province de Liège,Belgique,Belgique,Q31,Q31
AlfonsoLombardi,Ferrare,Ferrare,Émilie-Romagne,Émilie-Romagne,Italie,Q38,Q1263
GirolamoLombardo,Ferrare,Ferrare,Émilie-Romagne,Émilie-Romagne,Italie,Q38,Q1263
OnorioLonghi,Viggiù,province de Varèse,Lombardie,Lombardie,Italie,Q38,Q1210
AngeloDiLorentino,Arezzo,Arezzo,Toscane,Toscane,Italie,Q38,Q1273
AmbrogioLorenzetti,Sienne,Sienne,Toscane,Toscane,Italie,Q38,Q1273
PietroLorenzetti,Sienne,Sienne,Toscane,Toscane,Italie,Q38,Q1273
BattistaLorenzi,Settignano,Florence,ville métropolitaine de Florence,Toscane,Italie,Q38,Q1273
Lorenzetto,Florence,ville métropolitaine de Florence,Toscane,Toscane,Italie,Q38,Q1273
AurelioLuini,Milan,ville métropolitaine de Milan,Lombardie,Lombardie,Italie,Q38,Q1210
BernardinoLuini,Dumenza,province de Varèse,Lombardie,Lombardie,Italie,Q38,Q1210
LorenzoLuzzo,Feltre,Belluno,Vénétie,Vénétie,Italie,Q38,Q1243
AndreLebre,Toulouse,Haute-Garonne,Occitanie,France,France,Q142,Q142
CarloMaderno,Capolago,Mendrisio,Cercle du Mendrisio,Suisse,Suisse,Q39,Q39
AlessandroMaganza,Vicence,Vicence,Vénétie,Vénétie,Italie,Q38,Q1243
GiovanniMaggi,Rome,ville métropolitaine de Rome Capitale,Latium,Latium,Italie,Q38,Q1282
Maggiore,Milan,ville métropolitaine de Milan,Lombardie,Lombardie,Italie,Q38,Q1210
BenedettoDaMaiano,Maiano,Fiesole,ville métropolitaine de Florence,Toscane,Italie,Q38,Q1273
BastianoMainardi,San Gimignano,Sienne,Toscane,Toscane,Italie,Q38,Q1273
IsaacMajor,Francfort-sur-le-Main,district de Darmstadt,Hesse,Allemagne,Allemagne,Q183,Q183
ulan_500027513,Bologne,ville métropolitaine de Bologne,Émilie-Romagne,Émilie-Romagne,Italie,Q38,Q1263
CarelVanMander,Meulebeke,Tielt,arrondissement administratif de Tielt,Belgique,Belgique,Q31,Q31
BartolomeoManfredi,Ostiano,Crémone,Lombardie,Lombardie,Italie,Q38,Q1210
FrancoisMansart,Paris,Métropole du Grand Paris,Île-de-France,France,France,Q142,Q142
GiovanniMansueti,Venise,ville métropolitaine de Venise,Vénétie,Vénétie,Italie,Q38,Q1243
AndreaMantegna,Isola Mantegna,Piazzola sul Brenta,Province de Padoue,Vénétie,Italie,Q38,Q1243
RinaldoMantovano,Mantoue,Mantoue,Lombardie,Lombardie,Italie,Q38,Q1210
DianaScultoriGhisi,Mantoue,Mantoue,Lombardie,Lombardie,Italie,Q38,Q1210
GiovanniBattistaScultori,Mantoue,Mantoue,Lombardie,Lombardie,Italie,Q38,Q1210
CarloMaratti,Camerano,Ancône,Marches,Marches,Italie,Q38,Q1279
GuillaumeMarcillat,La Châtre,arrondissement de la Châtre,Indre,France,France,Q142,Q142
JeanMartin,Paris,Métropole du Grand Paris,Île-de-France,France,France,Q142,Q142
Masaccio,San Giovanni Valdarno,Arezzo,Toscane,Toscane,Italie,Q38,Q1273
MasolinoDaPanicale,Panicale,province de Pérouse,Ombrie,Ombrie,Italie,Q38,Q1280
GirolamoMassei,Lucques,Lucques,Toscane,Toscane,Italie,Q38,Q1273
JacobMatham,Haarlem,Hollande-Septentrionale,Pays-Bas,Pays-Bas,Pays-Bas,Q55,Q55
MicheleDiMatteo,Bologne,ville métropolitaine de Bologne,Émilie-Romagne,Émilie-Romagne,Italie,Q38,Q1263
MatthijsBril,Anvers,arrondissement administratif d'Anvers,province d'Anvers,Belgique,Belgique,Q31,Q31
GiovanniAmbrogioMazenta,Milan,ville métropolitaine de Milan,Lombardie,Lombardie,Italie,Q38,Q1210
Parmigianino,Parme,Parme,Émilie-Romagne,Émilie-Romagne,Italie,Q38,Q1263
GirolamoMazzolaBedoli,Viadana,Mantoue,Lombardie,Lombardie,Italie,Q38,Q1210
LudovicoMazzolino,Ferrare,Ferrare,Émilie-Romagne,Émilie-Romagne,Italie,Q38,Q1263
GiuseppeMeda,Milan,ville métropolitaine de Milan,Lombardie,Lombardie,Italie,Q38,Q1210
ClaudeMellan,Abbeville,Somme,Hauts-de-France,France,France,Q142,Q142
FrancescoMelzi,Milan,ville métropolitaine de Milan,Lombardie,Lombardie,Italie,Q38,Q1210
LippoMemmi,Sienne,Sienne,Toscane,Toscane,Italie,Q38,Q1273
SimoneMemmi,Sienne,Sienne,Toscane,Toscane,Italie,Q38,Q1273
FrancescoMerano,Gênes,ville métropolitaine de Gênes,Ligurie,Ligurie,Italie,Q38,Q1256
AntonelloDeMessine,Messine,ville métropolitaine de Messine,Sicile,Sicile,Italie,Q38,Q1460
QuintenMetsys,Louvain,arrondissement administratif de Louvain,Brabant flamand,Belgique,Belgique,Q31,Q31
Michelozzo,Florence,ville métropolitaine de Florence,Toscane,Toscane,Italie,Q38,Q1273
MichielJanszVanMiereveld,Delft,Hollande-Méridionale,Pays-Bas,Pays-Bas,Pays-Bas,Q55,Q55
FransVanMieris,Leyde,Hollande-Méridionale,Pays-Bas,Pays-Bas,Pays-Bas,Q55,Q55
NicholasMignard,Troyes,Aube,Grand Est,France,France,Q142,Q142
PierreMignard,Troyes,Aube,Grand Est,France,France,Q142,Q142
PierreIIMignard,Avignon,Vaucluse,Provence-Alpes-Côte d'Azur,France,France,Q142,Q142
FrancescoMochi,Montevarchi,Arezzo,Toscane,Toscane,Italie,Q38,Q1273
PierFrancescoMola,Coldrerio,Cercle du Mendrisio,district de Mendrisio,Suisse,Suisse,Q39,Q39
JoosIIDeMomper,Anvers,arrondissement administratif d'Anvers,province d'Anvers,Belgique,Belgique,Q31,Q31
PierreMonier,Blois,Loir-et-Cher,Centre-Val de Loire,France,France,Q142,Q142
JacopoDaMontagnana,montagnana,Province de Padoue,Vénétie,Vénétie,Italie,Q38,Q1243
BaccioDaMontelupo,Montelupo Fiorentino,ville métropolitaine de Florence,Toscane,Toscane,Italie,Q38,Q1273
AnthonieVanMontfoortBlocklandt,Montfoort,Utrecht,Pays-Bas,Pays-Bas,Pays-Bas,Q55,Q55
AnthonisMorVanDashorst,Utrecht,Utrecht,Pays-Bas,Pays-Bas,Pays-Bas,Q55,Q55
PaoloMorando,Vérone,Vérone,Vénétie,Vénétie,Italie,Q38,Q1243
GiovanniBattistaMoroni,Albino,Bergame,Lombardie,Lombardie,Italie,Q38,Q1210
JanHarmenszMuller,Amsterdam,Amsterdam,Hollande-Septentrionale,Pays-Bas,Pays-Bas,Q55,Q55
AgostinoVeneziano,Venise,ville métropolitaine de Venise,Vénétie,Vénétie,Italie,Q38,Q1243
GirolamoMuziano,Brescia,Brescia,Lombardie,Lombardie,Italie,Q38,Q1210
RobertNanteuil,Reims,Marne,Grand Est,France,France,Q142,Q142
MichelNatalis,Liège,arrondissement administratif de Liège,Province de Liège,Belgique,Belgique,Q31,Q31
CesareNebbia,Orvieto,province de Terni,Ombrie,Ombrie,Italie,Q38,Q1280
CasparNetscher,Heidelberg,Karlsruhe,Bade-Wurtemberg,Allemagne,Allemagne,Q183,Q183
GiacomoNizzola,Trezzo sull’Adda,ville métropolitaine de Milan,Lombardie,Lombardie,Italie,Q38,Q1210
JeanNocret,Nancy,Meurthe-et-Moselle,Grand Est,France,France,Q142,Q142
AdamVanNoort,Anvers,arrondissement administratif d'Anvers,province d'Anvers,Belgique,Belgique,Q31,Q31
LambertVanNoort,Amersfoort,Utrecht,Pays-Bas,Pays-Bas,Pays-Bas,Q55,Q55
PietroPaoloOlivieri,Rome,ville métropolitaine de Rome Capitale,Latium,Latium,Italie,Q38,Q1282
GerardVanOpstal,Bruxelles,arrondissement administratif de Bruxelles-Capitale,Région de Bruxelles-Capitale,Belgique,Belgique,Q31,Q31
OrazioDeFerrari,Voltri,Municipio VII Ponente,Gênes,Ligurie,Italie,Q38,Q1256
FrancoisDOrbay,Paris,Métropole du Grand Paris,Île-de-France,France,France,Q142,Q142
BernaertVanOrley,Bruxelles,Bruxelles,arrondissement administratif de Bruxelles-Capitale,Belgique,Belgique,Q31,Q31
HilairePader,Toulouse,Haute-Garonne,Occitanie,France,France,Q142,Q142
BenedettoPagni,Pescia,Pistoia,Toscane,Toscane,Italie,Q38,Q1273
AndreaPalladio,Padoue,Province de Padoue,Vénétie,Vénétie,Italie,Q38,Q1243
JacopoPalmaIlVecchio,Serina,Bergame,Lombardie,Lombardie,Italie,Q38,Q1210
JacopoPalmaIlGiovane,Venise,ville métropolitaine de Venise,Vénétie,Vénétie,Italie,Q38,Q1243
LeonardoParasole,Rome,ville métropolitaine de Rome Capitale,Latium,Latium,Italie,Q38,Q1282
BartolomeoPassarotti,Bologne,ville métropolitaine de Bologne,Émilie-Romagne,Émilie-Romagne,Italie,Q38,Q1263
GiovanniFrancescoPenni,Florence,ville métropolitaine de Florence,Toscane,Toscane,Italie,Q38,Q1273
LucaPenni,Florence,ville métropolitaine de Florence,Toscane,Toscane,Italie,Q38,Q1273
ClaudePerrault,Paris,Métropole du Grand Paris,Île-de-France,France,France,Q142,Q142
FrancoisPerrier,Pontarlier,Doubs,Bourgogne-Franche-Comté,France,France,Q142,Q142
BaldassarrePeruzzi,Sienne,Sienne,Toscane,Toscane,Italie,Q38,Q1273
SimonePeterzano,Bergame,Bergame,Lombardie,Lombardie,Italie,Q38,Q1210
Petrarque,Arezzo,Arezzo,Toscane,Toscane,Italie,Q38,Q1273
PetrusChristus,Baerle,Baerle-Nassau,Brabant-Septentrional,Belgique,Belgique,Q31,Q31
GiovanniDiPietro,Pérouse,province de Pérouse,Ombrie,Ombrie,Italie,Q38,Q1280
RogerDePiles,Clamecy,Nièvre,Bourgogne-Franche-Comté,France,France,Q142,Q142
GermainPilon,Paris,Métropole du Grand Paris,Île-de-France,France,France,Q142,Q142
MarcoPino,Costalpino,Sienne,Sienne,Toscane,Italie,Q38,Q1273
PaoloPino,Venise,ville métropolitaine de Venise,Vénétie,Vénétie,Italie,Q38,Q1243
Pinturicchio,Pérouse,province de Pérouse,Ombrie,Ombrie,Italie,Q38,Q1280
SebastianoDelPiombo,Venise,ville métropolitaine de Venise,Vénétie,Vénétie,Italie,Q38,Q1243
Pisanello,Pise,Pise,Toscane,Toscane,Italie,Q38,Q1273
AndreaPisano,Pontedera,Pise,Toscane,Toscane,Italie,Q38,Q1273
BonannoPisano,Pise,Pise,Toscane,Toscane,Italie,Q38,Q1273
GiovanniPisano,Pise,Pise,Toscane,Toscane,Italie,Q38,Q1273
NicolaPisano,Foggia,Foggia,Pouilles,Pouilles,Italie,Q38,Q1447
FraPaolinoDaPistoia,Pistoia,Pistoia,Toscane,Toscane,Italie,Q38,Q1273
BonifacioVeronese,Vérone,Vérone,Vénétie,Vénétie,Italie,Q38,Q1243
GiovanniBattistaPittoni,Vicence,Vicence,Vénétie,Vénétie,Italie,Q38,Q1243
CornelisVanPoelenburgh,Utrecht,Utrecht,Pays-Bas,Pays-Bas,Pays-Bas,Q55,Q55
AntonioPollaiuolo,Florence,ville métropolitaine de Florence,Toscane,Toscane,Italie,Q38,Q1273
PieroPollaiuolo,Florence,ville métropolitaine de Florence,Toscane,Toscane,Italie,Q38,Q1273
AmalteoPomponio,Motta di Livenza,Trévise,Vénétie,Vénétie,Italie,Q38,Q1243
JacquiotPonce,Rethel,Ardennes,Grand Est,France,France,Q142,Q142
GiovanniDalPonte,Florence,ville métropolitaine de Florence,Toscane,Toscane,Italie,Q38,Q1273
PaulusPontius,Anvers,arrondissement administratif d'Anvers,province d'Anvers,Belgique,Belgique,Q31,Q31
Pontormo,Empoli,ville métropolitaine de Florence,Toscane,Toscane,Italie,Q38,Q1273
GiovanniGiacomoDellaPorta,Porlezza,Côme,Lombardie,Lombardie,Italie,Q38,Q1210
GiuseppePorta,Castelnuovo di Garfagnana,Lucques,Toscane,Toscane,Italie,Q38,Q1273
GuglielmoDellaPorta,Porlezza,Côme,Lombardie,Lombardie,Italie,Q38,Q1210
FransPourbusI,Bruges,arrondissement administratif de Bruges,Flandre-Occidentale,Belgique,Belgique,Q31,Q31
PieterPourbus,Gouda,Hollande-Méridionale,Pays-Bas,Pays-Bas,Pays-Bas,Q55,Q55
NicolasPoussin,Les Andelys,arrondissement des Andelys,Eure,France,France,Q142,Q142
CharlesPoerson,Metz,Moselle,Grand Est,France,France,Q142,Q142
AndreaPrevitali,Berbenno,Bergame,Lombardie,Lombardie,Italie,Q38,Q1210
FrancescoPrimaticcio,Bologne,ville métropolitaine de Bologne,Émilie-Romagne,Émilie-Romagne,Italie,Q38,Q1263
CamilloProcaccini,Parme,Parme,Émilie-Romagne,Émilie-Romagne,Italie,Q38,Q1263
ErcoleProcacciniI,Bologne,ville métropolitaine de Bologne,Émilie-Romagne,Émilie-Romagne,Italie,Q38,Q1263
GiulioCesareProcaccini,Bologne,ville métropolitaine de Bologne,Émilie-Romagne,Émilie-Romagne,Italie,Q38,Q1263
PierrePuget,Marseille,Bouches-du-Rhône,Provence-Alpes-Côte d'Azur,France,France,Q142,Q142
Perugin,Città della Pieve,province de Pérouse,Ombrie,Ombrie,Italie,Q38,Q1280
ErasmusIIQuellinus,Anvers,arrondissement administratif d'Anvers,province d'Anvers,Belgique,Belgique,Q31,Q31
JacopoDellaQuercia,Quercegrossa,Castelnuovo Berardenga,Sienne,Toscane,Italie,Q38,Q1273
MarcantonioRaimondi,Molinella,ville métropolitaine de Bologne,Émilie-Romagne,Émilie-Romagne,Italie,Q38,Q1263
AgostinoRamelli,Ponte Tresa,Tresa,Cercle de Sessa,Suisse,Suisse,Q39,Q39
BartolommeoRamenghi,Bagnacavallo,Ravenne,Émilie-Romagne,Émilie-Romagne,Italie,Q38,Q1263
GiovanniBattistaRamenghi,Bagnacavallo,Ravenne,Émilie-Romagne,Émilie-Romagne,Italie,Q38,Q1263
Pordenone,Pordenone,Organisme de décentralisation régionale de Pordenone,Frioul-Vénétie Julienne,Frioul-Vénétie Julienne,Italie,Q38,Q1250
JusepeDeRibera,Xàtiva,Costera,province de Valence,Espagne,Espagne,Q29,Q29
DanieleDaVolterra,Volterra,Pise,Toscane,Toscane,Italie,Q38,Q1273
CarloRidolfi,Lonigo,Vicence,Vénétie,Vénétie,Italie,Q38,Q1243
Rembrandt,Leyde,Hollande-Méridionale,Pays-Bas,Pays-Bas,Pays-Bas,Q55,Q55
CesareRipa,Pérouse,province de Pérouse,Ombrie,Ombrie,Italie,Q38,Q1280
JacopoRipanda,Bologne,ville métropolitaine de Bologne,Émilie-Romagne,Émilie-Romagne,Italie,Q38,Q1263
JeanPierreRivalz,Labastide-d'Anjou,Aude,Occitanie,France,France,Q142,Q142
LucaDellaRobbia,Florence,ville métropolitaine de Florence,Toscane,Toscane,Italie,Q38,Q1273
ErcoleDeRoberti,Ferrare,Ferrare,Émilie-Romagne,Émilie-Romagne,Italie,Q38,Q1263
GiovanniFrancescoRomanelli,Viterbe,Viterbe,Latium,Latium,Italie,Q38,Q1282
PaoloRomano,Sezze,province de Latina,Latium,Latium,Italie,Q38,Q1282
Romanino,Brescia,Brescia,Lombardie,Lombardie,Italie,Q38,Q1210
GiulioRomano,Rome,ville métropolitaine de Rome Capitale,Latium,Latium,Italie,Q38,Q1282
CristoforoRoncalli,Pomarance,Pise,Toscane,Toscane,Italie,Q38,Q1273
JeanBaptisteRondelet,Lyon,Métropole de Lyon,Auvergne-Rhône-Alpes,France,France,Q142,Q142
PierreDeRonsard,château de la Possonnière,Couture-sur-Loir,Loir-et-Cher,France,France,Q142,Q142
SalvatorRosa,Naples,ville métropolitaine de Naples,Campanie,Campanie,Italie,Q38,Q1438
CosimoRosselli,Florence,ville métropolitaine de Florence,Toscane,Toscane,Italie,Q38,Q1273
ProperziaDeRossi,Bologne,ville métropolitaine de Bologne,Émilie-Romagne,Émilie-Romagne,Italie,Q38,Q1263
RossoFiorentino,Florence,ville métropolitaine de Florence,Toscane,Toscane,Italie,Q38,Q1273
MartinoRota,Šibenik,Šibenik-Knin,Adriatic Croatia,Croatie,Croatie,Q224,Q224
HansIRottenhammer,Munich,Haute-Bavière,Bavière,Allemagne,Allemagne,Q183,Q183
PeterPaulRubens,Siegen,arrondissement de Siegen-Wittgenstein,Arnsberg,Allemagne,Allemagne,Q183,Q183
GiovanniFrancescoRustici,Florence,ville métropolitaine de Florence,Toscane,Toscane,Italie,Q38,Q1273
LorenzoSabatini,Bologne,ville métropolitaine de Bologne,Émilie-Romagne,Émilie-Romagne,Italie,Q38,Q1263
AndreaSacchi,Nettuno,ville métropolitaine de Rome Capitale,Latium,Latium,Italie,Q38,Q1282
HansSadeler,Bruxelles,arrondissement administratif de Bruxelles-Capitale,Région de Bruxelles-Capitale,Belgique,Belgique,Q31,Q31
RaphaelSadeler,Anvers,arrondissement administratif d'Anvers,province d'Anvers,Belgique,Belgique,Q31,Q31
PieterSaenredam,Assendelft,Hollande-Septentrionale,Pays-Bas,Pays-Bas,Pays-Bas,Q55,Q55
AndreaSalaino,Oreno,Vimercate,Monza et Brianza,Lombardie,Italie,Q38,Q1210
FrancescoSalviati,Florence,ville métropolitaine de Florence,Toscane,Toscane,Italie,Q38,Q1273
OrazioSammacchini,Bologne,ville métropolitaine de Bologne,Émilie-Romagne,Émilie-Romagne,Italie,Q38,Q1263
JoachimVonSandrart,Francfort-sur-le-Main,district de Darmstadt,Hesse,Allemagne,Allemagne,Q183,Q183
AntonioDaSangalloIlVecchio,Florence,ville métropolitaine de Florence,Toscane,Toscane,Italie,Q38,Q1273
BastianoDaSangallo,Florence,ville métropolitaine de Florence,Toscane,Toscane,Italie,Q38,Q1273
FrancescoDaSangallo,Florence,ville métropolitaine de Florence,Toscane,Toscane,Italie,Q38,Q1273
GiulianoDaSangallo,Florence,ville métropolitaine de Florence,Toscane,Toscane,Italie,Q38,Q1273
MicheleSanmicheli,Vérone,Vérone,Vénétie,Vénétie,Italie,Q38,Q1243
AndreaSansovino,Monte San Savino,Arezzo,Toscane,Toscane,Italie,Q38,Q1273
GiovanniSanti,Colbordolo,Vallefoglia,Pesaro et Urbino,Marches,Italie,Q38,Q1279
Raphael,Urbino,Pesaro et Urbino,Marches,Marches,Italie,Q38,Q1279
JacquesSarazin,Noyon,arrondissement de Compiègne,Oise,France,France,Q142,Q142
AndreaDelSarto,Florence,ville métropolitaine de Florence,Toscane,Toscane,Italie,Q38,Q1273
JacobISavery,Courtrai,arrondissement administratif de Courtrai,Flandre-Occidentale,Belgique,Belgique,Q31,Q31
RoelandtSavery,Courtrai,arrondissement administratif de Courtrai,Flandre-Occidentale,Belgique,Belgique,Q31,Q31
LouisSavot,Saulieu,Côte-d'Or,Bourgogne-Franche-Comté,France,France,Q142,Q142
VincenzoScamozzi,Vicence,Vicence,Vénétie,Vénétie,Italie,Q38,Q1243
CorneilleSchut,Anvers,arrondissement administratif d'Anvers,province d'Anvers,Belgique,Belgique,Q31,Q31
ChristophSchwarz,Munich,Haute-Bavière,Bavière,Allemagne,Allemagne,Q183,Q183
JanVanScorel,Schoorl,Hollande-Septentrionale,Pays-Bas,Pays-Bas,Pays-Bas,Q55,Q55
DanielSeghers,Anvers,arrondissement administratif d'Anvers,province d'Anvers,Belgique,Belgique,Q31,Q31
GerardSeghers,Anvers,arrondissement administratif d'Anvers,province d'Anvers,Belgique,Belgique,Q31,Q31
GirolamoDaCarpi,Ferrare,Ferrare,Émilie-Romagne,Émilie-Romagne,Italie,Q38,Q1263
OttavioSemino,Gênes,ville métropolitaine de Gênes,Ligurie,Ligurie,Italie,Q38,Q1256
VincenzoSeregni,Seregno,Monza et Brianza,Lombardie,Lombardie,Italie,Q38,Q1210
SebastianoSerlio,Bologne,ville métropolitaine de Bologne,Émilie-Romagne,Émilie-Romagne,Italie,Q38,Q1263
CesareDaSesto,Sesto Calende,province de Varèse,Lombardie,Lombardie,Italie,Q38,Q1210
GirolamoSiciolante,Sermoneta,province de Latina,Latium,Latium,Italie,Q38,Q1282
BarnaDaSiena,Sienne,Sienne,Toscane,Toscane,Italie,Q38,Q1273
LucaSignorelli,Cortone,Arezzo,Toscane,Toscane,Italie,Q38,Q1273
IsraelSilvestre,Nancy,Meurthe-et-Moselle,Grand Est,France,France,Q142,Q142
FransSnyders,Anvers,arrondissement administratif d'Anvers,province d'Anvers,Belgique,Belgique,Q31,Q31
JanSoens,Bois-le-Duc,Bois-le-Duc,Brabant-Septentrional,Pays-Bas,Pays-Bas,Q55,Q55
CristoforoSolari,Angera,province de Varèse,Lombardie,Lombardie,Italie,Q38,Q1210
AndreaSolario,Milan,ville métropolitaine de Milan,Lombardie,Lombardie,Italie,Q38,Q1210
RaffaelleSoprani,Gênes,ville métropolitaine de Gênes,Ligurie,Ligurie,Italie,Q38,Q1256
PieterClaeszSoutman,Haarlem,Hollande-Septentrionale,Pays-Bas,Pays-Bas,Pays-Bas,Q55,Q55
BartolomeoSpani,Reggio d'Émilie,province de Reggio d'Émilie,Émilie-Romagne,Émilie-Romagne,Italie,Q38,Q1263
BartholomaeusSpranger,Anvers,arrondissement administratif d'Anvers,province d'Anvers,Belgique,Belgique,Q31,Q31
FrancescoSquarcione,Padoue,Province de Padoue,Vénétie,Vénétie,Italie,Q38,Q1243
MassimoStanzione,Frattamaggiore,ville métropolitaine de Naples,Campanie,Campanie,Italie,Q38,Q1438
GherardoStarnina,Florence,ville métropolitaine de Florence,Toscane,Toscane,Italie,Q38,Q1273
HendrickIVanSteenwijck,Kampen,Kampen,Overijssel,Pays-Bas,Pays-Bas,Q55,Q55
FrancoisStella,Malines,arrondissement administratif de Malines,province d'Anvers,Belgique,Belgique,Q31,Q31
JacquesStella,Lyon,Métropole de Lyon,Auvergne-Rhône-Alpes,France,France,Q142,Q142
TobiasStimmer,Schaffhouse,canton de Schaffhouse,Suisse,Suisse,Suisse,Q39,Q39
JanVanDerStraet,Bruges,arrondissement administratif de Bruges,Flandre-Occidentale,Belgique,Belgique,Q31,Q31
Bramantino,Milan,ville métropolitaine de Milan,Lombardie,Lombardie,Italie,Q38,Q1210
LambertSustris,Amsterdam,Amsterdam,Hollande-Septentrionale,Pays-Bas,Pays-Bas,Q55,Q55
IsaacClaeszSwanenburgh,Leyde,Hollande-Méridionale,Pays-Bas,Pays-Bas,Pays-Bas,Q55,Q55
HermanVanSwanevelt,Woerden,Utrecht,Pays-Bas,Pays-Bas,Pays-Bas,Q55,Q55
InnocenzoTacconni,Bologne,ville métropolitaine de Bologne,Émilie-Romagne,Émilie-Romagne,Italie,Q38,Q1263
Paciotto,Urbino,Pesaro et Urbino,Marches,Marches,Italie,Q38,Q1279
VincenzoTamagni,San Gimignano,Sienne,Toscane,Toscane,Italie,Q38,Q1273
JacopoSansovino,Florence,ville métropolitaine de Florence,Toscane,Toscane,Italie,Q38,Q1273
AntonioTempesta,Florence,ville métropolitaine de Florence,Toscane,Toscane,Italie,Q38,Q1273
DavidTeniers,Anvers,arrondissement administratif d'Anvers,province d'Anvers,Belgique,Belgique,Q31,Q31
DavidITeniers,Anvers,arrondissement administratif d'Anvers,province d'Anvers,Belgique,Belgique,Q31,Q31
GerardTerborch,Zwolle,Overijssel,Pays-Bas,Pays-Bas,Pays-Bas,Q55,Q55
PietroTesta,Lucques,Lucques,Toscane,Toscane,Italie,Q38,Q1273
PhilippeThomassin,Troyes,Aube,Grand Est,France,France,Q142,Q142
TheodorVanThulden,Bois-le-Duc,Bois-le-Duc,Brabant-Septentrional,Pays-Bas,Pays-Bas,Q55,Q55
DomenicoTibaldi,Bologne,ville métropolitaine de Bologne,Émilie-Romagne,Émilie-Romagne,Italie,Q38,Q1263
PellegrinoTibaldi,Puria,Valsolda,Côme,Lombardie,Italie,Q38,Q1210
JacopoTintoretto,Venise,ville métropolitaine de Venise,Vénétie,Vénétie,Italie,Q38,Q1243
MariettaTintoretto,Venise,ville métropolitaine de Venise,Vénétie,Vénétie,Italie,Q38,Q1243
Titien,Pieve di Cadore,Belluno,Vénétie,Vénétie,Italie,Q38,Q1243
FrancescoTorbido,Venise,ville métropolitaine de Venise,Vénétie,Vénétie,Italie,Q38,Q1243
NiccoloTornioli,Sienne,Sienne,Toscane,Toscane,Italie,Q38,Q1273
JohannesTorrentius,Amsterdam,Amsterdam,Hollande-Septentrionale,Pays-Bas,Pays-Bas,Q55,Q55
PietroTorrigiano,Florence,ville métropolitaine de Florence,Toscane,Toscane,Italie,Q38,Q1273
FrancoisTortebat,Paris,Métropole du Grand Paris,Île-de-France,France,France,Q142,Q142
NicolasTournier,Montbéliard,Doubs,Bourgogne-Franche-Comté,France,France,Q142,Q142
AntonioDaTrento,Trente,province autonome de Trente,Trentin-Haut-Adige,Trentin-Haut-Adige,Italie,Q38,Q1237
NiccoloTribolo,Florence,ville métropolitaine de Florence,Toscane,Toscane,Italie,Q38,Q1273
PaoloUccello,Pratovecchio,Pratovecchio-Stia,Arezzo,Toscane,Italie,Q38,Q1273
GiovanniDaUdine,Udine,Organisme de décentralisation régionale d'Udine,Frioul-Vénétie Julienne,Frioul-Vénétie Julienne,Italie,Q38,Q1250
PhilippUffenbach,Francfort-sur-le-Main,district de Darmstadt,Hesse,Allemagne,Allemagne,Q183,Q183
CarloUrbino,Crema,Crémone,Lombardie,Lombardie,Italie,Q38,Q1210
Stradanus,Bruges,arrondissement administratif de Bruges,Flandre-Occidentale,Belgique,Belgique,Q31,Q31
PieterVanMol,Anvers,arrondissement administratif d'Anvers,province d'Anvers,Belgique,Belgique,Q31,Q31
KarelVanManderII,Courtrai,arrondissement administratif de Courtrai,Flandre-Occidentale,Belgique,Belgique,Q31,Q31
HubertVanEyck,Maseyk,arrondissement administratif de Maaseik,Limbourg,Belgique,Belgique,Q31,Q31
FrancescoVanni,Sienne,Sienne,Toscane,Toscane,Italie,Q38,Q1273
GijsbertVanVeen,Leyde,Hollande-Méridionale,Pays-Bas,Pays-Bas,Pays-Bas,Q55,Q55
PieterVanVeen,Leyde,Hollande-Méridionale,Pays-Bas,Pays-Bas,Pays-Bas,Q55,Q55
BenedettoVarchi,Florence,ville métropolitaine de Florence,Toscane,Toscane,Italie,Q38,Q1273
JosephVarin,Châlons-en-Champagne,Marne,Grand Est,France,France,Q142,Q142
GiorgioVasari,Arezzo,Arezzo,Toscane,Toscane,Italie,Q38,Q1273
GiovanniDeVecchi,Sansepolcro,Arezzo,Toscane,Toscane,Italie,Q38,Q1273
CesareVecellio,Pieve di Cadore,Belluno,Vénétie,Vénétie,Italie,Q38,Q1243
FrancescoVecellio,Pieve di Cadore,Belluno,Vénétie,Vénétie,Italie,Q38,Q1243
OrazioVecellio,Venise,ville métropolitaine de Venise,Vénétie,Vénétie,Italie,Q38,Q1243
OttoVanVeen,Leyde,Hollande-Méridionale,Pays-Bas,Pays-Bas,Pays-Bas,Q55,Q55
AntonioVeneziano,Venise,ville métropolitaine de Venise,Vénétie,Vénétie,Italie,Q38,Q1243
AgnoloDiVentura,Sienne,Sienne,Toscane,Toscane,Italie,Q38,Q1273
MarcelloVenusti,Mazzo di Valtellina,Sondrio,Lombardie,Lombardie,Italie,Q38,Q1210
GiovanniMariaVerdizotti,Venise,ville métropolitaine de Venise,Vénétie,Vénétie,Italie,Q38,Q1243
JanCorneliszVermeyen,Beverwijk,Hollande-Septentrionale,Pays-Bas,Pays-Bas,Pays-Bas,Q55,Q55
LiberaleDaVerona,Vérone,Vérone,Vénétie,Vénétie,Italie,Q38,Q1243
StefanoDaVerona,Vérone,Vérone,Vénétie,Vénétie,Italie,Q38,Q1243
ZenoneVeronese,Vérone,Vérone,Vénétie,Vénétie,Italie,Q38,Q1243
PaoloVeronese,Vérone,Vérone,Vénétie,Vénétie,Italie,Q38,Q1243
AntonioVerrio,Lecce,province de Lecce,Pouilles,Pouilles,Italie,Q38,Q1447
AndreaVerrocchio,Florence,ville métropolitaine de Florence,Toscane,Toscane,Italie,Q38,Q1273
HendrickVerschuring,Gorinchem,Hollande-Méridionale,Pays-Bas,Pays-Bas,Pays-Bas,Q55,Q55
EneaVico,Parme,Parme,Émilie-Romagne,Émilie-Romagne,Italie,Q38,Q1263
ClaudeVignon,Tours,Indre-et-Loire,Centre-Val de Loire,France,France,Q142,Q142
FrancescoVillamena,Assise,province de Pérouse,Ombrie,Ombrie,Italie,Q38,Q1280
LeonardoDaVinci,Anchiano,Vinci,ville métropolitaine de Florence,Toscane,Italie,Q38,Q1273
TimoteoViti,Urbino,Pesaro et Urbino,Marches,Marches,Italie,Q38,Q1279
AlessandroVittoria,Trente,province autonome de Trente,Trentin-Haut-Adige,Trentin-Haut-Adige,Italie,Q38,Q1237
AlviseVivarini,Venise,ville métropolitaine de Venise,Vénétie,Vénétie,Italie,Q38,Q1243
AntonioVivarini,Murano,Venise,ville métropolitaine de Venise,Vénétie,Italie,Q38,Q1243
BartolomeoVivarini,Venise,ville métropolitaine de Venise,Vénétie,Vénétie,Italie,Q38,Q1243
PieterVlerick,Courtrai,arrondissement administratif de Courtrai,Flandre-Occidentale,Belgique,Belgique,Q31,Q31
LucasVorsterman,Zaltbommel,Zaltbommel,Gueldre,Pays-Bas,Pays-Bas,Q55,Q55
MaertenDeVos,Anvers,arrondissement administratif d'Anvers,province d'Anvers,Belgique,Belgique,Q31,Q31
SimonVouet,Paris,Métropole du Grand Paris,Île-de-France,France,France,Q142,Q142
AubinVouet,Paris,Métropole du Grand Paris,Île-de-France,France,France,Q142,Q142
HansVredemanDeVries,Leuvarde,Leeuwarden,Frise,Pays-Bas,Pays-Bas,Q55,Q55
RemyVuibert,Rethel,Ardennes,Grand Est,France,France,Q142,Q142
JoosVanWassenhove,Gand,arrondissement administratif de Gand,Flandre-Orientale,Belgique,Belgique,Q31,Q31
RogierVanDerWeyden,Tournai,arrondissement administratif de Tournai-Mouscron,Hainaut,Belgique,Belgique,Q31,Q31
MichaelWolgemut,Nuremberg,Moyenne-Franconie,Bavière,Allemagne,Allemagne,Q183,Q183
BernardoZenale,Treviglio,Bergame,Lombardie,Lombardie,Italie,Q38,Q1210
AltichieroDaZevio,Zevio,Vérone,Vénétie,Vénétie,Italie,Q38,Q1243
MarcoZoppo,Cento,Ferrare,Émilie-Romagne,Émilie-Romagne,Italie,Q38,Q1263
FedericoZuccaro,Sant'Angelo in Vado,Pesaro et Urbino,Marches,Marches,Italie,Q38,Q1279
TaddeoZuccaro,Sant'Angelo in Vado,Pesaro et Urbino,Marches,Marches,Italie,Q38,Q1279
GaetanoZumbo,Syracuse,Libre consortium municipal de Syracuse,Sicile,Sicile,Italie,Q38,Q1460
FrancescoBassanoIlVecchio,Vicence,Vicence,Vénétie,Vénétie,Italie,Q38,Q1243
Sodoma,Verceil,Verceil,Piémont,Piémont,Italie,Q38,Q1216
BartolomeoBellano,Vellano da Padova,Padoue,Province de Padoue,Vénétie,Italie,Q38,Q1243
GentileBellini,Venise,Vénétie,Vénétie,Vénétie,Italie,Q38,Q1243
