xml_id,birth_place,region1,region2,region,country,country_qid,region_qid,latitude,longitude
HansVonAachen,Cologne,district de Cologne,Rhénanie-du-Nord-Westphalie,Allemagne,Allemagne,Q183,Q183,51.0,10.0
NicoloDellAbbate,Modène,Modène,Émilie-Romagne,Émilie-Romagne,Italie,Q38,Q1263,44.75,11.0
PierreAffre,Béziers,Hérault,Occitanie,France,France,Q142,Q142,47.0,2.0
Agucchi,Bologne,ville métropolitaine de Bologne,Émilie-Romagne,Émilie-Romagne,Italie,Q38,Q1263,44.75,11.0
Albane,Bologne,ville métropolitaine de Bologne,Émilie-Romagne,Émilie-Romagne,Italie,Q38,Q1263,44.75,11.0
CherubinoAlberti,Sansepolcro,Arezzo,Toscane,Toscane,Italie,Q38,Q1273,43.45,11.2
AlbertiDurante,Sansepolcro,Arezzo,Toscane,Toscane,Italie,Q38,Q1273,43.45,11.2
GiovanniAlberti,Sansepolcro,Arezzo,Toscane,Toscane,Italie,Q38,Q1273,43.45,11.2
LeonBattistaAlberti,Gênes,ville métropolitaine de Gênes,Ligurie,Ligurie,Italie,Q38,Q1256,44.45,8.766666666
MariottoAlbertinelli,Florence,ville métropolitaine de Florence,Toscane,Toscane,Italie,Q38,Q1273,43.45,11.2
HeinrichAldegrever,Paderborn,arrondissement de Paderborn,Detmold,Allemagne,Allemagne,Q183,Q183,51.0,10.0
AlessandroAlgardi,Bologne,ville métropolitaine de Bologne,Émilie-Romagne,Émilie-Romagne,Italie,Q38,Q1263,44.75,11.0
Dante,Florence,ville métropolitaine de Florence,Toscane,Toscane,Italie,Q38,Q1273,43.45,11.2
Correge,Correggio,province de Reggio d'Émilie,Émilie-Romagne,Émilie-Romagne,Italie,Q38,Q1263,44.75,11.0
Ingegno,Assise,province de Pérouse,Ombrie,Ombrie,Italie,Q38,Q1280,42.983333333,12.566666666
ChristophAmberger,Kaufbeuren,Souabe,Bavière,Allemagne,Allemagne,Q183,Q183,51.0,10.0
AngePolitien,Montepulciano,Sienne,Toscane,Toscane,Italie,Q38,Q1273,43.45,11.2
JostAmman,Zurich,district de Zurich,canton de Zurich,Suisse,Suisse,Q39,Q39,46.798562,8.231973
BartolomeoAmmannati,Settignano,Florence,ville métropolitaine de Florence,Toscane,Italie,Q38,Q1273,43.45,11.2
LippoAndrea,Florence,ville métropolitaine de Florence,Toscane,Toscane,Italie,Q38,Q1273,43.45,11.2
JacquesAndrouetDuCerceau,Paris,Métropole du Grand Paris,Île-de-France,France,France,Q142,Q142,47.0,2.0
FraAngelico,Vicchio,ville métropolitaine de Florence,Toscane,Toscane,Italie,Q38,Q1273,43.45,11.2
EuropaAnguissola,Crémone,Crémone,Lombardie,Lombardie,Italie,Q38,Q1210,45.65,9.95
LuciaAnguissola,Crémone,Crémone,Lombardie,Lombardie,Italie,Q38,Q1210,45.65,9.95
SofonisbaAnguissola,Crémone,Crémone,Lombardie,Lombardie,Italie,Q38,Q1210,45.65,9.95
MichelangeloAnselmi,Lucques,Lucques,Toscane,Toscane,Italie,Q38,Q1273,43.45,11.2
GiuseppeArchimboldo,Milan,ville métropolitaine de Milan,Lombardie,Lombardie,Italie,Q38,Q1210,45.65,9.95
PietroAretino,Arezzo,Arezzo,Toscane,Toscane,Italie,Q38,Q1273,43.45,11.2
SpinelloAretino,Arezzo,Arezzo,Toscane,Toscane,Italie,Q38,Q1273,43.45,11.2
PellegrinoAretusi,Modène,Modène,Émilie-Romagne,Émilie-Romagne,Italie,Q38,Q1263,44.75,11.0
MargaritoArezzo,Arezzo,Arezzo,Toscane,Toscane,Italie,Q38,Q1273,43.45,11.2
LudovicoAriosto,Reggio d'Émilie,province de Reggio d'Émilie,Émilie-Romagne,Émilie-Romagne,Italie,Q38,Q1263,44.75,11.0
GiovanniBattistiArmenini,Faenza,Ravenne,Émilie-Romagne,Émilie-Romagne,Italie,Q38,Q1263,44.75,11.0
Guariento,Piove di Sacco,Province de Padoue,Vénétie,Vénétie,Italie,Q38,Q1243,45.733333333,11.85
TizianoAspetti,Padoue,Province de Padoue,Vénétie,Vénétie,Italie,Q38,Q1243,45.733333333,11.85
JacopoAvanzi,Bologne,ville métropolitaine de Bologne,Émilie-Romagne,Émilie-Romagne,Italie,Q38,Q1263,44.75,11.0
NicolasBachelier,Arras,Pas-de-Calais,Hauts-de-France,France,France,Q142,Q142,47.0,2.0
SistoBadalocchio,Parme,Parme,Émilie-Romagne,Émilie-Romagne,Italie,Q38,Q1263,44.75,11.0
AntonioBadile,Vérone,Vérone,Vénétie,Vénétie,Italie,Q38,Q1243,45.733333333,11.85
GiovanniBaglione,Rome,ville métropolitaine de Rome Capitale,Latium,Latium,Italie,Q38,Q1282,41.9,12.716666666
BaccioBaldini,Florence,ville métropolitaine de Florence,Toscane,Toscane,Italie,Q38,Q1273,43.45,11.2
AlessoBaldovinetti,Florence,ville métropolitaine de Florence,Toscane,Toscane,Italie,Q38,Q1273,43.45,11.2
BaccioBandinelli,Florence,ville métropolitaine de Florence,Toscane,Toscane,Italie,Q38,Q1273,43.45,11.2
GiovanniBandini,Florence,ville métropolitaine de Florence,Toscane,Toscane,Italie,Q38,Q1273,43.45,11.2
DanieleBarbaro,Venise,ville métropolitaine de Venise,Vénétie,Vénétie,Italie,Q38,Q1243,45.733333333,11.85
DomenicoDelBarbiere,Florence,ville métropolitaine de Florence,Toscane,Toscane,Italie,Q38,Q1273,43.45,11.2
Guerchin,Cento,Ferrare,Émilie-Romagne,Émilie-Romagne,Italie,Q38,Q1263,44.75,11.0
DirckBarendsz,Amsterdam,Amsterdam,Hollande-Septentrionale,Pays-Bas,Pays-Bas,Q55,Q55,52.316666666,5.55
JacopoBarozziDaVignola,Vignola,Modène,Émilie-Romagne,Émilie-Romagne,Italie,Q38,Q1263,44.75,11.0
CosimoBartoli,Florence,ville métropolitaine de Florence,Toscane,Toscane,Italie,Q38,Q1273,43.45,11.2
TaddeoDiBartolo,Sienne,Sienne,Toscane,Toscane,Italie,Q38,Q1273,43.45,11.2
FraBartolomeo,Prato,Prato,Toscane,Toscane,Italie,Q38,Q1273,43.45,11.2
DomenicoVeneziano,Venise,ville métropolitaine de Venise,Vénétie,Vénétie,Italie,Q38,Q1243,45.733333333,11.85
MarcoBasaiti,Venise,ville métropolitaine de Venise,Vénétie,Vénétie,Italie,Q38,Q1243,45.733333333,11.85
FrancescoBassano,Bassano del Grappa,Vicence,Vénétie,Vénétie,Italie,Q38,Q1243,45.733333333,11.85
GerolamoBassano,Bassano del Grappa,Vicence,Vénétie,Vénétie,Italie,Q38,Q1243,45.733333333,11.85
GiovanniBattistaBassano,Bassano del Grappa,Vicence,Vénétie,Vénétie,Italie,Q38,Q1243,45.733333333,11.85
JacopoBassano,Bassano del Grappa,Vicence,Vénétie,Vénétie,Italie,Q38,Q1243,45.733333333,11.85
LeandroBassano,Bassano del Grappa,Vicence,Vénétie,Vénétie,Italie,Q38,Q1243,45.733333333,11.85
MartinoBassi,Seregno,Monza et Brianza,Lombardie,Lombardie,Italie,Q38,Q1210,45.65,9.95
JeromeBaullery,Paris,Métropole du Grand Paris,Île-de-France,France,France,Q142,Q142,47.0,2.0
JohannWilhelmBaur,Strasbourg,Bas-Rhin,République française,France,France,Q142,Q142,47.0,2.0
CharlesBeaubrun,Amboise,Indre-et-Loire,Centre-Val de Loire,France,France,Q142,Q142,47.0,2.0
HenriBeaubrun,Amboise,Indre-et-Loire,Centre-Val de Loire,France,France,Q142,Q142,47.0,2.0
LouisBeaubrun,Amboise,Indre-et-Loire,Centre-Val de Loire,France,France,Q142,Q142,47.0,2.0
DomenicoBeccafumi,Castelnuovo Berardenga,Sienne,Toscane,Toscane,Italie,Q38,Q1273,43.45,11.2
JacquesBellange,Bassigny,Haute-Marne,Grand Est,France,France,Q142,Q142,47.0,2.0
JehanBellegambe,Douai,arrondissement de Douai,Nord,France,France,Q142,Q142,47.0,2.0
GiovanniBellini,Venise,ville métropolitaine de Venise,Vénétie,Vénétie,Italie,Q38,Q1243,45.733333333,11.85
JacopoBellini,Venise,ville métropolitaine de Venise,Vénétie,Vénétie,Italie,Q38,Q1243,45.733333333,11.85
GiovanniPietroBellori,Rome,ville métropolitaine de Rome Capitale,Latium,Latium,Italie,Q38,Q1282,41.9,12.716666666
PietroBembo,Venise,ville métropolitaine de Venise,Vénétie,Vénétie,Italie,Q38,Q1243,45.733333333,11.85
Bernin,Naples,ville métropolitaine de Naples,Campanie,Campanie,Italie,Q38,Q1438,40.910555555,14.920555555
GiovanBattistaBertani,Mantoue,Mantoue,Lombardie,Lombardie,Italie,Q38,Q1210,45.65,9.95
JacopoBertoia,Parme,Parme,Émilie-Romagne,Émilie-Romagne,Italie,Q38,Q1263,44.75,11.0
LorenzoDiBicci,Florence,ville métropolitaine de Florence,Toscane,Toscane,Italie,Q38,Q1273,43.45,11.2
Franciabigio,Florence,ville métropolitaine de Florence,Toscane,Toscane,Italie,Q38,Q1273,43.45,11.2
JacquesBlanchard,Paris,Métropole du Grand Paris,Île-de-France,France,France,Q142,Q142,47.0,2.0
AbrahamBloemaert,Gorinchem,Hollande-Méridionale,Pays-Bas,Pays-Bas,Pays-Bas,Q55,Q55,52.316666666,5.55
CornelisIIBloemaert,Utrecht,Utrecht,Pays-Bas,Pays-Bas,Pays-Bas,Q55,Q55,52.316666666,5.55
LancelotBlondeel,Poperinge,arrondissement administratif d'Ypres,Flandre-Occidentale,Belgique,Belgique,Q31,Q31,50.641111111,4.668055555
FrancoisBlondel,Ribemont,Aisne,Hauts-de-France,France,France,Q142,Q142,47.0,2.0
BoccaccioBoccaccino,Ferrare,Ferrare,Émilie-Romagne,Émilie-Romagne,Italie,Q38,Q1263,44.75,11.0
CamilloBoccaccino,Crémone,Crémone,Lombardie,Lombardie,Italie,Q38,Q1210,45.65,9.95
FerdinandBol,Dordrecht,Hollande-Méridionale,Pays-Bas,Pays-Bas,Pays-Bas,Q55,Q55,52.316666666,5.55
HansBol,Malines,arrondissement administratif de Malines,province d'Anvers,Belgique,Belgique,Q31,Q31,50.641111111,4.668055555
NicolasBollery,Paris,Métropole du Grand Paris,Île-de-France,France,France,Q142,Q142,47.0,2.0
VitaleDaBologna,Bologne,ville métropolitaine de Bologne,Émilie-Romagne,Émilie-Romagne,Italie,Q38,Q1263,44.75,11.0
Giambologna,Douai,arrondissement de Douai,Nord,France,France,Q142,Q142,47.0,2.0
SchelteBolswert,Bolsward,Frise,Pays-Bas,Pays-Bas,Pays-Bas,Q55,Q55,52.316666666,5.55
GiovanniAntonioBoltraffio,Milan,ville métropolitaine de Milan,Lombardie,Lombardie,Italie,Q38,Q1210,45.65,9.95
GiulioBonasone,Bologne,ville métropolitaine de Bologne,Émilie-Romagne,Émilie-Romagne,Italie,Q38,Q1263,44.75,11.0
FrancescoBonsignori,Vérone,Vérone,Vénétie,Vénétie,Italie,Q38,Q1243,45.733333333,11.85
AlessandroBonvicino,Brescia,Brescia,Lombardie,Lombardie,Italie,Q38,Q1210,45.65,9.95
ParisBordone,Trévise,Trévise,Vénétie,Vénétie,Italie,Q38,Q1243,45.733333333,11.85
HieronimusBosch,Bois-le-Duc,Bois-le-Duc,Brabant-Septentrional,Pays-Bas,Pays-Bas,Q55,Q55,52.316666666,5.55
FrancescoBoschi,Florence,ville métropolitaine de Florence,Toscane,Toscane,Italie,Q38,Q1273,43.45,11.2
AndreaBoscoli,Florence,ville métropolitaine de Florence,Toscane,Toscane,Italie,Q38,Q1273,43.45,11.2
AbrahamBosse,Tours,Indre-et-Loire,Centre-Val de Loire,France,France,Q142,Q142,47.0,2.0
AndriesBoth,Utrecht,Utrecht,Pays-Bas,Pays-Bas,Pays-Bas,Q55,Q55,52.316666666,5.55
JanBoth,Utrecht,Utrecht,Pays-Bas,Pays-Bas,Pays-Bas,Q55,Q55,52.316666666,5.55
SandroBotticelli,Florence,ville métropolitaine de Florence,Toscane,Toscane,Italie,Q38,Q1273,43.45,11.2
PierreBoucle,Anvers,arrondissement administratif d'Anvers,province d'Anvers,Belgique,Belgique,Q31,Q31,50.641111111,4.668055555
HennequinDeBruges,Bruges,arrondissement administratif de Bruges,Flandre-Occidentale,Belgique,Belgique,Q31,Q31,50.641111111,4.668055555
Valentin,Coulommiers,Seine-et-Marne,Île-de-France,France,France,Q142,Q142,47.0,2.0
SebastienBourdon,Montpellier,Hérault,Occitanie,France,France,Q142,Q142,47.0,2.0
ClaudineBouzonnetStella,Lyon,Métropole de Lyon,Auvergne-Rhône-Alpes,France,France,Q142,Q142,47.0,2.0
FriedrichIBrentel,Lauingen,Landkreis Dillingen an der Donau,Souabe,Allemagne,Allemagne,Q183,Q183,51.0,10.0
PaulBril,Bréda,Bréda,Brabant-Septentrional,Pays-Bas,Pays-Bas,Q55,Q55,52.316666666,5.55
AgnoloBronzino,Florence,ville métropolitaine de Florence,Toscane,Toscane,Italie,Q38,Q1273,43.45,11.2
SalomonDeBrosse,Verneuil-en-Halatte,Oise,Hauts-de-France,France,France,Q142,Q142,47.0,2.0
AdriaenBrouwer,Audenarde,arrondissement administratif d'Audenarde,Flandre-Orientale,Belgique,Belgique,Q31,Q31,50.641111111,4.668055555
LiberalBruand,Paris,Métropole du Grand Paris,Île-de-France,France,France,Q142,Q142,47.0,2.0
JanBrueghel,Bruxelles,arrondissement administratif de Bruxelles-Capitale,Région de Bruxelles-Capitale,Belgique,Belgique,Q31,Q31,50.641111111,4.668055555
PieterBrueghelDeOude,Bréda,Bréda,Brabant-Septentrional,Pays-Bas,Pays-Bas,Q55,Q55,52.316666666,5.55
Brunelleschi,Florence,ville métropolitaine de Florence,Toscane,Toscane,Italie,Q38,Q1273,43.45,11.2
DomenicoBrusasorzi,Vérone,Vérone,Vénétie,Vénétie,Italie,Q38,Q1243,45.733333333,11.85
BuonamicoBuffalmacco,Florence,ville métropolitaine de Florence,Toscane,Toscane,Italie,Q38,Q1273,43.45,11.2
GiulianoBugiardini,Florence,ville métropolitaine de Florence,Toscane,Toscane,Italie,Q38,Q1273,43.45,11.2
JeanBullant,Amiens,Somme,Hauts-de-France,France,France,Q142,Q142,47.0,2.0
FrancoisBunel,Blois,Loir-et-Cher,Centre-Val de Loire,France,France,Q142,Q142,47.0,2.0
JacobBunel,Blois,Loir-et-Cher,Centre-Val de Loire,France,France,Q142,Q142,47.0,2.0
PietroBuonaccorsi,Florence,ville métropolitaine de Florence,Toscane,Toscane,Italie,Q38,Q1273,43.45,11.2
MichelAnge,Caprese Michelangelo,Arezzo,Toscane,Toscane,Italie,Q38,Q1273,43.45,11.2
GiovanniBuonconsiglio,Montecchio Maggiore,Vicence,Vénétie,Vénétie,Italie,Q38,Q1243,45.733333333,11.85
Duccio,Sienne,Sienne,Toscane,Toscane,Italie,Q38,Q1273,43.45,11.2
AgostinoBusti,Busto Arsizio,province de Varèse,Lombardie,Lombardie,Italie,Q38,Q1210,45.65,9.95
BernardinoButinone,Treviglio,Bergame,Lombardie,Lombardie,Italie,Q38,Q1210,45.65,9.95
NicolasBeatrizet,Lunéville,Meurthe-et-Moselle,Grand Est,France,France,Q142,Q142,47.0,2.0
JanStevenVanCalcar,Kalkar,arrondissement de Clèves,Düsseldorf,Allemagne,Allemagne,Q183,Q183,51.0,10.0
BenedettoCaliari,Vérone,Vérone,Vénétie,Vénétie,Italie,Q38,Q1243,45.733333333,11.85
CarloCaliari,Venise,ville métropolitaine de Venise,Vénétie,Vénétie,Italie,Q38,Q1243,45.733333333,11.85
GabrieleCaliari,Venise,ville métropolitaine de Venise,Vénétie,Vénétie,Italie,Q38,Q1243,45.733333333,11.85
JacquesCallot,Nancy,Meurthe-et-Moselle,Grand Est,France,France,Q142,Q142,47.0,2.0
DenysCalvaert,Anvers,arrondissement administratif d'Anvers,province d'Anvers,Belgique,Belgique,Q31,Q31,50.641111111,4.668055555
LazzaroCalvi,Gênes,ville métropolitaine de Gênes,Ligurie,Ligurie,Italie,Q38,Q1256,44.45,8.766666666
AndreaCamassei,Bevagna,province de Pérouse,Ombrie,Ombrie,Italie,Q38,Q1280,42.983333333,12.566666666
LucaCambiaso,Moneglia,ville métropolitaine de Gênes,Ligurie,Ligurie,Italie,Q38,Q1256,44.45,8.766666666
GirolamoCampagnola,Padoue,Province de Padoue,Vénétie,Vénétie,Italie,Q38,Q1243,45.733333333,11.85
GiulioCampagnola,Padoue,Province de Padoue,Vénétie,Vénétie,Italie,Q38,Q1243,45.733333333,11.85
AntonioCampi,Crémone,Crémone,Lombardie,Lombardie,Italie,Q38,Q1210,45.65,9.95
BernardinoCampi,Crémone,Crémone,Lombardie,Lombardie,Italie,Q38,Q1210,45.65,9.95
GaleazzoCampi,Crémone,Crémone,Lombardie,Lombardie,Italie,Q38,Q1210,45.65,9.95
GiulioCampi,Crémone,Crémone,Lombardie,Lombardie,Italie,Q38,Q1210,45.65,9.95
VincenzoCampi,Crémone,Crémone,Lombardie,Lombardie,Italie,Q38,Q1210,45.65,9.95
PeterCandid,Bruges,arrondissement administratif de Bruges,Flandre-Occidentale,Belgique,Belgique,Q31,Q31,50.641111111,4.668055555
LorenzoCanozi,Lendinara,province de Rovigo,Vénétie,Vénétie,Italie,Q38,Q1243,45.733333333,11.85
FrancescoCapriani,Volterra,Pise,Toscane,Toscane,Italie,Q38,Q1273,43.45,11.2
GiovanniJacopoCaraglio,Vérone,Vérone,Vénétie,Vénétie,Italie,Q38,Q1243,45.733333333,11.85
Caravage,Milan,ville métropolitaine de Milan,Lombardie,Lombardie,Italie,Q38,Q1210,45.65,9.95
PolidoroDaCaravaggio,Caravaggio,Bergame,Lombardie,Lombardie,Italie,Q38,Q1210,45.65,9.95
GiovanFrancescoCaroto,Vérone,Vérone,Vénétie,Vénétie,Italie,Q38,Q1243,45.733333333,11.85
VittoreCarpaccio,Venise,ville métropolitaine de Venise,Vénétie,Vénétie,Italie,Q38,Q1243,45.733333333,11.85
UgoDaCarpi,Q100041,Modène,Émilie-Romagne,Émilie-Romagne,Italie,Q38,Q1263,44.75,11.0
AgostinoCarracci,Bologne,ville métropolitaine de Bologne,Émilie-Romagne,Émilie-Romagne,Italie,Q38,Q1263,44.75,11.0
AnnibaleCarracci,Bologne,ville métropolitaine de Bologne,Émilie-Romagne,Émilie-Romagne,Italie,Q38,Q1263,44.75,11.0
AntonioCarracci,Venise,ville métropolitaine de Venise,Vénétie,Vénétie,Italie,Q38,Q1243,45.733333333,11.85
LodovicoCarracci,Bologne,ville métropolitaine de Bologne,Émilie-Romagne,Émilie-Romagne,Italie,Q38,Q1263,44.75,11.0
JacopoDiCasentino,Florence,ville métropolitaine de Florence,Toscane,Toscane,Italie,Q38,Q1273,43.45,11.2
AlessandroCasolani,Mensano,Casole d'Elsa,Sienne,Toscane,Italie,Q38,Q1273,43.45,11.2
AndreaDelCastagno,San Godenzo,ville métropolitaine de Florence,Toscane,Toscane,Italie,Q38,Q1273,43.45,11.2
BernardoCastello,Gênes,ville métropolitaine de Gênes,Ligurie,Ligurie,Italie,Q38,Q1256,44.45,8.766666666
GiovanniBattistaCastello,Gandino,Bergame,Lombardie,Lombardie,Italie,Q38,Q1210,45.65,9.95
BaldassareCastiglione,Casatico,Marcaria,Mantoue,Lombardie,Italie,Q38,Q1210,45.65,9.95
GiovanniBenedettoCastiglione,Gênes,ville métropolitaine de Gênes,Ligurie,Ligurie,Italie,Q38,Q1256,44.45,8.766666666
PietroCataneo,Sienne,Sienne,Toscane,Toscane,Italie,Q38,Q1273,43.45,11.2
DaneseCattaneo,Colonnata,Carrare,Massa-Carrara,Toscane,Italie,Q38,Q1273,43.45,11.2
GiovanniBattistaDeCavalieri,villa Lagarina,province autonome de Trente,Trentin-Haut-Adige,Trentin-Haut-Adige,Italie,Q38,Q1237,46.383333333,11.416666666
PietroCavallini,Rome,ville métropolitaine de Rome Capitale,Latium,Latium,Italie,Q38,Q1282,41.9,12.716666666
GiacomoCavedone,Sassuolo,Modène,Émilie-Romagne,Émilie-Romagne,Italie,Q38,Q1263,44.75,11.0
BenvenutoCellini,Florence,ville métropolitaine de Florence,Toscane,Toscane,Italie,Q38,Q1273,43.45,11.2
GiuseppeCesari,Arpino,province de Frosinone,Latium,Latium,Italie,Q38,Q1282,41.9,12.716666666
CesareCesariano,Milan,ville métropolitaine de Milan,Lombardie,Lombardie,Italie,Q38,Q1210,45.65,9.95
AlonsoChacon,Baeza,province de Jaén,Andalousie,Espagne,Espagne,Q29,Q29,40.2,-3.5
JeanChalette,Troyes,Aube,Grand Est,France,France,Q142,Q142,47.0,2.0
JeanBaptisteDeChampaigne,Bruxelles,arrondissement administratif de Bruxelles-Capitale,Région de Bruxelles-Capitale,Belgique,Belgique,Q31,Q31,50.641111111,4.668055555
PhilippeDeChampaigne,Bruxelles,arrondissement administratif de Bruxelles-Capitale,Région de Bruxelles-Capitale,Belgique,Belgique,Q31,Q31,50.641111111,4.668055555
NicolasChaperon,Châteaudun,Eure-et-Loir,Centre-Val de Loire,France,France,Q142,Q142,47.0,2.0
CimaDaConegliano,Conegliano,Trévise,Vénétie,Vénétie,Italie,Q38,Q1243,45.733333333,11.85
Cimabue,Florence,ville métropolitaine de Florence,Toscane,Toscane,Italie,Q38,Q1273,43.45,11.2
BartolomeoCincani,Orzinuovi,Brescia,Lombardie,Lombardie,Italie,Q38,Q1210,45.65,9.95
ValerioDiSimoneCioli,Florence,ville métropolitaine de Florence,Toscane,Toscane,Italie,Q38,Q1273,43.45,11.2
Orcagna,Florence,ville métropolitaine de Florence,Toscane,Toscane,Italie,Q38,Q1273,43.45,11.2
NiccoloCircignani,Pomarance,Pise,Toscane,Toscane,Italie,Q38,Q1273,43.45,11.2
VincenzoCiverchio,Crema,Crémone,Lombardie,Lombardie,Italie,Q38,Q1210,45.65,9.95
MatteoDiGiovanniCivitali,Lucques,Lucques,Toscane,Toscane,Italie,Q38,Q1273,43.45,11.2
GiovanniBattistaClarici,Urbino,Pesaro et Urbino,Marches,Marches,Italie,Q38,Q1279,43.316666666,13.0
JoosVanCleve,Clèves,arrondissement de Clèves,Düsseldorf,Allemagne,Allemagne,Q183,Q183,51.0,10.0
GiulioClovio,Grižane-Belgrad,Primorje-Gorski Kotar,Adriatic Croatia,Croatie,Croatie,Q224,Q224,45.25,15.466667
HieronymusCock,Anvers,arrondissement administratif d'Anvers,province d'Anvers,Belgique,Belgique,Q31,Q31,50.641111111,4.668055555
BenedettoCoda,Trévise,Trévise,Vénétie,Vénétie,Italie,Q38,Q1243,45.733333333,11.85
PieterCoeckeVanAelst,Alost,arrondissement administratif d'Alost,Flandre-Orientale,Belgique,Belgique,Q31,Q31,50.641111111,4.668055555
AdriaenCollaert,Anvers,arrondissement administratif d'Anvers,province d'Anvers,Belgique,Belgique,Q31,Q31,50.641111111,4.668055555
RaffaellinoDelColle,Sansepolcro,Arezzo,Toscane,Toscane,Italie,Q38,Q1273,43.45,11.2
AntonioDaSangalloIlGiovane,Florence,ville métropolitaine de Florence,Toscane,Toscane,Italie,Q38,Q1273,43.45,11.2
AlviseCornaro,Venise,ville métropolitaine de Venise,Vénétie,Vénétie,Italie,Q38,Q1243,45.733333333,11.85
MichelCorneille,Orléans,Loiret,Centre-Val de Loire,France,France,Q142,Q142,47.0,2.0
PierreCorneille,Rouen,Seine-Maritime,Normandie,France,France,Q142,Q142,47.0,2.0
CornelisVanHaarlem,Haarlem,Hollande-Septentrionale,Pays-Bas,Pays-Bas,Pays-Bas,Q55,Q55,52.316666666,5.55
LucasCornelisz,Leyde,Hollande-Méridionale,Pays-Bas,Pays-Bas,Pays-Bas,Q55,Q55,52.316666666,5.55
CornelisCort,Hoorn,Hollande-Septentrionale,Pays-Bas,Pays-Bas,Pays-Bas,Q55,Q55,52.316666666,5.55
PierreDeCortone,Cortone,Arezzo,Toscane,Toscane,Italie,Q38,Q1273,43.45,11.2
PieroDiCosimo,Florence,ville métropolitaine de Florence,Toscane,Toscane,Italie,Q38,Q1273,43.45,11.2
SilvioCosini,Fiesole,ville métropolitaine de Florence,Toscane,Toscane,Italie,Q38,Q1273,43.45,11.2
LorenzoCosta,Ferrare,Ferrare,Émilie-Romagne,Émilie-Romagne,Italie,Q38,Q1263,44.75,11.0
JeanICotelle,Meaux,Seine-et-Marne,Île-de-France,France,France,Q142,Q142,47.0,2.0
JeanCousin,Sens,arrondissement de Sens,Yonne,France,France,Q142,Q142,47.0,2.0
MichelICoxie,Malines,Malines,arrondissement administratif de Malines,Belgique,Belgique,Q31,Q31,50.641111111,4.668055555
SimoneDeiCrocifissi,Bologne,ville métropolitaine de Bologne,Émilie-Romagne,Émilie-Romagne,Italie,Q38,Q1263,44.75,11.0
BattistaDelMoro,Vérone,Vérone,Vénétie,Vénétie,Italie,Q38,Q1243,45.733333333,11.85
MarcoDOggiono,Oggiono,Lecco,Lombardie,Lombardie,Italie,Q38,Q1210,45.65,9.95
MichelinoDaBesozzo,Besozzo,province de Varèse,Lombardie,Lombardie,Italie,Q38,Q1210,45.65,9.95
LippoDalmasio,Bologne,ville métropolitaine de Bologne,Émilie-Romagne,Émilie-Romagne,Italie,Q38,Q1263,44.75,11.0
PellegrinoDaSanDaniele,Udine,Organisme de décentralisation régionale d'Udine,Frioul-Vénétie Julienne,Frioul-Vénétie Julienne,Italie,Q38,Q1250,46.1,13.116666666
JeanDaret,Bruxelles,arrondissement administratif de Bruxelles-Capitale,Région de Bruxelles-Capitale,Belgique,Belgique,Q31,Q31,50.641111111,4.668055555
CarloDati,Florence,ville métropolitaine de Florence,Toscane,Toscane,Italie,Q38,Q1273,43.45,11.2
CornelisVanHeem,Leyde,Hollande-Méridionale,Pays-Bas,Pays-Bas,Pays-Bas,Q55,Q55,52.316666666,5.55
JuanDeHerreraDeMaliano,Roiz,Valdáliga,Cantabrie,Espagne,Espagne,Q29,Q29,40.2,-3.5
EtienneDelaune,Paris,Métropole du Grand Paris,Île-de-France,France,France,Q142,Q142,47.0,2.0
WillemJacobszDelff,Delft,Hollande-Méridionale,Pays-Bas,Pays-Bas,Pays-Bas,Q55,Q55,52.316666666,5.55
StefanoDellaBella,Florence,ville métropolitaine de Florence,Toscane,Toscane,Italie,Q38,Q1273,43.45,11.2
MarcoDente,Ravenne,Ravenne,Émilie-Romagne,Émilie-Romagne,Italie,Q38,Q1263,44.75,11.0
ClaudeDeruet,Nancy,Meurthe-et-Moselle,Grand Est,France,France,Q142,Q142,47.0,2.0
GirardDesargues,Lyon,Métropole de Lyon,Auvergne-Rhône-Alpes,France,France,Q142,Q142,47.0,2.0
Bramante,Fermignano,Pesaro et Urbino,Marches,Marches,Italie,Q38,Q1279,43.316666666,13.0
ArnolfoDiLapo,Colle di Val d'Elsa,Sienne,Toscane,Toscane,Italie,Q38,Q1273,43.45,11.2
BenedettoDiada,Venise,ville métropolitaine de Venise,Vénétie,Vénétie,Italie,Q38,Q1243,45.733333333,11.85
AbrahamJanszVanDiepenbeeck,Bois-le-Duc,Bois-le-Duc,Brabant-Septentrional,Pays-Bas,Pays-Bas,Q55,Q55,52.316666666,5.55
Dominiquin,Bologne,ville métropolitaine de Bologne,Émilie-Romagne,Émilie-Romagne,Italie,Q38,Q1263,44.75,11.0
Donatello,Florence,ville métropolitaine de Florence,Toscane,Toscane,Italie,Q38,Q1273,43.45,11.2
Mastelletta,Bologne,ville métropolitaine de Bologne,Émilie-Romagne,Émilie-Romagne,Italie,Q38,Q1263,44.75,11.0
CharlesDorigny,La Rochelle,Charente-Maritime,Nouvelle-Aquitaine,France,France,Q142,Q142,47.0,2.0
MichelDorigny,Saint-Quentin,Aisne,Hauts-de-France,France,France,Q142,Q142,47.0,2.0
BattistaDossi,San Giovanni del Dosso,Mantoue,Lombardie,Lombardie,Italie,Q38,Q1210,45.65,9.95
DossoDossi,Mirandola,Modène,Émilie-Romagne,Émilie-Romagne,Italie,Q38,Q1263,44.75,11.0
GerritDou,Leyde,Hollande-Méridionale,Pays-Bas,Pays-Bas,Pays-Bas,Q55,Q55,52.316666666,5.55
FrancoisDuQuesnoy,Bruxelles,Bruxelles,arrondissement administratif de Bruxelles-Capitale,Belgique,Belgique,Q31,Q31,50.641111111,4.668055555
AmbroiseDubois,Anvers,arrondissement administratif d'Anvers,province d'Anvers,Belgique,Belgique,Q31,Q31,50.641111111,4.668055555
ToussaintDubreuil,Paris,Métropole du Grand Paris,Île-de-France,France,France,Q142,Q142,47.0,2.0
JacquesDubroeucq,Mons,arrondissement administratif de Mons,Hainaut,Belgique,Belgique,Q31,Q31,50.641111111,4.668055555
GaspardDughet,Rome,ville métropolitaine de Rome Capitale,Latium,Latium,Italie,Q38,Q1282,41.9,12.716666666
KarelDujardin,Amsterdam,Amsterdam,Hollande-Septentrionale,Pays-Bas,Pays-Bas,Q55,Q55,52.316666666,5.55
GuillaumeDumee,Fontainebleau,Seine-et-Marne,Île-de-France,France,France,Q142,Q142,47.0,2.0
EtienneDuperac,Bordeaux,Gironde,Nouvelle-Aquitaine,France,France,Q142,Q142,47.0,2.0
AntoineDurand,Toulouse,Haute-Garonne,Occitanie,France,France,Q142,Q142,47.0,2.0
VanDyck,Anvers,arrondissement administratif d'Anvers,province d'Anvers,Belgique,Belgique,Q31,Q31,50.641111111,4.668055555
AlbrechtDurer,Nuremberg,Moyenne-Franconie,Bavière,Allemagne,Allemagne,Q183,Q183,51.0,10.0
AlbrechtDurerElder,Ajtós,Békés,Hongrie,Hongrie,Hongrie,Q28,Q28,47.0,19.0
JustusVanEgmont,Leyde,Hollande-Méridionale,Pays-Bas,Pays-Bas,Pays-Bas,Q55,Q55,52.316666666,5.55
FerdinandElle,Malines,arrondissement administratif de Malines,province d'Anvers,Belgique,Belgique,Q31,Q31,50.641111111,4.668055555
AdamElsheimer,Francfort-sur-le-Main,district de Darmstadt,Hesse,Allemagne,Allemagne,Q183,Q183,51.0,10.0
MarioEquicola,Alvito,province de Frosinone,Latium,Latium,Italie,Q38,Q1282,41.9,12.716666666
CharlesErrard,Nantes,Loire-Atlantique,Pays de la Loire,France,France,Q142,Q142,47.0,2.0
JeanErrard,Bar-le-Duc,Meuse,Grand Est,France,France,Q142,Q142,47.0,2.0
VanEyck,Maseyk,arrondissement administratif de Maaseik,Limbourg,Belgique,Belgique,Q31,Q31,50.641111111,4.668055555
GentileDaFabriano,Fabriano,Ancône,Marches,Marches,Italie,Q38,Q1279,43.316666666,13.0
PietroFacchetti,Mantoue,Mantoue,Lombardie,Lombardie,Italie,Q38,Q1210,45.65,9.95
Filarete,Florence,ville métropolitaine de Florence,Toscane,Toscane,Italie,Q38,Q1273,43.45,11.2
GiacomoFantoni,Venise,ville métropolitaine de Venise,Vénétie,Vénétie,Italie,Q38,Q1243,45.733333333,11.85
PaoloFarinati,Vérone,Vérone,Vénétie,Vénétie,Italie,Q38,Q1243,45.733333333,11.85
JeanBaptisteDeFaudran,Lambesc,Bouches-du-Rhône,Provence-Alpes-Côte d'Azur,France,France,Q142,Q142,47.0,2.0
AndreaFeltrini,Florence,ville métropolitaine de Florence,Toscane,Toscane,Italie,Q38,Q1273,43.45,11.2
Gaudenzio,Valduggia,Verceil,Piémont,Piémont,Italie,Q38,Q1216,45.25,7.916666666
FrancescoFerrucci,Fiesole,ville métropolitaine de Florence,Toscane,Toscane,Italie,Q38,Q1273,43.45,11.2
MinoDaFiesole,Poppi,Arezzo,Toscane,Toscane,Italie,Q38,Q1273,43.45,11.2
AmbrogioFigino,Milan,ville métropolitaine de Milan,Lombardie,Lombardie,Italie,Q38,Q1210,45.65,9.95
MasoFiniguerra,Florence,ville métropolitaine de Florence,Toscane,Toscane,Italie,Q38,Q1273,43.45,11.2
JacobelloDelFiore,Venise,ville métropolitaine de Venise,Vénétie,Vénétie,Italie,Q38,Q1243,45.733333333,11.85
StefanoFiorentino,Florence,ville métropolitaine de Florence,Toscane,Toscane,Italie,Q38,Q1273,43.45,11.2
MaturinoFiorentino,Florence,ville métropolitaine de Florence,Toscane,Toscane,Italie,Q38,Q1273,43.45,11.2
Baroccio,Urbino,Pesaro et Urbino,Marches,Marches,Italie,Q38,Q1279,43.316666666,13.0
FlaminioVacca,Rome,ville métropolitaine de Rome Capitale,Latium,Latium,Italie,Q38,Q1282,41.9,12.716666666
FransFlorisI,Anvers,arrondissement administratif d'Anvers,province d'Anvers,Belgique,Belgique,Q31,Q31,50.641111111,4.668055555
AnnibaleFontana,Milan,ville métropolitaine de Milan,Lombardie,Lombardie,Italie,Q38,Q1210,45.65,9.95
DomenicoFontana,Melide,Cercle de Paradiso,district de Lugano,Suisse,Suisse,Q39,Q39,46.798562,8.231973
LaviniaFontana,Bologne,ville métropolitaine de Bologne,Émilie-Romagne,Émilie-Romagne,Italie,Q38,Q1263,44.75,11.0
ProsperoFontana,Bologne,ville métropolitaine de Bologne,Émilie-Romagne,Émilie-Romagne,Italie,Q38,Q1263,44.75,11.0
Caradosso,Olgiate Molgora,Lecco,Lombardie,Lombardie,Italie,Q38,Q1210,45.65,9.95
VincenzoFoppa,Brescia,Brescia,Lombardie,Lombardie,Italie,Q38,Q1210,45.65,9.95
JacquesFouquieres,Anvers,arrondissement administratif d'Anvers,province d'Anvers,Belgique,Belgique,Q31,Q31,50.641111111,4.668055555
PieroDellaFrancesca,Sansepolcro,Arezzo,Toscane,Toscane,Italie,Q38,Q1273,43.45,11.2
FrancescoFrancia,Bologne,ville métropolitaine de Bologne,Émilie-Romagne,Émilie-Romagne,Italie,Q38,Q1263,44.75,11.0
BattistaFranco,Venise,ville métropolitaine de Venise,Vénétie,Vénétie,Italie,Q38,Q1243,45.733333333,11.85
ClaudeFrancois,Amiens,Somme,Hauts-de-France,France,France,Q142,Q142,47.0,2.0
FrancoisDerand,Vic-sur-Seille,Moselle,Grand Est,France,France,Q142,Q142,47.0,2.0
SimonFrancois,Tours,Indre-et-Loire,Centre-Val de Loire,France,France,Q142,Q142,47.0,2.0
MartinFreminet,Paris,Métropole du Grand Paris,Île-de-France,France,France,Q142,Q142,47.0,2.0
RolandFreartDeChambray,Le Mans,Sarthe,Pays de la Loire,France,France,Q142,Q142,47.0,2.0
PaulFreartDeChantelou,Le Mans,Sarthe,Pays de la Loire,France,France,Q142,Q142,47.0,2.0
AmbroiseFredeau,Paris,Métropole du Grand Paris,Île-de-France,France,France,Q142,Q142,47.0,2.0
AndreFelibien,Chartres,Eure-et-Loir,Centre-Val de Loire,France,France,Q142,Q142,47.0,2.0
AgnoloGaddi,Florence,ville métropolitaine de Florence,Toscane,Toscane,Italie,Q38,Q1273,43.45,11.2
GaddoGaddi,Florence,ville métropolitaine de Florence,Toscane,Toscane,Italie,Q38,Q1273,43.45,11.2
TaddeoGaddi,Florence,ville métropolitaine de Florence,Toscane,Toscane,Italie,Q38,Q1273,43.45,11.2
FedeGalizia,Trente,province autonome de Trente,Trentin-Haut-Adige,Trentin-Haut-Adige,Italie,Q38,Q1237,46.383333333,11.416666666
CornelisGalleI,Anvers,arrondissement administratif d'Anvers,province d'Anvers,Belgique,Belgique,Q31,Q31,50.641111111,4.668055555
PhilipGalle,Haarlem,Hollande-Septentrionale,Pays-Bas,Pays-Bas,Pays-Bas,Q55,Q55,52.316666666,5.55
Garofalo,Ferrare,Ferrare,Émilie-Romagne,Émilie-Romagne,Italie,Q38,Q1263,44.75,11.0
LucasGassel,Helmond,Brabant-Septentrional,Pays-Bas,Pays-Bas,Pays-Bas,Q55,Q55,52.316666666,5.55
BernardinoGatti,Pavie,Pavie,Lombardie,Lombardie,Italie,Q38,Q1210,45.65,9.95
PomponioGaurico,Giffoni Valle Piana,province de Salerne,Campanie,Campanie,Italie,Q38,Q1438,40.910555555,14.920555555
GeorgGeldorp,Cologne,district de Cologne,Rhénanie-du-Nord-Westphalie,Allemagne,Allemagne,Q183,Q183,51.0,10.0
ClaudeLorrain,Chamagne,arrondissement d'Épinal,Vosges,France,France,Q142,Q142,47.0,2.0
BartolomeoGenga,Cesena,Forlì-Cesena,Émilie-Romagne,Émilie-Romagne,Italie,Q38,Q1263,44.75,11.0
GirolamoGenga,Urbino,Pesaro et Urbino,Marches,Marches,Italie,Q38,Q1279,43.316666666,13.0
ArtemisiaGentileschi,Rome,ville métropolitaine de Rome Capitale,Latium,Latium,Italie,Q38,Q1282,41.9,12.716666666
AntonioDaFaenza,Faenza,Ravenne,Émilie-Romagne,Émilie-Romagne,Italie,Q38,Q1263,44.75,11.0
BalthazarGerbier,Middelbourg,Middelbourg,Zélande,Pays-Bas,Pays-Bas,Q55,Q55,52.316666666,5.55
ConradGessner,Zurich,district de Zurich,canton de Zurich,Suisse,Suisse,Q39,Q39,46.798562,8.231973
ConsiglioGherardi,Sansepolcro,Arezzo,Toscane,Toscane,Italie,Q38,Q1273,43.45,11.2
LorenzoGhiberti,Florence,ville métropolitaine de Florence,Toscane,Toscane,Italie,Q38,Q1273,43.45,11.2
BenedettoGhirlandaio,Florence,ville métropolitaine de Florence,Toscane,Toscane,Italie,Q38,Q1273,43.45,11.2
DavideGhirlandaio,Florence,ville métropolitaine de Florence,Toscane,Toscane,Italie,Q38,Q1273,43.45,11.2
DomenicoGhirlandaio,Florence,ville métropolitaine de Florence,Toscane,Toscane,Italie,Q38,Q1273,43.45,11.2
RidolfoDelGhirlandaio,Florence,ville métropolitaine de Florence,Toscane,Toscane,Italie,Q38,Q1273,43.45,11.2
GiorgioGhisi,Mantoue,Mantoue,Lombardie,Lombardie,Italie,Q38,Q1210,45.65,9.95
GianelloTorriani,Crémone,Crémone,Lombardie,Lombardie,Italie,Q38,Q1210,45.65,9.95
GiovanniGiocondo,Melide,Cercle de Paradiso,district de Lugano,Suisse,Suisse,Q39,Q39,46.798562,8.231973
Giorgione,Castelfranco Veneto,Trévise,Vénétie,Vénétie,Italie,Q38,Q1243,45.733333333,11.85
Giotto,Vicchio,ville métropolitaine de Florence,Toscane,Toscane,Italie,Q38,Q1273,43.45,11.2
AgostinoDiGiovanni,Sienne,Sienne,Toscane,Toscane,Italie,Q38,Q1273,43.45,11.2
BertoldoDiGiovanni,Florence,ville métropolitaine de Florence,Toscane,Toscane,Italie,Q38,Q1273,43.45,11.2
DarioDiGiovanni,Pordenone,Organisme de décentralisation régionale de Pordenone,Frioul-Vénétie Julienne,Frioul-Vénétie Julienne,Italie,Q38,Q1250,46.1,13.116666666
GiovanniMariaFalconetto,Vérone,Vérone,Vénétie,Vénétie,Italie,Q38,Q1243,45.733333333,11.85
GirolamoMacchietti,Florence,ville métropolitaine de Florence,Toscane,Toscane,Italie,Q38,Q1273,43.45,11.2
DanielGittard,Blandy,Seine-et-Marne,Île-de-France,France,France,Q142,Q142,47.0,2.0
HendrickGoltzius,Bracht,Brüggen,arrondissement de Viersen,Allemagne,Allemagne,Q183,Q183,51.0,10.0
HubertusGoltzius,Venlo,Limbourg,Pays-Bas,Pays-Bas,Pays-Bas,Q55,Q55,52.316666666,5.55
JanGossaert,Maubeuge,arrondissement d'Avesnes-sur-Helpe,Nord,France,France,Q142,Q142,47.0,2.0
HendrickGoudt,La Haye,Hollande-Méridionale,Pays-Bas,Pays-Bas,Pays-Bas,Q55,Q55,52.316666666,5.55
JeanGoujon,Rouen,Seine-Maritime,Normandie,France,France,Q142,Q142,47.0,2.0
AntivedutoGramatica,Rome,ville métropolitaine de Rome Capitale,Latium,Latium,Italie,Q38,Q1282,41.9,12.716666666
MatthausGreuter,Strasbourg,Bas-Rhin,République française,France,France,Q142,Q142,47.0,2.0
MatthiasGrunewald,Wurtzbourg,Basse-Franconie,Bavière,Allemagne,Allemagne,Q183,Q183,51.0,10.0
RaffaelloGuidi,Florence,ville métropolitaine de Florence,Toscane,Toscane,Italie,Q38,Q1273,43.45,11.2
GuidoReni,Bologne,ville métropolitaine de Bologne,Émilie-Romagne,Émilie-Romagne,Italie,Q38,Q1263,44.75,11.0
PaoloGuidotti,Lucques,Lucques,Toscane,Toscane,Italie,Q38,Q1273,43.45,11.2
FrancoisGuy,Le Puy-en-Velay,Haute-Loire,Auvergne-Rhône-Alpes,France,France,Q142,Q142,47.0,2.0
AdriaenHanneman,La Haye,Hollande-Méridionale,Pays-Bas,Pays-Bas,Pays-Bas,Q55,Q55,52.316666666,5.55
JulesHardouinMansart,Paris,Métropole du Grand Paris,Île-de-France,France,France,Q142,Q142,47.0,2.0
MaertenVanHeemskerck,Heemskerk,Hollande-Septentrionale,Pays-Bas,Pays-Bas,Pays-Bas,Q55,Q55,52.316666666,5.55
JosephHeintz,Bâle,canton de Bâle-Ville,Suisse,Suisse,Suisse,Q39,Q39,46.798562,8.231973
JanSandersVanHemessen,Hemiksem,Hemiksem,arrondissement administratif d'Anvers,Belgique,Belgique,Q31,Q31,50.641111111,4.668055555
JanVanDenHoecke,Anvers,arrondissement administratif d'Anvers,province d'Anvers,Belgique,Belgique,Q31,Q31,50.641111111,4.668055555
JacobHoefnagel,Anvers,arrondissement administratif d'Anvers,province d'Anvers,Belgique,Belgique,Q31,Q31,50.641111111,4.668055555
HansHolbeinDeElder,Augsbourg,Souabe,Bavière,Allemagne,Allemagne,Q183,Q183,51.0,10.0
HansHolbeinDeJonge,Augsbourg,Souabe,Bavière,Allemagne,Allemagne,Q183,Q183,51.0,10.0
GerritVanHonthorst,Utrecht,Utrecht,Pays-Bas,Pays-Bas,Pays-Bas,Q55,Q55,52.316666666,5.55
InnocenzoFrancucci,Imola,ville métropolitaine de Bologne,Émilie-Romagne,Émilie-Romagne,Italie,Q38,Q1263,44.75,11.0
AbrahamJanssens,Anvers,arrondissement administratif d'Anvers,province d'Anvers,Belgique,Belgique,Q31,Q31,50.641111111,4.668055555
PieterDeJodeI,Anvers,arrondissement administratif d'Anvers,province d'Anvers,Belgique,Belgique,Q31,Q31,50.641111111,4.668055555
JacobJordaens,Anvers,arrondissement administratif d'Anvers,province d'Anvers,Belgique,Belgique,Q31,Q31,50.641111111,4.668055555
FranciscusJunius,Heidelberg,Karlsruhe,Bade-Wurtemberg,Allemagne,Allemagne,Q183,Q183,51.0,10.0
WillemKey,Bréda,Bréda,Brabant-Septentrional,Pays-Bas,Pays-Bas,Q55,Q55,52.316666666,5.55
MelchiorIKusel,Augsbourg,Souabe,Bavière,Allemagne,Allemagne,Q183,Q183,51.0,10.0
PhilibertDelorme,Lyon,Métropole de Lyon,Auvergne-Rhône-Alpes,France,France,Q142,Q142,47.0,2.0
LaurentDeLaHyre,Paris,Métropole du Grand Paris,Île-de-France,France,France,Q142,Q142,47.0,2.0
AntonioLabacco,Verceil,Verceil,Piémont,Piémont,Italie,Q38,Q1216,45.25,7.916666666
PieterVanLaer,Haarlem,Hollande-Septentrionale,Pays-Bas,Pays-Bas,Pays-Bas,Q55,Q55,52.316666666,5.55
RaymondLafage,Lisle-sur-Tarn,Tarn,Occitanie,France,France,Q142,Q142,47.0,2.0
AntoineLafrery,Orgelet,Jura,Bourgogne-Franche-Comté,France,France,Q142,Q142,47.0,2.0
GeorgesLallemand,Nancy,Meurthe-et-Moselle,Grand Est,France,France,Q142,Q142,47.0,2.0
DominiqueLampsonius,Bruges,arrondissement administratif de Bruges,Flandre-Occidentale,Belgique,Belgique,Q31,Q31,50.641111111,4.668055555
PaoloCamilloLandriani,Ponte in Valtellina,Sondrio,Lombardie,Lombardie,Italie,Q38,Q1210,45.65,9.95
GiovanniLanfranco,Parme,Parme,Émilie-Romagne,Émilie-Romagne,Italie,Q38,Q1263,44.75,11.0
NicolasLanglois,Paris,Métropole du Grand Paris,Île-de-France,France,France,Q142,Q142,47.0,2.0
BernardinoLanino,Mortara,Pavie,Lombardie,Lombardie,Italie,Q38,Q1210,45.65,9.95
PieterLastman,Amsterdam,Amsterdam,Hollande-Septentrionale,Pays-Bas,Pays-Bas,Q55,Q55,52.316666666,5.55
TommasoLaureti,Palerme,ville métropolitaine de Palerme,Sicile,Sicile,Italie,Q38,Q1460,37.599958333,14.015377777
HansSebaldLautensack,Bamberg,Haute-Franconie,Bavière,Allemagne,Allemagne,Q183,Q183,51.0,10.0
HoraceLeBlanc,Lyon,Métropole de Lyon,Auvergne-Rhône-Alpes,France,France,Q142,Q142,47.0,2.0
CharlesLeBrun,Paris,Métropole du Grand Paris,Île-de-France,France,France,Q142,Q142,47.0,2.0
PierreLeMuet,Dijon,Côte-d'Or,Bourgogne-Franche-Comté,France,France,Q142,Q142,47.0,2.0
AntoineLePautre,Paris,Métropole du Grand Paris,Île-de-France,France,France,Q142,Q142,47.0,2.0
EustacheLeSueur,Paris,Métropole du Grand Paris,Île-de-France,France,France,Q142,Q142,47.0,2.0
FrancoisLeVau,Paris,Métropole du Grand Paris,Île-de-France,France,France,Q142,Q142,47.0,2.0
RemeeVanLeemput,Anvers,arrondissement administratif d'Anvers,province d'Anvers,Belgique,Belgique,Q31,Q31,50.641111111,4.668055555
JeanLemaire,Dammartin-en-Goële,Seine-et-Marne,Île-de-France,France,France,Q142,Q142,47.0,2.0
JacquesLemercier,Pontoise,Val-d'Oise,Île-de-France,France,France,Q142,Q142,47.0,2.0
LeoneLeoni,Arezzo,Arezzo,Toscane,Toscane,Italie,Q38,Q1273,43.45,11.2
PompeoLeoni,Milan,ville métropolitaine de Milan,Lombardie,Lombardie,Italie,Q38,Q1210,45.65,9.95
HenriLerambert,Paris,Métropole du Grand Paris,Île-de-France,France,France,Q142,Q142,47.0,2.0
PierreLescot,Paris,Métropole du Grand Paris,Île-de-France,France,France,Q142,Q142,47.0,2.0
LucasVanLeyden,Leyde,Hollande-Méridionale,Pays-Bas,Pays-Bas,Pays-Bas,Q55,Q55,52.316666666,5.55
BernardinoLicinio,Venise,ville métropolitaine de Venise,Vénétie,Vénétie,Italie,Q38,Q1243,45.733333333,11.85
GiulioLicinio,Venise,ville métropolitaine de Venise,Vénétie,Vénétie,Italie,Q38,Q1243,45.733333333,11.85
PirroLigorio,Naples,ville métropolitaine de Naples,Campanie,Campanie,Italie,Q38,Q1438,40.910555555,14.920555555
JacopoLigozzi,Vérone,Vérone,Vénétie,Vénétie,Italie,Q38,Q1243,45.733333333,11.85
FilippinoLippi,Prato,Prato,Toscane,Toscane,Italie,Q38,Q1273,43.45,11.2
FraFilippoLippi,Florence,ville métropolitaine de Florence,Toscane,Toscane,Italie,Q38,Q1273,43.45,11.2
NicolasLoir,Paris,Métropole du Grand Paris,Île-de-France,France,France,Q142,Q142,47.0,2.0
GiovanniPaoloLomazzo,Milan,ville métropolitaine de Milan,Lombardie,Lombardie,Italie,Q38,Q1210,45.65,9.95
LambertLombard,Liège,arrondissement administratif de Liège,Province de Liège,Belgique,Belgique,Q31,Q31,50.641111111,4.668055555
AlfonsoLombardi,Ferrare,Ferrare,Émilie-Romagne,Émilie-Romagne,Italie,Q38,Q1263,44.75,11.0
GirolamoLombardo,Ferrare,Ferrare,Émilie-Romagne,Émilie-Romagne,Italie,Q38,Q1263,44.75,11.0
OnorioLonghi,Viggiù,province de Varèse,Lombardie,Lombardie,Italie,Q38,Q1210,45.65,9.95
AngeloDiLorentino,Arezzo,Arezzo,Toscane,Toscane,Italie,Q38,Q1273,43.45,11.2
AmbrogioLorenzetti,Sienne,Sienne,Toscane,Toscane,Italie,Q38,Q1273,43.45,11.2
PietroLorenzetti,Sienne,Sienne,Toscane,Toscane,Italie,Q38,Q1273,43.45,11.2
BattistaLorenzi,Settignano,Florence,ville métropolitaine de Florence,Toscane,Italie,Q38,Q1273,43.45,11.2
Lorenzetto,Florence,ville métropolitaine de Florence,Toscane,Toscane,Italie,Q38,Q1273,43.45,11.2
AurelioLuini,Milan,ville métropolitaine de Milan,Lombardie,Lombardie,Italie,Q38,Q1210,45.65,9.95
BernardinoLuini,Dumenza,province de Varèse,Lombardie,Lombardie,Italie,Q38,Q1210,45.65,9.95
LorenzoLuzzo,Feltre,Belluno,Vénétie,Vénétie,Italie,Q38,Q1243,45.733333333,11.85
AndreLebre,Toulouse,Haute-Garonne,Occitanie,France,France,Q142,Q142,47.0,2.0
CarloMaderno,Capolago,Mendrisio,Cercle du Mendrisio,Suisse,Suisse,Q39,Q39,46.798562,8.231973
AlessandroMaganza,Vicence,Vicence,Vénétie,Vénétie,Italie,Q38,Q1243,45.733333333,11.85
GiovanniMaggi,Rome,ville métropolitaine de Rome Capitale,Latium,Latium,Italie,Q38,Q1282,41.9,12.716666666
Maggiore,Milan,ville métropolitaine de Milan,Lombardie,Lombardie,Italie,Q38,Q1210,45.65,9.95
BenedettoDaMaiano,Maiano,Fiesole,ville métropolitaine de Florence,Toscane,Italie,Q38,Q1273,43.45,11.2
BastianoMainardi,San Gimignano,Sienne,Toscane,Toscane,Italie,Q38,Q1273,43.45,11.2
IsaacMajor,Francfort-sur-le-Main,district de Darmstadt,Hesse,Allemagne,Allemagne,Q183,Q183,51.0,10.0
ulan_500027513,Bologne,ville métropolitaine de Bologne,Émilie-Romagne,Émilie-Romagne,Italie,Q38,Q1263,44.75,11.0
CarelVanMander,Meulebeke,Tielt,arrondissement administratif de Tielt,Belgique,Belgique,Q31,Q31,50.641111111,4.668055555
BartolomeoManfredi,Ostiano,Crémone,Lombardie,Lombardie,Italie,Q38,Q1210,45.65,9.95
FrancoisMansart,Paris,Métropole du Grand Paris,Île-de-France,France,France,Q142,Q142,47.0,2.0
GiovanniMansueti,Venise,ville métropolitaine de Venise,Vénétie,Vénétie,Italie,Q38,Q1243,45.733333333,11.85
AndreaMantegna,Isola Mantegna,Piazzola sul Brenta,Province de Padoue,Vénétie,Italie,Q38,Q1243,45.733333333,11.85
RinaldoMantovano,Mantoue,Mantoue,Lombardie,Lombardie,Italie,Q38,Q1210,45.65,9.95
DianaScultoriGhisi,Mantoue,Mantoue,Lombardie,Lombardie,Italie,Q38,Q1210,45.65,9.95
GiovanniBattistaScultori,Mantoue,Mantoue,Lombardie,Lombardie,Italie,Q38,Q1210,45.65,9.95
CarloMaratti,Camerano,Ancône,Marches,Marches,Italie,Q38,Q1279,43.316666666,13.0
GuillaumeMarcillat,La Châtre,arrondissement de la Châtre,Indre,France,France,Q142,Q142,47.0,2.0
JeanMartin,Paris,Métropole du Grand Paris,Île-de-France,France,France,Q142,Q142,47.0,2.0
Masaccio,San Giovanni Valdarno,Arezzo,Toscane,Toscane,Italie,Q38,Q1273,43.45,11.2
MasolinoDaPanicale,Panicale,province de Pérouse,Ombrie,Ombrie,Italie,Q38,Q1280,42.983333333,12.566666666
GirolamoMassei,Lucques,Lucques,Toscane,Toscane,Italie,Q38,Q1273,43.45,11.2
JacobMatham,Haarlem,Hollande-Septentrionale,Pays-Bas,Pays-Bas,Pays-Bas,Q55,Q55,52.316666666,5.55
MicheleDiMatteo,Bologne,ville métropolitaine de Bologne,Émilie-Romagne,Émilie-Romagne,Italie,Q38,Q1263,44.75,11.0
MatthijsBril,Anvers,arrondissement administratif d'Anvers,province d'Anvers,Belgique,Belgique,Q31,Q31,50.641111111,4.668055555
GiovanniAmbrogioMazenta,Milan,ville métropolitaine de Milan,Lombardie,Lombardie,Italie,Q38,Q1210,45.65,9.95
Parmigianino,Parme,Parme,Émilie-Romagne,Émilie-Romagne,Italie,Q38,Q1263,44.75,11.0
GirolamoMazzolaBedoli,Viadana,Mantoue,Lombardie,Lombardie,Italie,Q38,Q1210,45.65,9.95
LudovicoMazzolino,Ferrare,Ferrare,Émilie-Romagne,Émilie-Romagne,Italie,Q38,Q1263,44.75,11.0
GiuseppeMeda,Milan,ville métropolitaine de Milan,Lombardie,Lombardie,Italie,Q38,Q1210,45.65,9.95
ClaudeMellan,Abbeville,Somme,Hauts-de-France,France,France,Q142,Q142,47.0,2.0
FrancescoMelzi,Milan,ville métropolitaine de Milan,Lombardie,Lombardie,Italie,Q38,Q1210,45.65,9.95
LippoMemmi,Sienne,Sienne,Toscane,Toscane,Italie,Q38,Q1273,43.45,11.2
SimoneMemmi,Sienne,Sienne,Toscane,Toscane,Italie,Q38,Q1273,43.45,11.2
FrancescoMerano,Gênes,ville métropolitaine de Gênes,Ligurie,Ligurie,Italie,Q38,Q1256,44.45,8.766666666
AntonelloDeMessine,Messine,ville métropolitaine de Messine,Sicile,Sicile,Italie,Q38,Q1460,37.599958333,14.015377777
QuintenMetsys,Louvain,arrondissement administratif de Louvain,Brabant flamand,Belgique,Belgique,Q31,Q31,50.641111111,4.668055555
Michelozzo,Florence,ville métropolitaine de Florence,Toscane,Toscane,Italie,Q38,Q1273,43.45,11.2
MichielJanszVanMiereveld,Delft,Hollande-Méridionale,Pays-Bas,Pays-Bas,Pays-Bas,Q55,Q55,52.316666666,5.55
FransVanMieris,Leyde,Hollande-Méridionale,Pays-Bas,Pays-Bas,Pays-Bas,Q55,Q55,52.316666666,5.55
NicholasMignard,Troyes,Aube,Grand Est,France,France,Q142,Q142,47.0,2.0
PierreMignard,Troyes,Aube,Grand Est,France,France,Q142,Q142,47.0,2.0
PierreIIMignard,Avignon,Vaucluse,Provence-Alpes-Côte d'Azur,France,France,Q142,Q142,47.0,2.0
FrancescoMochi,Montevarchi,Arezzo,Toscane,Toscane,Italie,Q38,Q1273,43.45,11.2
PierFrancescoMola,Coldrerio,Cercle du Mendrisio,district de Mendrisio,Suisse,Suisse,Q39,Q39,46.798562,8.231973
JoosIIDeMomper,Anvers,arrondissement administratif d'Anvers,province d'Anvers,Belgique,Belgique,Q31,Q31,50.641111111,4.668055555
PierreMonier,Blois,Loir-et-Cher,Centre-Val de Loire,France,France,Q142,Q142,47.0,2.0
JacopoDaMontagnana,montagnana,Province de Padoue,Vénétie,Vénétie,Italie,Q38,Q1243,45.733333333,11.85
BaccioDaMontelupo,Montelupo Fiorentino,ville métropolitaine de Florence,Toscane,Toscane,Italie,Q38,Q1273,43.45,11.2
AnthonieVanMontfoortBlocklandt,Montfoort,Utrecht,Pays-Bas,Pays-Bas,Pays-Bas,Q55,Q55,52.316666666,5.55
AnthonisMorVanDashorst,Utrecht,Utrecht,Pays-Bas,Pays-Bas,Pays-Bas,Q55,Q55,52.316666666,5.55
PaoloMorando,Vérone,Vérone,Vénétie,Vénétie,Italie,Q38,Q1243,45.733333333,11.85
GiovanniBattistaMoroni,Albino,Bergame,Lombardie,Lombardie,Italie,Q38,Q1210,45.65,9.95
JanHarmenszMuller,Amsterdam,Amsterdam,Hollande-Septentrionale,Pays-Bas,Pays-Bas,Q55,Q55,52.316666666,5.55
AgostinoVeneziano,Venise,ville métropolitaine de Venise,Vénétie,Vénétie,Italie,Q38,Q1243,45.733333333,11.85
GirolamoMuziano,Brescia,Brescia,Lombardie,Lombardie,Italie,Q38,Q1210,45.65,9.95
RobertNanteuil,Reims,Marne,Grand Est,France,France,Q142,Q142,47.0,2.0
MichelNatalis,Liège,arrondissement administratif de Liège,Province de Liège,Belgique,Belgique,Q31,Q31,50.641111111,4.668055555
CesareNebbia,Orvieto,province de Terni,Ombrie,Ombrie,Italie,Q38,Q1280,42.983333333,12.566666666
CasparNetscher,Heidelberg,Karlsruhe,Bade-Wurtemberg,Allemagne,Allemagne,Q183,Q183,51.0,10.0
GiacomoNizzola,Trezzo sull’Adda,ville métropolitaine de Milan,Lombardie,Lombardie,Italie,Q38,Q1210,45.65,9.95
JeanNocret,Nancy,Meurthe-et-Moselle,Grand Est,France,France,Q142,Q142,47.0,2.0
AdamVanNoort,Anvers,arrondissement administratif d'Anvers,province d'Anvers,Belgique,Belgique,Q31,Q31,50.641111111,4.668055555
LambertVanNoort,Amersfoort,Utrecht,Pays-Bas,Pays-Bas,Pays-Bas,Q55,Q55,52.316666666,5.55
PietroPaoloOlivieri,Rome,ville métropolitaine de Rome Capitale,Latium,Latium,Italie,Q38,Q1282,41.9,12.716666666
GerardVanOpstal,Bruxelles,arrondissement administratif de Bruxelles-Capitale,Région de Bruxelles-Capitale,Belgique,Belgique,Q31,Q31,50.641111111,4.668055555
OrazioDeFerrari,Voltri,Municipio VII Ponente,Gênes,Ligurie,Italie,Q38,Q1256,44.45,8.766666666
FrancoisDOrbay,Paris,Métropole du Grand Paris,Île-de-France,France,France,Q142,Q142,47.0,2.0
BernaertVanOrley,Bruxelles,Bruxelles,arrondissement administratif de Bruxelles-Capitale,Belgique,Belgique,Q31,Q31,50.641111111,4.668055555
HilairePader,Toulouse,Haute-Garonne,Occitanie,France,France,Q142,Q142,47.0,2.0
BenedettoPagni,Pescia,Pistoia,Toscane,Toscane,Italie,Q38,Q1273,43.45,11.2
AndreaPalladio,Padoue,Province de Padoue,Vénétie,Vénétie,Italie,Q38,Q1243,45.733333333,11.85
JacopoPalmaIlVecchio,Serina,Bergame,Lombardie,Lombardie,Italie,Q38,Q1210,45.65,9.95
JacopoPalmaIlGiovane,Venise,ville métropolitaine de Venise,Vénétie,Vénétie,Italie,Q38,Q1243,45.733333333,11.85
LeonardoParasole,Rome,ville métropolitaine de Rome Capitale,Latium,Latium,Italie,Q38,Q1282,41.9,12.716666666
BartolomeoPassarotti,Bologne,ville métropolitaine de Bologne,Émilie-Romagne,Émilie-Romagne,Italie,Q38,Q1263,44.75,11.0
GiovanniFrancescoPenni,Florence,ville métropolitaine de Florence,Toscane,Toscane,Italie,Q38,Q1273,43.45,11.2
LucaPenni,Florence,ville métropolitaine de Florence,Toscane,Toscane,Italie,Q38,Q1273,43.45,11.2
ClaudePerrault,Paris,Métropole du Grand Paris,Île-de-France,France,France,Q142,Q142,47.0,2.0
FrancoisPerrier,Pontarlier,Doubs,Bourgogne-Franche-Comté,France,France,Q142,Q142,47.0,2.0
BaldassarrePeruzzi,Sienne,Sienne,Toscane,Toscane,Italie,Q38,Q1273,43.45,11.2
SimonePeterzano,Bergame,Bergame,Lombardie,Lombardie,Italie,Q38,Q1210,45.65,9.95
Petrarque,Arezzo,Arezzo,Toscane,Toscane,Italie,Q38,Q1273,43.45,11.2
PetrusChristus,Baerle,Baerle-Nassau,Brabant-Septentrional,Belgique,Belgique,Q31,Q31,50.641111111,4.668055555
GiovanniDiPietro,Pérouse,province de Pérouse,Ombrie,Ombrie,Italie,Q38,Q1280,42.983333333,12.566666666
RogerDePiles,Clamecy,Nièvre,Bourgogne-Franche-Comté,France,France,Q142,Q142,47.0,2.0
GermainPilon,Paris,Métropole du Grand Paris,Île-de-France,France,France,Q142,Q142,47.0,2.0
MarcoPino,Costalpino,Sienne,Sienne,Toscane,Italie,Q38,Q1273,43.45,11.2
PaoloPino,Venise,ville métropolitaine de Venise,Vénétie,Vénétie,Italie,Q38,Q1243,45.733333333,11.85
Pinturicchio,Pérouse,province de Pérouse,Ombrie,Ombrie,Italie,Q38,Q1280,42.983333333,12.566666666
SebastianoDelPiombo,Venise,ville métropolitaine de Venise,Vénétie,Vénétie,Italie,Q38,Q1243,45.733333333,11.85
Pisanello,Pise,Pise,Toscane,Toscane,Italie,Q38,Q1273,43.45,11.2
AndreaPisano,Pontedera,Pise,Toscane,Toscane,Italie,Q38,Q1273,43.45,11.2
BonannoPisano,Pise,Pise,Toscane,Toscane,Italie,Q38,Q1273,43.45,11.2
GiovanniPisano,Pise,Pise,Toscane,Toscane,Italie,Q38,Q1273,43.45,11.2
NicolaPisano,Foggia,Foggia,Pouilles,Pouilles,Italie,Q38,Q1447,41.008611111,16.512777777
FraPaolinoDaPistoia,Pistoia,Pistoia,Toscane,Toscane,Italie,Q38,Q1273,43.45,11.2
BonifacioVeronese,Vérone,Vérone,Vénétie,Vénétie,Italie,Q38,Q1243,45.733333333,11.85
GiovanniBattistaPittoni,Vicence,Vicence,Vénétie,Vénétie,Italie,Q38,Q1243,45.733333333,11.85
CornelisVanPoelenburgh,Utrecht,Utrecht,Pays-Bas,Pays-Bas,Pays-Bas,Q55,Q55,52.316666666,5.55
AntonioPollaiuolo,Florence,ville métropolitaine de Florence,Toscane,Toscane,Italie,Q38,Q1273,43.45,11.2
PieroPollaiuolo,Florence,ville métropolitaine de Florence,Toscane,Toscane,Italie,Q38,Q1273,43.45,11.2
AmalteoPomponio,Motta di Livenza,Trévise,Vénétie,Vénétie,Italie,Q38,Q1243,45.733333333,11.85
JacquiotPonce,Rethel,Ardennes,Grand Est,France,France,Q142,Q142,47.0,2.0
GiovanniDalPonte,Florence,ville métropolitaine de Florence,Toscane,Toscane,Italie,Q38,Q1273,43.45,11.2
PaulusPontius,Anvers,arrondissement administratif d'Anvers,province d'Anvers,Belgique,Belgique,Q31,Q31,50.641111111,4.668055555
Pontormo,Empoli,ville métropolitaine de Florence,Toscane,Toscane,Italie,Q38,Q1273,43.45,11.2
GiovanniGiacomoDellaPorta,Porlezza,Côme,Lombardie,Lombardie,Italie,Q38,Q1210,45.65,9.95
GiuseppePorta,Castelnuovo di Garfagnana,Lucques,Toscane,Toscane,Italie,Q38,Q1273,43.45,11.2
GuglielmoDellaPorta,Porlezza,Côme,Lombardie,Lombardie,Italie,Q38,Q1210,45.65,9.95
FransPourbusI,Bruges,arrondissement administratif de Bruges,Flandre-Occidentale,Belgique,Belgique,Q31,Q31,50.641111111,4.668055555
PieterPourbus,Gouda,Hollande-Méridionale,Pays-Bas,Pays-Bas,Pays-Bas,Q55,Q55,52.316666666,5.55
NicolasPoussin,Les Andelys,arrondissement des Andelys,Eure,France,France,Q142,Q142,47.0,2.0
CharlesPoerson,Metz,Moselle,Grand Est,France,France,Q142,Q142,47.0,2.0
AndreaPrevitali,Berbenno,Bergame,Lombardie,Lombardie,Italie,Q38,Q1210,45.65,9.95
FrancescoPrimaticcio,Bologne,ville métropolitaine de Bologne,Émilie-Romagne,Émilie-Romagne,Italie,Q38,Q1263,44.75,11.0
CamilloProcaccini,Parme,Parme,Émilie-Romagne,Émilie-Romagne,Italie,Q38,Q1263,44.75,11.0
ErcoleProcacciniI,Bologne,ville métropolitaine de Bologne,Émilie-Romagne,Émilie-Romagne,Italie,Q38,Q1263,44.75,11.0
GiulioCesareProcaccini,Bologne,ville métropolitaine de Bologne,Émilie-Romagne,Émilie-Romagne,Italie,Q38,Q1263,44.75,11.0
PierrePuget,Marseille,Bouches-du-Rhône,Provence-Alpes-Côte d'Azur,France,France,Q142,Q142,47.0,2.0
Perugin,Città della Pieve,province de Pérouse,Ombrie,Ombrie,Italie,Q38,Q1280,42.983333333,12.566666666
ErasmusIIQuellinus,Anvers,arrondissement administratif d'Anvers,province d'Anvers,Belgique,Belgique,Q31,Q31,50.641111111,4.668055555
JacopoDellaQuercia,Quercegrossa,Castelnuovo Berardenga,Sienne,Toscane,Italie,Q38,Q1273,43.45,11.2
MarcantonioRaimondi,Molinella,ville métropolitaine de Bologne,Émilie-Romagne,Émilie-Romagne,Italie,Q38,Q1263,44.75,11.0
AgostinoRamelli,Ponte Tresa,Tresa,Cercle de Sessa,Suisse,Suisse,Q39,Q39,46.798562,8.231973
BartolommeoRamenghi,Bagnacavallo,Ravenne,Émilie-Romagne,Émilie-Romagne,Italie,Q38,Q1263,44.75,11.0
GiovanniBattistaRamenghi,Bagnacavallo,Ravenne,Émilie-Romagne,Émilie-Romagne,Italie,Q38,Q1263,44.75,11.0
Pordenone,Pordenone,Organisme de décentralisation régionale de Pordenone,Frioul-Vénétie Julienne,Frioul-Vénétie Julienne,Italie,Q38,Q1250,46.1,13.116666666
JusepeDeRibera,Xàtiva,Costera,province de Valence,Espagne,Espagne,Q29,Q29,40.2,-3.5
DanieleDaVolterra,Volterra,Pise,Toscane,Toscane,Italie,Q38,Q1273,43.45,11.2
CarloRidolfi,Lonigo,Vicence,Vénétie,Vénétie,Italie,Q38,Q1243,45.733333333,11.85
Rembrandt,Leyde,Hollande-Méridionale,Pays-Bas,Pays-Bas,Pays-Bas,Q55,Q55,52.316666666,5.55
CesareRipa,Pérouse,province de Pérouse,Ombrie,Ombrie,Italie,Q38,Q1280,42.983333333,12.566666666
JacopoRipanda,Bologne,ville métropolitaine de Bologne,Émilie-Romagne,Émilie-Romagne,Italie,Q38,Q1263,44.75,11.0
JeanPierreRivalz,Labastide-d'Anjou,Aude,Occitanie,France,France,Q142,Q142,47.0,2.0
LucaDellaRobbia,Florence,ville métropolitaine de Florence,Toscane,Toscane,Italie,Q38,Q1273,43.45,11.2
ErcoleDeRoberti,Ferrare,Ferrare,Émilie-Romagne,Émilie-Romagne,Italie,Q38,Q1263,44.75,11.0
GiovanniFrancescoRomanelli,Viterbe,Viterbe,Latium,Latium,Italie,Q38,Q1282,41.9,12.716666666
PaoloRomano,Sezze,province de Latina,Latium,Latium,Italie,Q38,Q1282,41.9,12.716666666
Romanino,Brescia,Brescia,Lombardie,Lombardie,Italie,Q38,Q1210,45.65,9.95
GiulioRomano,Rome,ville métropolitaine de Rome Capitale,Latium,Latium,Italie,Q38,Q1282,41.9,12.716666666
CristoforoRoncalli,Pomarance,Pise,Toscane,Toscane,Italie,Q38,Q1273,43.45,11.2
JeanBaptisteRondelet,Lyon,Métropole de Lyon,Auvergne-Rhône-Alpes,France,France,Q142,Q142,47.0,2.0
PierreDeRonsard,château de la Possonnière,Couture-sur-Loir,Loir-et-Cher,France,France,Q142,Q142,47.0,2.0
SalvatorRosa,Naples,ville métropolitaine de Naples,Campanie,Campanie,Italie,Q38,Q1438,40.910555555,14.920555555
CosimoRosselli,Florence,ville métropolitaine de Florence,Toscane,Toscane,Italie,Q38,Q1273,43.45,11.2
ProperziaDeRossi,Bologne,ville métropolitaine de Bologne,Émilie-Romagne,Émilie-Romagne,Italie,Q38,Q1263,44.75,11.0
RossoFiorentino,Florence,ville métropolitaine de Florence,Toscane,Toscane,Italie,Q38,Q1273,43.45,11.2
MartinoRota,Šibenik,Šibenik-Knin,Adriatic Croatia,Croatie,Croatie,Q224,Q224,45.25,15.466667
HansIRottenhammer,Munich,Haute-Bavière,Bavière,Allemagne,Allemagne,Q183,Q183,51.0,10.0
PeterPaulRubens,Siegen,arrondissement de Siegen-Wittgenstein,Arnsberg,Allemagne,Allemagne,Q183,Q183,51.0,10.0
GiovanniFrancescoRustici,Florence,ville métropolitaine de Florence,Toscane,Toscane,Italie,Q38,Q1273,43.45,11.2
LorenzoSabatini,Bologne,ville métropolitaine de Bologne,Émilie-Romagne,Émilie-Romagne,Italie,Q38,Q1263,44.75,11.0
AndreaSacchi,Nettuno,ville métropolitaine de Rome Capitale,Latium,Latium,Italie,Q38,Q1282,41.9,12.716666666
HansSadeler,Bruxelles,arrondissement administratif de Bruxelles-Capitale,Région de Bruxelles-Capitale,Belgique,Belgique,Q31,Q31,50.641111111,4.668055555
RaphaelSadeler,Anvers,arrondissement administratif d'Anvers,province d'Anvers,Belgique,Belgique,Q31,Q31,50.641111111,4.668055555
PieterSaenredam,Assendelft,Hollande-Septentrionale,Pays-Bas,Pays-Bas,Pays-Bas,Q55,Q55,52.316666666,5.55
AndreaSalaino,Oreno,Vimercate,Monza et Brianza,Lombardie,Italie,Q38,Q1210,45.65,9.95
FrancescoSalviati,Florence,ville métropolitaine de Florence,Toscane,Toscane,Italie,Q38,Q1273,43.45,11.2
OrazioSammacchini,Bologne,ville métropolitaine de Bologne,Émilie-Romagne,Émilie-Romagne,Italie,Q38,Q1263,44.75,11.0
JoachimVonSandrart,Francfort-sur-le-Main,district de Darmstadt,Hesse,Allemagne,Allemagne,Q183,Q183,51.0,10.0
AntonioDaSangalloIlVecchio,Florence,ville métropolitaine de Florence,Toscane,Toscane,Italie,Q38,Q1273,43.45,11.2
BastianoDaSangallo,Florence,ville métropolitaine de Florence,Toscane,Toscane,Italie,Q38,Q1273,43.45,11.2
FrancescoDaSangallo,Florence,ville métropolitaine de Florence,Toscane,Toscane,Italie,Q38,Q1273,43.45,11.2
GiulianoDaSangallo,Florence,ville métropolitaine de Florence,Toscane,Toscane,Italie,Q38,Q1273,43.45,11.2
MicheleSanmicheli,Vérone,Vérone,Vénétie,Vénétie,Italie,Q38,Q1243,45.733333333,11.85
AndreaSansovino,Monte San Savino,Arezzo,Toscane,Toscane,Italie,Q38,Q1273,43.45,11.2
GiovanniSanti,Colbordolo,Vallefoglia,Pesaro et Urbino,Marches,Italie,Q38,Q1279,43.316666666,13.0
Raphael,Urbino,Pesaro et Urbino,Marches,Marches,Italie,Q38,Q1279,43.316666666,13.0
JacquesSarazin,Noyon,arrondissement de Compiègne,Oise,France,France,Q142,Q142,47.0,2.0
AndreaDelSarto,Florence,ville métropolitaine de Florence,Toscane,Toscane,Italie,Q38,Q1273,43.45,11.2
JacobISavery,Courtrai,arrondissement administratif de Courtrai,Flandre-Occidentale,Belgique,Belgique,Q31,Q31,50.641111111,4.668055555
RoelandtSavery,Courtrai,arrondissement administratif de Courtrai,Flandre-Occidentale,Belgique,Belgique,Q31,Q31,50.641111111,4.668055555
LouisSavot,Saulieu,Côte-d'Or,Bourgogne-Franche-Comté,France,France,Q142,Q142,47.0,2.0
VincenzoScamozzi,Vicence,Vicence,Vénétie,Vénétie,Italie,Q38,Q1243,45.733333333,11.85
CorneilleSchut,Anvers,arrondissement administratif d'Anvers,province d'Anvers,Belgique,Belgique,Q31,Q31,50.641111111,4.668055555
ChristophSchwarz,Munich,Haute-Bavière,Bavière,Allemagne,Allemagne,Q183,Q183,51.0,10.0
JanVanScorel,Schoorl,Hollande-Septentrionale,Pays-Bas,Pays-Bas,Pays-Bas,Q55,Q55,52.316666666,5.55
DanielSeghers,Anvers,arrondissement administratif d'Anvers,province d'Anvers,Belgique,Belgique,Q31,Q31,50.641111111,4.668055555
GerardSeghers,Anvers,arrondissement administratif d'Anvers,province d'Anvers,Belgique,Belgique,Q31,Q31,50.641111111,4.668055555
GirolamoDaCarpi,Ferrare,Ferrare,Émilie-Romagne,Émilie-Romagne,Italie,Q38,Q1263,44.75,11.0
OttavioSemino,Gênes,ville métropolitaine de Gênes,Ligurie,Ligurie,Italie,Q38,Q1256,44.45,8.766666666
VincenzoSeregni,Seregno,Monza et Brianza,Lombardie,Lombardie,Italie,Q38,Q1210,45.65,9.95
SebastianoSerlio,Bologne,ville métropolitaine de Bologne,Émilie-Romagne,Émilie-Romagne,Italie,Q38,Q1263,44.75,11.0
CesareDaSesto,Sesto Calende,province de Varèse,Lombardie,Lombardie,Italie,Q38,Q1210,45.65,9.95
GirolamoSiciolante,Sermoneta,province de Latina,Latium,Latium,Italie,Q38,Q1282,41.9,12.716666666
BarnaDaSiena,Sienne,Sienne,Toscane,Toscane,Italie,Q38,Q1273,43.45,11.2
LucaSignorelli,Cortone,Arezzo,Toscane,Toscane,Italie,Q38,Q1273,43.45,11.2
IsraelSilvestre,Nancy,Meurthe-et-Moselle,Grand Est,France,France,Q142,Q142,47.0,2.0
FransSnyders,Anvers,arrondissement administratif d'Anvers,province d'Anvers,Belgique,Belgique,Q31,Q31,50.641111111,4.668055555
JanSoens,Bois-le-Duc,Bois-le-Duc,Brabant-Septentrional,Pays-Bas,Pays-Bas,Q55,Q55,52.316666666,5.55
CristoforoSolari,Angera,province de Varèse,Lombardie,Lombardie,Italie,Q38,Q1210,45.65,9.95
AndreaSolario,Milan,ville métropolitaine de Milan,Lombardie,Lombardie,Italie,Q38,Q1210,45.65,9.95
RaffaelleSoprani,Gênes,ville métropolitaine de Gênes,Ligurie,Ligurie,Italie,Q38,Q1256,44.45,8.766666666
PieterClaeszSoutman,Haarlem,Hollande-Septentrionale,Pays-Bas,Pays-Bas,Pays-Bas,Q55,Q55,52.316666666,5.55
BartolomeoSpani,Reggio d'Émilie,province de Reggio d'Émilie,Émilie-Romagne,Émilie-Romagne,Italie,Q38,Q1263,44.75,11.0
BartholomaeusSpranger,Anvers,arrondissement administratif d'Anvers,province d'Anvers,Belgique,Belgique,Q31,Q31,50.641111111,4.668055555
FrancescoSquarcione,Padoue,Province de Padoue,Vénétie,Vénétie,Italie,Q38,Q1243,45.733333333,11.85
MassimoStanzione,Frattamaggiore,ville métropolitaine de Naples,Campanie,Campanie,Italie,Q38,Q1438,40.910555555,14.920555555
GherardoStarnina,Florence,ville métropolitaine de Florence,Toscane,Toscane,Italie,Q38,Q1273,43.45,11.2
HendrickIVanSteenwijck,Kampen,Kampen,Overijssel,Pays-Bas,Pays-Bas,Q55,Q55,52.316666666,5.55
FrancoisStella,Malines,arrondissement administratif de Malines,province d'Anvers,Belgique,Belgique,Q31,Q31,50.641111111,4.668055555
JacquesStella,Lyon,Métropole de Lyon,Auvergne-Rhône-Alpes,France,France,Q142,Q142,47.0,2.0
TobiasStimmer,Schaffhouse,canton de Schaffhouse,Suisse,Suisse,Suisse,Q39,Q39,46.798562,8.231973
JanVanDerStraet,Bruges,arrondissement administratif de Bruges,Flandre-Occidentale,Belgique,Belgique,Q31,Q31,50.641111111,4.668055555
Bramantino,Milan,ville métropolitaine de Milan,Lombardie,Lombardie,Italie,Q38,Q1210,45.65,9.95
LambertSustris,Amsterdam,Amsterdam,Hollande-Septentrionale,Pays-Bas,Pays-Bas,Q55,Q55,52.316666666,5.55
IsaacClaeszSwanenburgh,Leyde,Hollande-Méridionale,Pays-Bas,Pays-Bas,Pays-Bas,Q55,Q55,52.316666666,5.55
HermanVanSwanevelt,Woerden,Utrecht,Pays-Bas,Pays-Bas,Pays-Bas,Q55,Q55,52.316666666,5.55
InnocenzoTacconni,Bologne,ville métropolitaine de Bologne,Émilie-Romagne,Émilie-Romagne,Italie,Q38,Q1263,44.75,11.0
Paciotto,Urbino,Pesaro et Urbino,Marches,Marches,Italie,Q38,Q1279,43.316666666,13.0
VincenzoTamagni,San Gimignano,Sienne,Toscane,Toscane,Italie,Q38,Q1273,43.45,11.2
JacopoSansovino,Florence,ville métropolitaine de Florence,Toscane,Toscane,Italie,Q38,Q1273,43.45,11.2
AntonioTempesta,Florence,ville métropolitaine de Florence,Toscane,Toscane,Italie,Q38,Q1273,43.45,11.2
DavidTeniers,Anvers,arrondissement administratif d'Anvers,province d'Anvers,Belgique,Belgique,Q31,Q31,50.641111111,4.668055555
DavidITeniers,Anvers,arrondissement administratif d'Anvers,province d'Anvers,Belgique,Belgique,Q31,Q31,50.641111111,4.668055555
GerardTerborch,Zwolle,Overijssel,Pays-Bas,Pays-Bas,Pays-Bas,Q55,Q55,52.316666666,5.55
PietroTesta,Lucques,Lucques,Toscane,Toscane,Italie,Q38,Q1273,43.45,11.2
PhilippeThomassin,Troyes,Aube,Grand Est,France,France,Q142,Q142,47.0,2.0
TheodorVanThulden,Bois-le-Duc,Bois-le-Duc,Brabant-Septentrional,Pays-Bas,Pays-Bas,Q55,Q55,52.316666666,5.55
DomenicoTibaldi,Bologne,ville métropolitaine de Bologne,Émilie-Romagne,Émilie-Romagne,Italie,Q38,Q1263,44.75,11.0
PellegrinoTibaldi,Puria,Valsolda,Côme,Lombardie,Italie,Q38,Q1210,45.65,9.95
JacopoTintoretto,Venise,ville métropolitaine de Venise,Vénétie,Vénétie,Italie,Q38,Q1243,45.733333333,11.85
MariettaTintoretto,Venise,ville métropolitaine de Venise,Vénétie,Vénétie,Italie,Q38,Q1243,45.733333333,11.85
Titien,Pieve di Cadore,Belluno,Vénétie,Vénétie,Italie,Q38,Q1243,45.733333333,11.85
FrancescoTorbido,Venise,ville métropolitaine de Venise,Vénétie,Vénétie,Italie,Q38,Q1243,45.733333333,11.85
NiccoloTornioli,Sienne,Sienne,Toscane,Toscane,Italie,Q38,Q1273,43.45,11.2
JohannesTorrentius,Amsterdam,Amsterdam,Hollande-Septentrionale,Pays-Bas,Pays-Bas,Q55,Q55,52.316666666,5.55
PietroTorrigiano,Florence,ville métropolitaine de Florence,Toscane,Toscane,Italie,Q38,Q1273,43.45,11.2
FrancoisTortebat,Paris,Métropole du Grand Paris,Île-de-France,France,France,Q142,Q142,47.0,2.0
NicolasTournier,Montbéliard,Doubs,Bourgogne-Franche-Comté,France,France,Q142,Q142,47.0,2.0
AntonioDaTrento,Trente,province autonome de Trente,Trentin-Haut-Adige,Trentin-Haut-Adige,Italie,Q38,Q1237,46.383333333,11.416666666
NiccoloTribolo,Florence,ville métropolitaine de Florence,Toscane,Toscane,Italie,Q38,Q1273,43.45,11.2
PaoloUccello,Pratovecchio,Pratovecchio-Stia,Arezzo,Toscane,Italie,Q38,Q1273,43.45,11.2
GiovanniDaUdine,Udine,Organisme de décentralisation régionale d'Udine,Frioul-Vénétie Julienne,Frioul-Vénétie Julienne,Italie,Q38,Q1250,46.1,13.116666666
PhilippUffenbach,Francfort-sur-le-Main,district de Darmstadt,Hesse,Allemagne,Allemagne,Q183,Q183,51.0,10.0
CarloUrbino,Crema,Crémone,Lombardie,Lombardie,Italie,Q38,Q1210,45.65,9.95
Stradanus,Bruges,arrondissement administratif de Bruges,Flandre-Occidentale,Belgique,Belgique,Q31,Q31,50.641111111,4.668055555
PieterVanMol,Anvers,arrondissement administratif d'Anvers,province d'Anvers,Belgique,Belgique,Q31,Q31,50.641111111,4.668055555
KarelVanManderII,Courtrai,arrondissement administratif de Courtrai,Flandre-Occidentale,Belgique,Belgique,Q31,Q31,50.641111111,4.668055555
HubertVanEyck,Maseyk,arrondissement administratif de Maaseik,Limbourg,Belgique,Belgique,Q31,Q31,50.641111111,4.668055555
FrancescoVanni,Sienne,Sienne,Toscane,Toscane,Italie,Q38,Q1273,43.45,11.2
GijsbertVanVeen,Leyde,Hollande-Méridionale,Pays-Bas,Pays-Bas,Pays-Bas,Q55,Q55,52.316666666,5.55
PieterVanVeen,Leyde,Hollande-Méridionale,Pays-Bas,Pays-Bas,Pays-Bas,Q55,Q55,52.316666666,5.55
BenedettoVarchi,Florence,ville métropolitaine de Florence,Toscane,Toscane,Italie,Q38,Q1273,43.45,11.2
JosephVarin,Châlons-en-Champagne,Marne,Grand Est,France,France,Q142,Q142,47.0,2.0
GiorgioVasari,Arezzo,Arezzo,Toscane,Toscane,Italie,Q38,Q1273,43.45,11.2
GiovanniDeVecchi,Sansepolcro,Arezzo,Toscane,Toscane,Italie,Q38,Q1273,43.45,11.2
CesareVecellio,Pieve di Cadore,Belluno,Vénétie,Vénétie,Italie,Q38,Q1243,45.733333333,11.85
FrancescoVecellio,Pieve di Cadore,Belluno,Vénétie,Vénétie,Italie,Q38,Q1243,45.733333333,11.85
OrazioVecellio,Venise,ville métropolitaine de Venise,Vénétie,Vénétie,Italie,Q38,Q1243,45.733333333,11.85
OttoVanVeen,Leyde,Hollande-Méridionale,Pays-Bas,Pays-Bas,Pays-Bas,Q55,Q55,52.316666666,5.55
AntonioVeneziano,Venise,ville métropolitaine de Venise,Vénétie,Vénétie,Italie,Q38,Q1243,45.733333333,11.85
AgnoloDiVentura,Sienne,Sienne,Toscane,Toscane,Italie,Q38,Q1273,43.45,11.2
MarcelloVenusti,Mazzo di Valtellina,Sondrio,Lombardie,Lombardie,Italie,Q38,Q1210,45.65,9.95
GiovanniMariaVerdizotti,Venise,ville métropolitaine de Venise,Vénétie,Vénétie,Italie,Q38,Q1243,45.733333333,11.85
JanCorneliszVermeyen,Beverwijk,Hollande-Septentrionale,Pays-Bas,Pays-Bas,Pays-Bas,Q55,Q55,52.316666666,5.55
LiberaleDaVerona,Vérone,Vérone,Vénétie,Vénétie,Italie,Q38,Q1243,45.733333333,11.85
StefanoDaVerona,Vérone,Vérone,Vénétie,Vénétie,Italie,Q38,Q1243,45.733333333,11.85
ZenoneVeronese,Vérone,Vérone,Vénétie,Vénétie,Italie,Q38,Q1243,45.733333333,11.85
PaoloVeronese,Vérone,Vérone,Vénétie,Vénétie,Italie,Q38,Q1243,45.733333333,11.85
AntonioVerrio,Lecce,province de Lecce,Pouilles,Pouilles,Italie,Q38,Q1447,41.008611111,16.512777777
AndreaVerrocchio,Florence,ville métropolitaine de Florence,Toscane,Toscane,Italie,Q38,Q1273,43.45,11.2
HendrickVerschuring,Gorinchem,Hollande-Méridionale,Pays-Bas,Pays-Bas,Pays-Bas,Q55,Q55,52.316666666,5.55
EneaVico,Parme,Parme,Émilie-Romagne,Émilie-Romagne,Italie,Q38,Q1263,44.75,11.0
ClaudeVignon,Tours,Indre-et-Loire,Centre-Val de Loire,France,France,Q142,Q142,47.0,2.0
FrancescoVillamena,Assise,province de Pérouse,Ombrie,Ombrie,Italie,Q38,Q1280,42.983333333,12.566666666
LeonardoDaVinci,Anchiano,Vinci,ville métropolitaine de Florence,Toscane,Italie,Q38,Q1273,43.45,11.2
TimoteoViti,Urbino,Pesaro et Urbino,Marches,Marches,Italie,Q38,Q1279,43.316666666,13.0
AlessandroVittoria,Trente,province autonome de Trente,Trentin-Haut-Adige,Trentin-Haut-Adige,Italie,Q38,Q1237,46.383333333,11.416666666
AlviseVivarini,Venise,ville métropolitaine de Venise,Vénétie,Vénétie,Italie,Q38,Q1243,45.733333333,11.85
AntonioVivarini,Murano,Venise,ville métropolitaine de Venise,Vénétie,Italie,Q38,Q1243,45.733333333,11.85
BartolomeoVivarini,Venise,ville métropolitaine de Venise,Vénétie,Vénétie,Italie,Q38,Q1243,45.733333333,11.85
PieterVlerick,Courtrai,arrondissement administratif de Courtrai,Flandre-Occidentale,Belgique,Belgique,Q31,Q31,50.641111111,4.668055555
LucasVorsterman,Zaltbommel,Zaltbommel,Gueldre,Pays-Bas,Pays-Bas,Q55,Q55,52.316666666,5.55
MaertenDeVos,Anvers,arrondissement administratif d'Anvers,province d'Anvers,Belgique,Belgique,Q31,Q31,50.641111111,4.668055555
SimonVouet,Paris,Métropole du Grand Paris,Île-de-France,France,France,Q142,Q142,47.0,2.0
AubinVouet,Paris,Métropole du Grand Paris,Île-de-France,France,France,Q142,Q142,47.0,2.0
HansVredemanDeVries,Leuvarde,Leeuwarden,Frise,Pays-Bas,Pays-Bas,Q55,Q55,52.316666666,5.55
RemyVuibert,Rethel,Ardennes,Grand Est,France,France,Q142,Q142,47.0,2.0
JoosVanWassenhove,Gand,arrondissement administratif de Gand,Flandre-Orientale,Belgique,Belgique,Q31,Q31,50.641111111,4.668055555
RogierVanDerWeyden,Tournai,arrondissement administratif de Tournai-Mouscron,Hainaut,Belgique,Belgique,Q31,Q31,50.641111111,4.668055555
MichaelWolgemut,Nuremberg,Moyenne-Franconie,Bavière,Allemagne,Allemagne,Q183,Q183,51.0,10.0
BernardoZenale,Treviglio,Bergame,Lombardie,Lombardie,Italie,Q38,Q1210,45.65,9.95
AltichieroDaZevio,Zevio,Vérone,Vénétie,Vénétie,Italie,Q38,Q1243,45.733333333,11.85
MarcoZoppo,Cento,Ferrare,Émilie-Romagne,Émilie-Romagne,Italie,Q38,Q1263,44.75,11.0
FedericoZuccaro,Sant'Angelo in Vado,Pesaro et Urbino,Marches,Marches,Italie,Q38,Q1279,43.316666666,13.0
TaddeoZuccaro,Sant'Angelo in Vado,Pesaro et Urbino,Marches,Marches,Italie,Q38,Q1279,43.316666666,13.0
GaetanoZumbo,Syracuse,Libre consortium municipal de Syracuse,Sicile,Sicile,Italie,Q38,Q1460,37.599958333,14.015377777
FrancescoBassanoIlVecchio,Vicence,Vicence,Vénétie,Vénétie,Italie,Q38,Q1243,45.733333333,11.85
Sodoma,Verceil,Verceil,Piémont,Piémont,Italie,Q38,Q1216,45.25,7.916666666
BartolomeoBellano,Vellano da Padova,Padoue,Province de Padoue,Vénétie,Italie,Q38,Q1243,45.733333333,11.85
GentileBellini,Venise,Vénétie,Vénétie,Vénétie,Italie,Q38,Q1243,45.733333333,11.85
