NomAuteur,PrenomAuteur,FicheISNI,DBI/ARK,TitreOuvrage,LieuEdition,Editeur,Date,USTC,BiblioConservation,PaysConservation,VilleConservation,LienReproduction,Droits,EditionsModernes,Traductions,BibliographieSelective,Licence,ContributeursEmmaBondoerffer,ContributeursAnaïsMazoué,ContributeursTeklia,ContributeursHippolyteFaré,ContributeursCortoRolaz,ContributeursOctavePhilibert,ContributeursAlessiaAvena,ContributeursYoussoufDiawara,ContributeursJuliaCastiglione,ContributeursAnnaSconza,ContributeursIreneCalcagno,NiveauTranscription,SpecificitesDuXML,StructureFichierXML
Bosse,Abraham,http://isni.org/isni/0000000121355423,https://data.bnf.fr/fr/ark:/12148/cb118930604,"Sentimens sur la distinction des diverses manieres de peinture, dessein & graveure, & des originaux d'avec leurs copies. Ensemble du choix des sujets, & des chemins pour arriver facilement & promptement à bien pourtraire.",Paris,Pierre Des Hayes,1649,http://catalogue.bnf.fr/ark:/12148/cb30134732p,Bibliothèque nationale de France,France,Paris,https://gallica.bnf.fr/ark:/12148/btv1b8612040z,"Gallica, Bibliothèque nationale de France",,,,,"Transcription, Balisage, Indexation",,,,,,,,,,,Niveau 0,"Transkribus avec paragraph-continued, passé uniquement par scripts",body avec div des heading Transkribus
Bosse,Abraham,http://isni.org/isni/0000000121355424,https://data.bnf.fr/fr/ark:/12148/cb118930604,Traité des pratiques géométrales et perspective enseignée dans l'Académie royale de peinture et scupture,Paris,Antoine Cellier,1665,http://catalogue.bnf.fr/ark:/12148/cb30134737d,Bibliothèque nationale de France,France,Paris,https://gallica.bnf.fr/ark:/12148/bpt6k1083747,"Gallica, Bibliothèque nationale de France",,,,,"Transcription, Balisage, Indexation",,,,,,,,,,,Niveau 0,"Transkribus avec paragraph-continued, passé uniquement par scripts",body avec div des heading Transkribus
Bosse,Abraham,http://isni.org/isni/0000000121355425,https://data.bnf.fr/fr/ark:/12148/cb118930604,"Traicté des manieres de graver en taille douce sur l'airin . Par le Moyen des Eauxs Fortes, & des Vernix Durs & Mols. Ensemble de la façon d'en Imprimer les Planches, & d'en Construire la Presse, & autres choses concernans lesdits Arts.",Paris,"chez ledit Bosse, en l'Isle du Palais, à la Rozerouge, devant la Megisserie",1645,https://catalogue.bnf.fr/ark:/12148/cb40021779b,Bibliothèque nationale de France,France,Paris,https://gallica.bnf.fr/ark:/12148/btv1b8626172s,"Gallica, Bibliothèque nationale de France",,,,,"Transcription, Balisage, Indexation",,,,,,,,,,,Niveau 0,"Transkribus avec paragraph-continued, passé uniquement par scripts",body avec div des heading Transkribus
"Sanzio, Castiglione","Raphaël, Baldassarre",https://isni.org/isni/000000012136483X;  https://isni.org/isni/0000000121007795,https://data.bnf.fr/ark:/12148/cb12215591q ; https://data.bnf.fr/ark:/12148/cb123195492,"Lettera a Leone X, Mantova, Archivio Privato Castiglioni, documenti Sciolti, a), n. 12, [1519], dans Opere volgari, e latine del conte Baldessar Castiglione. Novellamente raccolte, ordinate, ricorrette, ed illustrate, come nella seguente lettera può vedersi, da Gio. Antonio, e Gaetano Volpi, p. 429-436",Padova,Comino,1733,https://opac.sbn.it/risultati-ricerca-avanzata/-/opac-adv/index/1/ITICCULO1E003806?fieldvalue%5B1%5D=opere+volgari%2C+e+latine+del+conte+baldessar+castiglione.+novellamente+raccolte%2C+ordinate%2C+ricorrette%2C+ed+illustrate%2C+come+nella+seguente+lettera+puo+vedersi%2C+da+gio.+antonio%2C+e+gaetano+volpi+...&fieldaccess%5B1%5D=Titolo%3A4%3Anocheck&fieldstruct%5B1%5D=ricerca.frase_esatta%3A4%3D7&fieldop%5B1%5D=AND%3A%40and%40&struct%3A3008=ricerca.frase%3A4%3D1&item_nocheck%3A7017%3ATipo_spec_mat=&long_emisfero_a=&struct%3A8019=ricerca.parole_almeno_una%3A%40or%40&struct%3A3087=ricerca.parole_tutte%3A4%3D6&struct%3A3091=ricerca.parole_tutte%3A4%3D6&item_nocheck%3A1012%3AData_aggiornamento%3A4%3A4=&item_nocheck%3A3020%3AOrganico_analitico_composizione=&item_nocheck%3A1025%3ATonalita=&lat_primi_a=&_cacheid=1739899146086&long_primi_a=&long_gradi_da=&item_nocheck%3A7018%3ASupporto_prim=&long_secondi_a=&struct%3A5533=ricerca.parole_almeno_una%3A%40or%40&item_nocheck%3A7023%3ATipo=&item%3A3087%3AMarca=&item_nocheck%3A5515%3ATipo_materiale_video=&item_nocheck%3A7022%3ADes_fun=&struct%3A3022=ricerca.parole_tutte%3A4%3D6&long_gradi_a=&struct%3A3020=ricerca.parole_tutte%3A4%3D6&item%3A7002%3ARapporto_scala_or%3A4%3A4=&struct%3A1001=ricerca.parole_almeno_una%3A%40or%40&item_nocheck%3A3091%3ASegnatura=&struct%3A3024=ricerca.parole_tutte%3A4%3D6&filter%3A3088%3ABiblioteca=&item_nocheck%3A5521%3AMateriale_accompagnamento=&item_nocheck%3A7020%3ATec_dis=&lat_emisfero_a=&struct%3A3018=ricerca.parole_tutte%3A4%3D6&item%3A7003%3ARapporto_scala_ver%3A4%3A4=&item_nocheck%3A5011%3ATipo_elaborazione=&filter%3A31%3AAnno_pubblicazione%3A4%3A4=&item_nocheck%3A3041%3AIncipit=&item_nocheck%3A5528%3ATipo_suono=&item_nocheck%3A7004%3AMeridiano=&item_nocheck%3A5120%3AProiezione=&lat_emisfero_da=&long_secondi_da=&item_nocheck%3A5520%3ATecnica_registrazione=&item_nocheck%3A3008%3AImpronta=&item_nocheck%3A1001%3ATipo_documento_sonoro=&item_nocheck%3A1012%3AData_aggiornamento%3A2%3A4=&item_nocheck%3A3018%3AOrganico_sintetico_composizione=&item_nocheck%3A7019%3AColore_graf=&filter_nocheck%3A55%3APaese=&struct%3A3050=ricerca.parole_tutte%3A4%3D6&filter_nocheck%3A54%3ALingua=&item_nocheck%3A7000%3ATipo_scala=&lat_gradi_da=&item%3A7016%3ANote_contenuto_abstract=&item%3A3050%3APersonaggio=&item_nocheck%3A3022%3AOrganico_sintetico_elaborazione=&item%3A3058%3ALuogo=&item_nocheck%3A5530%3ATecnica_registrazione=&filter_nocheck%3A1021%3ALivello_bibliografico=&item_nocheck%3A5533%3AFormato=&item_nocheck%3A3024%3AOrganico_analitico_elaborazione=&item_nocheck%3A5516%3AColore_video=&item_nocheck%3A7001%3ATipo_scala=&lat_secondi_da=&item%3A7002%3ARapporto_scala_or%3A2%3A4=&lat_secondi_a=&lat_gradi_a=&struct%3A5522=ricerca.parole_almeno_una%3A%40or%40&item_nocheck%3A3090%3APresentazione=&item_nocheck%3A7021%3ATec_stampe=&item_nocheck%3A5529%3AMateriale_accompagnamento_sn=&item_nocheck%3A5522%3AFormato=&item%3A7003%3ARapporto_scala_ver%3A2%3A4=&long_emisfero_da=&struct%3A3058=ricerca.parole_tutte%3A4%3D6&struct%3A7016=ricerca.parole_tutte%3A4%3D6&long_primi_da=&filter%3A31%3AAnno_pubblicazione%3A2%3A4=&lat_primi_da=&item%3A3014%3AForma=,Bibliothèque nationale centrale de Florence,Italie,Florence,https://books.google.fr/books?id=bAad_6Ro5AwC&printsec=frontcover&hl=fr&source=gbs_ge_summary_r&cad=0#v=onepage&q&f=false,Google books,"Francesco P. Di Teodoro, Raffaello, Baldassar Castiglione e la Lettera a Leone X, pres. Maria Dalai Emiliani, Bologna, Nuova Alfa, coll. Rapporti n. 74, 1994","La lettre à Léon X, éd. Francesco Paolo Di Teodopo, trad. Françoise Choay et Michel Paoli, éd.de l'imprimeur, coll. Tranches de Villes, 2005","Francesco Paolo Di Teodoro, Lettera a Leone X di Raffaello e Baldassarre Castiglione, Firenze, Olschki, 2020, coll. Biblioteca dell'Archivum romanicum, serie 1, Storia, letteratura, paleografia, 503; Raffaello, Gli scritti : lettere, firme, sonetti, saggi tecnici e teorici, ed. Ettore Camesasca et Giovanni M. Piazza, Milan, BUR, 1994",,,,,,,,,,,,,Niveau 0,Transkribus sans paragraph-continued,
Félibien,André,http://isni.org/isni/0000000121355570,https://data.bnf.fr/fr/ark:/12148/cb11902499b,Entretiens sur les vies et sur les ouvrages des plus excellens peintres anciens et modernes,Paris,Pierre le Petit,1666-1688,http://catalogue.bnf.fr/ark:/12148/cb304252874,Bibliothèque nationale de France,France,Paris,https://gallica.bnf.fr/ark:/12148/bpt6k10402281,"Gallica, Bibliothèque nationale de France",,,,,"Transcription, Balisage, Indexation","Transcription, Balisage, Indexation",Transcription,,,,,,Transcription,,,Niveau 1,"L1 > Deux entretiens (E1 et E2) 1 chapitre = 1 personne. / Transcription à partir d'une édition moderne. (relue avant l'index, balisage NER uniquement auto) / 2 fois les pages 159 et 160 / chapitres par personne à partir du découpage de l'édition moderne / L2 > Deux entretiens (E3 et E4) pas de chapitres / L3 > Deux entretiens (E5 et E6) Pas de chapitres / L4 > Deux entretiens (E7 et E8) Pas de chapitres / L5 > Deux entretiens (E9 et E10) + 2 chapitres ",
Fréart/Salvini,Anton Maria,https://isni.org/isni/0000000121260854; https://isni.org/isni/0000000121394238,https://data.bnf.fr/ark:/12148/cb11903494v; https://data.bnf.fr/fr/ark:/12148/cb12103637b,Idea della perfezione della pittura di m.r Rolando Freart tradotta dal francese da Anton Maria Salvini e pubblicata per la prima volta dal canonico Domenico Moreni con una dissertazione apologetica in fine di Michelangelo Buonarroti scritta dal sig. Onofrio Boni ,Florence,Appresso Carli e compo. in Borgo SS. Apostoli,1809,https://opac.sbn.it/risultati-ricerca-avanzata/-/opac-adv/index/1/ITICCURMRE002018?fieldvalue%5B1%5D=salvini%2C+idea+della+perfezione+della+pittura&fieldaccess%5B1%5D=Keywords%3A1016&fieldstruct%5B1%5D=ricerca.parole_tutte%3A4%3D6&struct%3A1001=ricerca.parole_almeno_una%3A%40or%40,"Rome, Bibliotheca Hertziana, Max Planck Institut ",Italie,Rome,dlib.biblhertz.it/ghcha44514090,"Rome, Bibliotheca Hertziana, Max Planck Institut ","Fréart, Roland, Idee de la perfection de la peinture, ed. Jacques Ysambart, Mans 1662",,"Roland Fréart de Chambray, Parallèle de l'architecture antique avec la moderne, suivie par Idée de la perfection de la peinture, éd. Frédérique Lemerle-Pauwels, Paris, ÉNSBA, 2005, coll. Beaux-Arts Histoire",,"Transcription, Structuration",,,,,"Correction, Balisage, Indexation",,,,,,Niveau 2,"pb du front pas numérotées. Section de C2SC3 à revoir, pour identifier stampa 4.",front (titlePage + gap + dedicace + preface + avertissement) + body (2 chap : C1 = 5SC + C2 = 5SC [Stampa 4 pas identifiée]) 
Zuccari,Federico,https://isni.org/isni/0000000453031871,https://data.bnf.fr/ark:/12148/cb12412468j,"L’idea de'pittori, scultori, et architetti",Turin,Agostino Disserolio,1607,https://www.ustc.ac.uk/editions/4033938,Bibliothèque nationale de France,France,Paris,https://gallica.bnf.fr/ark:/12148/bpt6k1912377t/f141.vertical,"Gallica, Bibliothèque nationale de France",,,,,,,Transcription,,,"Correction, Structuration, Balisage, Indexation",,,Correction,,,Niveau 2,,front (titlePage) + body (17 chapitres)
Zuccari,Federico,https://isni.org/isni/0000000453031871,http://ark.bnf.fr/ark:/12148/cb12412468j,"Lettera a prencipi, et signori amatori del dissegno, pittura, scultura, et architettura",Mantova,Francesco Osanna,1605,à compléter,Google (à changer),,,,,,,,,Balisage,,Transcription,,,"Correction, Structuration, Balisage, Indexation",,,Correction,Correction,,Niveau 2,"pas de numérotation dans l'imprimé, pb 1 commence dans body et continue dans back",front (titlePage + eloges) + body (Lettre) + back (dedicace + postface)
Lomazzo,Giovanni Paolo,https://isni.oclc.org/cbs/DB=1.2/SET=1/TTL=1/CMD?ACT=SRCH&IKT=8006&SRT=LST_nd&TRM=Lomazzo,https://data.bnf.fr/ark:/12148/cb12358011k,Idea del tempio della pittura,Milano,Paolo Gottardo Ponto,1590,https://www.ustc.ac.uk/editions/838469,Bibliothèque nationale de France,France,Paris,https://gallica.bnf.fr/ark:/12148/bpt6k111876v,Biblioteca nazionale centrale di Roma,"Gian Paolo Lomazzo, Idea del tempio della pittura, ed. Instituto delle Scienze, Bologna, 1785 Gian Paolo Lomazzo, Idea del tempio della pittura, ed. Colombo, Roma, 1947 Gian Paolo Lomazzo, Idea del tempio della pittura, ed. R. P. Ciardi, Firenze, 1973 Gian Paolo Lomazzo, Idea del tempio della pittura, ed. R. Klein, Firenze, 1974","Gian Paolo Lomazzo, Idea del tempio della pittura, ed. R. Klein, Firenze, 1974",,,,,,,"Correction, Structuration, Balisage, Indexation",,,,Transcription,,,Niveau 2,,front (titlePage + dedicace + poemes) + body (L1 [38 chapitres])
Huret,Grégoire,http://isni.org/isni/0000000109120963,https://data.bnf.fr/fr/ark:/12148/cb12191860s,"La regle precise, pour descrire le profil eslevé du fust des colomnes, suivant une hauteur, grosseur, et retrécissement donné à discretion, demonstrée geometriquement. [...]",Paris,Edme Martin,1665,http://catalogue.bnf.fr/ark:/12148/cb39316816c,Bibliothèque nationale de France,France,Paris,https://gallica.bnf.fr/ark:/12148/bpt6k1509638p.r=La%20regle%20precise%2C%20pour%20descrire%20le%20profil%20eslev%C3%A9%20du%20fust%20des%20colomnes?rk=21459;2,"Gallica, Bibliothèque nationale de France",,,,,"Transcription, Correction, Structuration, Balisage, Indexation",,,,,,,,,,,Niveau 2,,front (titlePage + preface) + body (2 chapitres [43 et 10 section] + 1 conclusion) 
Martin,Jean ,https://isni.org/page/search-database/,https://data.bnf.fr/fr/ark:/12148/cb12462195n,Le premier livre d’architecture de Sebastiano Serlio; Le second livre de perspective (1537- 1540 Antichità),Paris, Jean Barbé,1545,https://catalogue.bnf.fr/ark:/12148/cb313544573,Bibliothèque nationale de France,France,Paris,https://architectura.cesr.univ-tours.fr/Traite/Notice/ENSBA_LES1736.asp?param=,École nationale supérieure des beaux-arts de Paris ,,,,,"Transcription, Correction, Structuration, Balisage, Indexation",,,,,,,,,,"Correction, Structuration, Balisage, Indexation",Niveau 2,"errata pas corrigé. Livre bilingue, systeme de ptr et d'xml:id dans les p. <p xml:id=""I2"" xml:lang=""ita"" rend=""it""><ptr target=""#F2""/>  <p xml:id=""F2"" xml:lang=""fra""><ptr target=""#I2""/>",front (titlePage + eloge + errata) + body (2 livres) + back (avis)
Zuccari - Alberti,Federico - Romano,https://isni.org/isni/0000000453031871  - https://isni.org/isni/0000000398185535,https://data.bnf.fr/ark:/12148/cb12412468j - https://data.bnf.fr/en/ark:/12148/cb166044630,"Origine, et progresso dell'Academia del disegno, de pittori, scultori, &*.",Pavia ,Pietro Bartoli,1604,https://catalogue.bnf.fr/ark:/12148/cb31692442x,Bibliothèque nationale de France,France,Paris,https://gallica.bnf.fr/ark:/12148/bpt6k111903m.image,"Gallica, Bibliothèque nationale de France",,,,,,,,,,"Transcription, Correction, Structuration, Balisage, Indexation",,,,,"Transcription, Correction, Structuration, Balisage, Indexation",Niveau 2,numérotation des chapitres et sous chapitres continue (sortie Teklia),front (titlePage + poemes + avis) + body (
Marino,Giovan Battista,https://isni.org/isni/0000000121297454,https://data.bnf.fr/fr/ark:/12148/cb12158025x,Dicerie sacre Diceria 1,Torino, Luigi Pizzamiglio,1614,https://catalogue.bnf.fr/ark:/12148/cb30885628n,Bibliothèque nationale de France,France,Paris,à compléter,Bibliothèque nationale de France,,,,,,"Transcription, Structuration, Balisage, Indexation",,,,,,,,,"Correction, Balisage, Indexation",Niveau 2,1 paragraphe par div1,front (titlePage + lettres + dedicaces + poeme) + body (3 livres)
Martin,Jean,https://isni.org/isni/0000000076903637,https://data.bnf.fr/fr/ark:/12148/cb12462195n,L’architecture et art de bien bastir du Seigneur Leon Baptiste Alberti,Paris,Jacques Kerver,1553,https://catalogue.bnf.fr/ark:/12148/cb30007826z,Bibliothèque nationale de France,France,Paris,https://gallica.bnf.fr/ark:/12148/bpt6k85631r,"Gallica, Bibliothèque nationale de France",,,,,"Transcription, Correction, Structuration, Balisage, Indexation",,,,,,,,,,,Niveau 2,,front (titlePage + lettres + privilege + gap + avis + preface) + body (10 livres L avec des chapitres C) 
Pader,Hilaire,https://isni.oclc.org/cbs/DB=1.2/CMD?ACT=SRCH&IKT=8006&TRM=ISN%3A0000000122591313&TERMS_OF_USE_AGREED=Y&terms_of_use_agree=send,https://data.bnf.fr/fr/ark:/12148/cb12629498q,Songe énigmatique sur la peinture universelle,Toulouse,Arnaud Colomiez,1658,https://catalogue.bnf.fr/ark:/12148/cb310486347,Bibliothèque nationale de France,France,Paris,https://gallica.bnf.fr/ark:/12148/bpt6k1118908,"Gallica, Bibliothèque nationale de France",,,"Stéphanie Trouvé, ""Lomazzo and France. Hilaire Pader’s translation : theoretical and artistic issues"", Lexicographie artistique, dir. Michèle-Caroline Heck avec la collaboration de Marianne Freyssinet et de Stéphanie Trouvé, Montpellier, LexArt - PUM, 2018, coll. Arts. Série Théorie des arts, 2018, p. 103-112; S. Trouvé, Peinture et discours. La construction de l’école de Toulouse, XVIIe-XVIIIe siècles, Rennes, PUR, 2016, coll. Art & société",,Structuration,"Balisage, Indexation",,,,,,"Transcription, Correction",,,,Niveau 3,figures numérotées ,front (titlePage + preface) + body (livre L1)
Monier,Pierre,https://isni.org/isni/0000000121263908,https://data.bnf.fr/ark:/12148/cb12195679m,Histoire des arts qui ont rapport au dessein,Paris,Pierre Giffart,1698,https://www.ustc.ac.uk/editions/3131573,Bibliothèque nationale de France,France,Paris,https://gallica.bnf.fr/ark:/12148/bpt6k74873s,"Gallica, Bibliothèque nationale de France",,,,,,"Correction, Structuration, Balisage, Indexation","Transcription, Structuration",,,,,,,,,Niveau 3,"notes numérotées de 1 pour chaque chapitre. Certaines notes sont séparées en plusieurs parties, parfois sur plusieurs pages. Appels de notes dans le texte avec le numéro de la note. DatesDeluge avec @when-custom pour certaines dates.",front (titlePage + lettre + preface + dedicace) + body (3 livres L avec chapitres C)
Daret,Pierre,https://isni.oclc.org/cbs/DB=1.2/CMD?ACT=SRCH&IKT=8006&TRM=ISN%3A0000000121202494&TERMS_OF_USE_AGREED=Y&terms_of_use_agree=send,https://data.bnf.fr/ark:/12148/cb12259347g,"Abregé de la vie de Raphaël Sansio d'Urbin, tres-excellent peintre & architecte ; ou il est traitté de ses oeuvres, des stampes qui en ont esté gravées, tant par Marc-Antoine Bolognois qu'autres excellent [""sic""] graveurs",Paris,Chez l'auteur,1651,https://catalogue.bnf.fr/ark:/12148/cb31545604f,Bibliothèque nationale de France,France,Paris,https://gallica.bnf.fr/ark:/12148/bpt6k1503469p,"Gallica, Bibliothèque nationale de France",,,"Stefania Tullio Cataldo, Vasari et la France. Primauté culturelle et réception des Vite aux XVIe et XVIIe siècles, Cahiers d'Humanisme et Renaissance 206, Génève, Droz, 2025",,,"Correction, Balisage, Indexation","Transcription, Structuration",Correction,,,,,,,,Niveau 3,liste des stampes ou pieces de Raimondi et Raphaël.,front (titlePage + preface) + body (2 chapitres) 
Dupuy du Grez,Bernard,https://isni.org/isni/0000000122704314,https://data.bnf.fr/fr/ark:/12148/cb13011007f,Traité sur la peinture pour apprendre la teorie et se perfectionner dans la pratique,Toulouse,Veuve de J. Pech & A. Pech,1699,https://catalogue.bnf.fr/ark:/12148/cb30383816v,Bibliothèque nationale de France,France,Paris,https://gallica.bnf.fr/ark:/12148/bpt6k111861m,"Gallica, Bibliothèque nationale de France","Bernard Dupuy du Grez, Traité sur la peinture pour en apprendre la théorie et se perfectionner dans la pratique, éd. et notes par D. Dauvois, Paris, Vrin, 2011.",,"Stéphanie Trouvé, Peinture et discours. La construction de l’école de Toulouse, XVIIe-XVIIIe siècles, Rennes, PUR, 2016, coll. Art & société",,"Correction, Structuration, Indexation",,,"Transcription, Correction, Balisage",,,,,,,,Niveau 3,"Sous sections dans les C2 de L2/L3/L4. Table des matières mentionne des oeuvres, pas de objectName",front (titlePage + preface + avertissement + privilege + errata) + body (4 livres avec C1 dissertation et C2 supplément à la dissertation) + back (table des matieres)
Piles (de),Roger ,https://isni.org/isni/0000000083425581,https://data.bnf.fr/fr/ark:/12148/cb11998742h,Dialogue sur le coloris,Paris,Nicolas Langlois / Antoine Lambin,1699,https://catalogue.bnf.fr/ark:/12148/cb31112328k,Bibliothèque nationale de France,France,Paris,https://gallica.bnf.fr/ark:/12148/bpt6k111107n/f1.item,"Gallica, Bibliothèque nationale de France",,"Roger de Piles, Dialogo sul colorito, éd. Giovanna Perini Folesani et Sandra Costa, trad. ital. Monique Gabellini,  Florence, Leo S. Olschki, 2017","Bernard Teyssèdre, ""Roger de Piles et les débat sur le coloris au siècled e Louis XIV"", Paris, Bibliothèque des Arts, 1965; Jacqueline Lichtenstein, La couleur éloquente, rhétorique et peinture à l’âge classique, Paris, Flammarion, 1999",,,"Correction, Structuration, Balisage, Indexation",,,,,,,,,,Niveau 3,,front (titlePage) + body (1 livre)
Piles (de),Roger,https://isni.org/isni/0000000083425581,https://data.bnf.fr/fr/ark:/12148/cb11998742h,Cours de Peinture par Principes,Paris,Charles-Antoine Jombert,1708,https://catalogue.bnf.fr/ark:/12148/cb311123215,Bibliothèque nationale de France,France,Paris,https://gallica.bnf.fr/ark:/12148/bpt6k5814705x?rk=21459;2,"Gallica, Bibliothèque nationale de France","Roger de Piles, Cours de peinture par principes, Paris, Gallimard, 1989",,,,"Transcription, Correction, Structuration, Balisage, Indexation",,,,,,,,,,,Niveau 3,,front (titlePage) + body (18 chapitres)
Piles (de),Roger,https://isni.org/isni/0000000083425581,https://data.bnf.fr/fr/ark:/12148/cb11998742h,"Conversations sur la connoissance de la peinture, et sur le jugement qu'on doit faire des tableaux. Où par occasion il est parlé de la vie de Rubens, et de quelques-uns de ses plus beaux Ouvrages.",Paris,Nicolas Langlois,1677,https://catalogue.bnf.fr/ark:/12148/cb31112320t,Bibliothèque nationale de France,France,Paris,https://gallica.bnf.fr/ark:/12148/bpt6k65173190?rk=42918;4,"Gallica, Bibliothèque nationale de France",,,,,"Transcription, Correction, Structuration, Indexation",,,Balisage,,,,,,,,Niveau 3,,front (titlePage + preface) + body (2 livres) + back (privilege)
Piles (de),Roger,https://isni.org/isni/0000000083425581,https://data.bnf.fr/fr/ark:/12148/cb11998742h,"Abregé de la vie des peintres, Avec des reflexions sur leurs Ouvrages, Et un Traité du Peintre parfait, de la connoissance des Desseins, et de l’utilité des Estampes.",Paris,François Muguet,1699,https://catalogue.bnf.fr/ark:/12148/cb31112316k,Bibliothèque nationale de France,France,Paris,https://gallica.bnf.fr/ark:/12148/bpt6k6568782t.r,"Gallica, Bibliothèque nationale de France","R. De Piles, Abregé de la vie des peintres, Avec des reflexions sur leurs Ouvrages, Et un Traité du Peintre parfait, de la connoissance des Desseins, et de l’utilité des Estampes, Reprint de l'éd. de Paris 1699, Hildesheim, Olms, 1969 ",,,,"Correction, Structuration, Balisage, Indexation",,"Transcription, Structuration",,,,,,,,,Niveau 3,"Numérotation des chapitres continue sur tous les livres (Dans C30 les SC sont les abregés, après les C sont les abregés)","front (titlePage + preface) + body (7 livres [L1 = idée du peintre, à partir de C30 = abregé vie des peintres] 255 chapitres au total)"
Lomazzo/Pader,Hilaire,https://isni.org/isni/0000000121427781; https://isni.oclc.org/cbs/DB=1.2/CMD?ACT=SRCH&IKT=8006&TRM=ISN%3A0000000122591313&TERMS_OF_USE_AGREED=Y&terms_of_use_agree=send,https://data.bnf.fr/fr/ark:/12148/cb12358011k; https://data.bnf.fr/fr/ark:/12148/cb12629498q,Traicté de la proportion naturelle et artificielle des choses par Jean Pol Lomazzo [...] traduit d'italien en français par Hilaire Pader,Toulouse,Arnaud Colomiez,1649,https://catalogue.bnf.fr/ark:/12148/cb30829064k,Bibliothèque nationale de France,France,Paris,https://gallica.bnf.fr/ark:/12148/btv1b86266498,"Gallica, Bibliothèque nationale de France",,,"Stéphanie Trouvé, ""Lomazzo and France. Hilaire Pader’s translation : theoretical and artistic issues"", Lexicographie artistique, dir. Michèle-Caroline Heck avec la collaboration de Marianne Freyssinet et de Stéphanie Trouvé, Montpellier, LexArt - PUM, 2018, coll. Arts. Série Théorie des arts, 2018, p. 103-112; S. Trouvé, Peinture et discours. La construction de l’école de Toulouse, XVIIe-XVIIIe siècles, Rennes, PUR, 2016, coll. Art & société",,,"Correction, Structuration, Balisage, Indexation",Transcription,,,,,,,,,Niveau 3,,front (titlePage + lettre + preface + avertissement + eloge + biographie + preface) + body (L1 [32 chapitres]) 
Da Vinci,Leonardo,https://isni.oclc.org/cbs/DB=1.2/SET=12/TTL=1/SHW?FRST=3,https://data.bnf.fr/ark:/12148/cb11912491s,"Trattato della pittura novamente dato in luce, con la vita dell'istesso autore, scritta da Rafaelle du Fresne, si sono giunti i tre libri della pittura, et il trattato della statua di Leon Battista Alberti, con la vita del medesimo",Paris,Jacques Langlois,1651,https://catalogue.bnf.fr/ark:/12148/cb39316381f,Bibliothèque nationale de France,France,Paris,https://gallica.bnf.fr/ark:/12148/bpt6k134521m#,"Gallica, Bibliothèque nationale de France","Léonard de Vinci, Traitté de la peinture / Trattato della pittura, éd. A. Sconza ; avant-propos de P. Rosenberg ; préf. C. Vecce, Paris, Les Belles Lettes, 2012, coll. Le cabinet des images, 3; Leon Battista Alberti, De Pictura (redazione volgare) ; éd. Lucia Bertolini, Florence, Polistampa, 2011; Leon Battista Alberti, De statua, éd. Marco Collareta, [Livourne], Sillabe, 1998","The fabrication of Leonardo da Vinci's Trattato della pittura : with a scholarly edition of the editio princeps (1651) and an annotated English translation, ed. by Claire Farago, Janis Bell, Carlo Vecce ; foreword Martin Kemp, contributions by Juliana Barone, Matthew Landrus, Maria Rascaglia, Anna Sconza, Mario Valentino Guffanti, Leiden-Boston, Brill, 2018, vol. 2; Lionardo da Vinci, Das Buch von der Malerei ; neues Material aus den Originalmanuscripten, gesichtet und dem Cod. Vatic. 1270 eingeordnet von Heinrich Ludwig, Stuttgart, Kohlhammer, 1885","Leonardo da Vinci, Libro di pittura, Codice Urbinate lat. 1270 nella Biblioteca Apostolica Vaticana, éds. Carlo Pedretti, Carlo Vecce, Florence, Giunti,  1995, 2 v.; L. da Vinci, Trattato della pittura, ed. Ettore Camesasca, Vicenza, N. Pozza, 2000; Re-reading Leonardo, the Treatise on painting across Europe, 1550-1900, ed. by Claire Farrago, University of Colorado at Boulder,  Aldershot, Ashgate, 2009; L. da Vinci, Trattato della pittura, intr. Rodolfo Papa, Florence-Milan, Demetra, 2019",,,,,,,"Balisage, Indexation",,"Transcription, Structuration [Flora Belin, Maxine Schoehuys-Kreiss]",,Correction,"Correction, Structuration, Balisage, Indexation",Niveau 3,,"front (titlePage + lettres + biographie + avis) + body (365 chapitres dans un livre L1) + back (lettre, biographie, postface)"
De Vinci,Léonard,https://isni.oclc.org/cbs/DB=1.2/SET=12/TTL=1/SHW?FRST=3,https://data.bnf.fr/fr/ark:/12148/cb11912491s,Traitté de la peinture de Léonard de Vinci donné au public et traduit d'Italien en françois par R.F. S. D.C.,Paris,Jacques Langlois,1651,https://catalogue.bnf.fr/ark:/12148/cb31588107n,Bibliothèque nationale de France,France,Paris,https://gallica.bnf.fr/ark:/12148/btv1b86207616.r=Traitt%C3%A9%20de%20la%20peinture%20de%20L%C3%A9onard%20de%20Vinci%20donn%C3%A9%20au%20public%20et%20traduit%20d%27Italien%20en%20fran%C3%A7ois%20par%20R.F.%20S.%20D.C.?rk=21459;2,"Gallica, Bibliothèque nationale de France","Léonard de Vinci, Traitté de la peinture / Trattato della pittura, éd. A. Sconza ; avant-propos de P. Rosenberg ; préf. C. Vecce, Paris, Les Belles Lettes, 2012, coll. Le cabinet des images, 3",,"Traité de la peinture / Léonard de Vinci ; traduit intégralement pour la 1re fois en français sur le Codex vaticanus (Urbinas) 1270... et accompagné de commentaires par Joséphin Péladan, Paris, Librarie Ch. Delagrave, 1910, 2 v.; Léonard de Vinci, Traité de la peinture, textes trad. et commentés par André Chastel, Paris, Calmann-Lévy, 2003;",,,,,,,,,"Transcription, Structuration [Flora Belin, Maxine Schoehuys-Kreiss]",,Correction,,Niveau 3,,front (titlePage + lettre) + body (365 chapitres)
Bassi,Martino,https://isni.org/page/search-database/,https://data.bnf.fr/fr/ark:/12148/cb102995049,Dispareri in materia d'architettura e prospettiva,Brescia,Francesco et Pietro Maria Marchetti (frères),1572,https://catalogue.bnf.fr/ark:/12148/cb300645526,Bibliothèque nationale de France,France,Paris,https://gallica.bnf.fr/ark:/12148/bd6t57781345.r=dispareri%20in%20materia%20d%27architettura?rk=21459;2,"Gallica, Bibliothèque nationale de France",,,,,,,,,,,,,,,"Transcription, Correction, Structuration, Balisage, Indexation",Niveau 3,Les lettre ont id M. liens figures vers architectura,front (titlePage) + body (L1 avec 10 lettres)
Agucchi,Giovan Battista,https://isni.org/isni/000000006127302X,https://www.treccani.it/enciclopedia/giovanni-battista-agucchi_(Dizionario-Biografico)/,"""Trattato della pittura"" in Annibale Carracci, Diverse figure al numero di ottanta, disegnate di penna nell'hore di ricreatione, intagliate in rame e cavate dagli originali da Simone Giulino, stampatore parigino (p.3-21)",Rome,Ludovico Grignani,1646,https://www.ustc.ac.uk/editions/4048211,Bibliothèque nationale de France,France,Paris,https://gallica.bnf.fr/ark:/12148/btv1b8454358x.item,"Gallica, Bibliothèque nationale de France","Denis Mahon, Studies in Seicento Art and Theory, London, 1947. Elisabetta Di Stefano, Bello e Idea nell’estetica del Seicento, Aesthetica Preprint, 79, 2007, p. 61-78.",,"Stefano Pierguidi, “La datazione del ""Trattato"" di Agucchi e l'inizio della sfortuna critica del Cavalier d'Arpino”, ArtItalies, 26, 2020, p. 84-92. Olivier Chiquet, “Giovanni Antonio Massani et les vendeurs ambulants d'Annibal Carrache”, ArtItalies, 26, 2020, p. 93-103. Silvia Ginzburg Carignani, Annibale Carracci a Roma : gli affreschi di Palazzo Farnese, Roma, 2000. Silvia Ginzburg Carignani, “Giovanni Battista Agucchi e la sua cerchia”, in O. Bonfait (dir.) Poussin et Rome, Paris, 1996, p. 273-291. Olivier Bonfait, “De Paleotti à Agucchi : théorie et pratique de la peinture dans les milieux ecclésiastiques à Rome du Caravage à Poussin”, in M. Hochmann (dir.), Roma 1630, Milano, 1994, p. 83-96.",,"Transcription, Structuration",,,"Correction, Balisage",,Indexation,,,,,,Niveau 3,,front (titlePage) + body (lettre + p. 23 à 104 = figure)
Pader,Hilaire,https://isni.oclc.org/cbs/DB=1.2/CMD?ACT=SRCH&IKT=8006&TRM=ISN%3A0000000122591313&TERMS_OF_USE_AGREED=Y&terms_of_use_agree=send,https://data.bnf.fr/fr/ark:/12148/cb12629498q,La peinture parlante,Toulouse,Arnaud Colomiez,1653,https://catalogue.bnf.fr/ark:/12148/cb310486316,Bibliothèque nationale de France,France,Paris,https://gallica.bnf.fr/ark:/12148/bpt6k6570462t/f5.item,"Gallica, Bibliothèque nationale de France",,,"Stéphanie Trouvé, ""Lomazzo and France. Hilaire Pader’s translation : theoretical and artistic issues"", Lexicographie artistique, dir. Michèle-Caroline Heck avec la collaboration de Marianne Freyssinet et de Stéphanie Trouvé, Montpellier, LexArt - PUM, 2018, coll. Arts. Série Théorie des arts, 2018, p. 103-112; S. Trouvé, Peinture et discours. La construction de l’école de Toulouse, XVIIe-XVIIIe siècles, Rennes, PUR, 2016, coll. Art & société",,,"Correction, Balisage, Indexation","Transcription, Structuration","Correction, Balisage",,,,,,,,NIveau 3,"dialogue en le Fils et le Pere en vers. tout en italique par défaut, donc hi  rend it = écrit normal (droit) / lien avec les mots dans le lexique balise g",front (titlePage + preface + lexique + avis +poeme + lettre + privilege + eloge) + body (L1 + lettre)