ID,Noms
SaintRemyDeProvence,Saint Remi
SaintEtienneVille,Saint Etienne
SaintQuentinVille,"Saint Quentin,San Quintino"
BassanoDelGrappa,Bassan
SantAngeloInVado,"Saint-Ange in Vado,Agnolo in Vado"
CittaDiCastello,"Ville de Castello,Città di Castello"
Constantinople,Constantinople
PordenoneVille,"Pordenone,Pordenon"
ValleDiBlenio,Laval de Bregno
Fontainebleau,"Fontaine-bleau,Fontainebleau,Fonteinebleau,Fontanableo"
Grottaferrata,Grotta Ferrata
AixLaChapelle,"Aix la Chapelle,Aix-la-Chapelle"
NeubourgDuche,Neubourg
GambassiTerme,Cambassi
MonteCavallo,Monte cavallo
EmpireOrient,Empire d’Orient
ThebesEgypte,Tebes
CastelFranco,Castel Franco
FrancheComte,Franche Comté
Ripatransone,Ripa Transone
PortoErcole,Porto Hercolé
Schaffhouse,Schaffouse
Montpellier,Montpellier
Portovenere,Porto-Venere
Versailles,Versailles
Mauritanie,Mauritanie
Angleterre,"Grande Brétagne,Inghilterra,Angleterrre,Angleterre"
Strasbourg,Strasbourg
Pessinonte,Pessinonte
Alexandrie,"Alessandria,Alexandrie"
Samothrace,Samotrace
Beauregard,Beauregar
Caravaggio,"Bourg de Caravage,Caravage"
Settignano,Settiniano
Flessingue,Flessingue
Westphalie,Westphalie
Ingolstadt,Ingolstad
Wurtzbourg,wirtbourg
Heidelberg,Heydelberg
Copenhague,Compenhague
Oudenaarde,OUDENARDE
Monferrato,MONFERRATO
Allemagne,"Allemange,Allemagne,Alemagne,Alemagna,Germania"
Lombardie,"Lombardia,Lomdardie,Lombardie"
Plaisance,Plaisance
Nuremberg,Nuremberg
Languedoc,Languedoc
Marseille,Marseille
Albigeois,"l'isle d'Albigeois,Alby"
Valduggia,Valdugia
Jerusalem,"Ierusalemme,Jerusalem"
Metaponte,Metaponte
MontLiban,Mont Liban
Pouzzoles,Pouzzole
Augsbourg,"Augustanus,Ausbourg"
Bruxelles,"Brusselles,Brusseles,Bruxelles"
Amsterdam,"Amstelaedami,Amsterodami,AMSTERDAM,Amsterdam"
Macedoine,"Macedonia,Macedoine,Macédoine"
Belvedere,"Belvédére,Belvedere"
Thessalie,Thesalie
Caprarola,Caprarole
Correggio,"Corrége,Coregio"
Heemskerk,Hemskerc
Meulebeke,Meulebrac
Francfort,"Francofort,Francfort"
Gorinchem,Gorcum
Steenwijk,STENVIK
BoisLeDuc,Bosleduc
Dordrecht,Dort
Normandie,Normandie
Champagne,Champagne
Cappadoce,Cappadoce
Flandres,"Florentiam,Flandres,Flandre,Fiandra"
Touraine,Touraine
Florence,"Fiorenza.,Florentia,Fiorenza,Florence,Firenze,FIRENZE"
Antioche,Antioche
Toulouse,"Toulouse,Tolosas,Tolose"
Marathon,Marathon
Babylone,"Babilonia,Babilone,Babylone"
Carthage,Cartage
Alabanda,Alabande
Corinthe,"Corinthe,Corinte,Corinto"
Amerique,"Amerique,America"
Capitole,"Campidoglio,Capitole"
Pyrenees,Pirenées
Euphrate,"Euphrate,Eufrate"
Vercelli,Vercelli
Hollande,Hollande
Dalmatie,Dalmatie
Phenicie,Fenicie
Artaxata,Artaxata
Leuctres,Leuctre
Mantinee,Mantinée
Lanuvium,Lanuvium
Provence,Provence
Syracuse,Siracuse
Barbarie,Barbarie
Preneste,Preneste
Bordeaux,Bordeaux
Valsolda,Valsada
Livourne,Livourne
Narbonne,Narbonne
Jourdain,Jourdain
Heraclee,Héraclée
Volterra,Volterre
Maubeuge,Mabuse
Portugal,Portugal
Courtrai,Courtray
Frascati,Frescati
Danemark,"Dannemark,Danemark"
Deventer,Deventer
Lisbonne,Lisbonne
Picardie,Picardie
Skerries,Skerie
Lallaing,Lalain
Autriche,Autriche
Valdarno,Val d’Arno
Fabriano,Fabriano
Bologne,"Boulogne,Bologna,Bologne"
Perugia,"Pérouse,Perouse,Pérouse,Peruge,Peruze"
Palerme,Palerme
Vatican,"Vaticano,Vatican"
Toscane,"Toscanne,Toscane,Toscana"
Navarre,Navarre
Athenes,"d'Athènes,Athénes,Athénes,Athènes,Athenes,Atenes,Athene,Atene"
Lucques,Luques
Sicyone,"Sicionne,Scicione,Sicyone,Sicione"
Delphes,"Delphes,Delfes"
Platees,Platées
Ravenna,"Ravenne,Ravenna"
Avignon,"Avignon"
Mantoue,"Mantova,Mantouë,MANTOVA,Mantoue"
Espagne,"Espagne,Spagna"
Memphis,Memphis
Cortone,"Cortonne,Cortone"
Cologne,Cologne
Urbania,Castel Durante
Afrique,"Afrique,Africa"
Cremone,"Cremona,Cremone"
Piemont,PIED-MONT
Galilee,Galilée
Mexique,Roiaume de Mexique
Assyrie,Assirie
Lucanie,Lucanie
Calabre,Calabre
Samarie,Samarie
Tripoli,Tripoli
Tarente,Tarante
Cesaree,"Cesaree,Cesarée"
Byzance,"Bizance,Bisance"
Mycenes,Missene
Romagne,Romagne
Pistoia,Pistoie
Bergame,Bergame
PaysBas,"Païs-Bas.,Païs-Bas,Païs bas,Païs-bas,Paï-bas"
Messine,Messine
Ferrare,"Ferrare"
Trevise,"Trevisan,Trevise"
Brescia,Bresce
Vicence,"Vicénce,Vicenze,Vicence"
Orvieto,"Orviette,Orvieto,Orviete"
Utrecht,"Utreck,UTRECK,Utrek,Utrec"
Hongrie,Hongrie
Brabant,Brabant
Bolsena,Bolséne
Fiesole,Fiésole
Spolete,Spoléte
Malines,Malines
Valence,Valence
Maaseik,Masseyk
Zelande,Zélande
Alkmaar,Alcmar
Schoorl,Schorel
Londres,"Londres,Londra,Londre"
Haarlem,"HARLEM,Harlem"
Bruegel,Brugle
Pologne,Pologne
Gueldre,Gueldres
Orleans,Orleans
Andelys,Andely
Windsor,"Chasteau de Windesor,Windesor"
Baviere,Baviere
Italie,"Italia,Italie"
France,"Francia,France"
Venise,"Serenissima Republica,Republique de Venise,Etat Venitien,Venetiis,Venetus,Vinegia,Vénise,Venetia,Venezia,Vénise,Venize,Venise"
Urbino,"Territoire d’Urbin,Duché d’Urbain,Duché d’Urbin,Urbino,Urbain,Urbin"
Sienne,"Sienne,Siénne,Siene,Siena"
Naples,"Napoli,Naples,Naple"
Verone,"Veronne,Verone,Verona,Vérone"
Sicile,"Sicille,Siciles,Sicilia,Sicile"
Maiano,Maiano
Europe,"Europe"
Egypte,"Egipte,Egitto,Egypte"
Frioul,"Frioul,Friul"
Assise,Assise
Lombez,Lombés
Thebes,"Thebes,Thébes,Tebes"
Thasos,Thase
Rhodes,"Rhodes,Rodes"
Bruges,Bruges
Anvers,"Anversa,ANVERS,Anvers"
Berlin,Berlin
Ancyre,Ancyre
Israel,"Israel,Israël"
Ephese,"Ephese,Ephése,Efese,Efeso"
Novare,Novara
Padoue,"Padoue,Padova,Padouë,"
Achaie,Achaïe
Tivoli,Tivoli
Ninive,Ninive
Candie,Candie
Cotton,Cotton
Cadmee,Cadmée
Lindos,Lindus
Lemnos,Lemnos
Catane,Catane
Orange,Orange
Ancone,Ancone
Arabie,Arabie
Chypre,Cipre
Modene,"Modene,Modéne"
Rimini,Rimini
Bresso,Bresse
Alsace,Alsace
Arezzo,"Arrezze,Arezze,Arreze,Arezzo"
Pesaro,"Pesaro,Pisaro"
Loreto,Lorette
Meudon,Meudon
Venloo,Venlo
Monaco,Monaco
Savoie,Savoye
Tamise,Tamise
Caunos,Caune
Cadore,Cador
Munich,"Munic,Munik"
Kalkar,Calcar
Suisse,Suisse
Vienne,Vienne
Prague,Prague
Madrid,Madrid
LaHaye,la Haye
Arnhem,Arnhem
Amiens,Amiens
Poitou,Poitou
Troyes,Troyes
Sceaux,Sceaux
Corfou,"Corcyre,CORCIRE,Corcire"
Ogygie,Ogige
Ecosse,Escosse
Loches,Loces
Faenza,Faenza
Torino,TORINO
Parme,"Parmes,Parma,Parme"
Paris,"Parigi,PARIS,Paris"
Alpes,Alpes
Genes,"Genova,Gennes,Génnes,Génes,Génes,Genne,Genes"
Grece,"Grecia,Gréce,Grèce,Grece"
Troie,"Troïe,Troie,Troye,Troia"
Tibre,"le Tibre,Tibre,Tebro"
Chine,Chine
Lydie,Lidie
Carie,Carie
Ardea,Ardée
Milan,"republica Milanese,Milano,MILANO,Milan"
Loire,Loire
Basel,Basle
Mainz,Mayance
Liege,"Liége,Liege,Liége"
Malte,"Malthe,Malte,Malta"
Elide,Elide
Syrie,Sirie
Argos,"Argos,Argo"
Cnide,"Gnide,Gnido"
Indes,Indes
Perou,Perou
Pavie,"Pavia,Pavie"
Perse,Perse
Crete,Crete
Birsa,Birsa
Judee,Judée
Nimes,Nismes
Cumes,Cumes
Baies,Baie
Damas,Damas
Libye,Libie
Gaete,Gaëte
Monza,Monza
Autun,Autun
Tours,Tours
Udine,"Udiné,Udine"
Blois,Blois
Arles,Arles
Tunis,Tunis
Melun,Melun
Cento,Cento
Meuse,la Meuse
Leyde,Leyde
Alost,Alost
Breda,Breda
Gouda,Goude
Berne,Berne
Delft,Delft
Suede,Suéde
Cadix,Cadis
Vinci,Vinci
Turin,Torino
Lazio,Lazio
Rome,"Rome,Vile,ROMA,Roma"
Asie,"Asia,Asie"
Lyon,"Lyon,Lion"
Come,Como
Cana,Cana
Pula,Pola
Adee,Adée
Pise,"Pisa,Pise"
Rhin,"Rhin,Rein"
Tage,Tage
Tarn,Tarn
Mons,Mons
Sens,Sens
Brie,Brie
Arno,Arno
Nil,"Nilo,Nil"
Tyr,Tir
Kos,"Ille de Co,Côos"
Po,Po
